-- MySQL dump 10.13  Distrib 8.0.29, for Win64 (x86_64)
--
-- Host: localhost    Database: store
-- ------------------------------------------------------
-- Server version	8.0.29

/*!40101 SET @OLD_CHARACTER_SET_CLIENT=@@CHARACTER_SET_CLIENT */;
/*!40101 SET @OLD_CHARACTER_SET_RESULTS=@@CHARACTER_SET_RESULTS */;
/*!40101 SET @OLD_COLLATION_CONNECTION=@@COLLATION_CONNECTION */;
/*!50503 SET NAMES utf8 */;
/*!40103 SET @OLD_TIME_ZONE=@@TIME_ZONE */;
/*!40103 SET TIME_ZONE='+00:00' */;
/*!40014 SET @OLD_UNIQUE_CHECKS=@@UNIQUE_CHECKS, UNIQUE_CHECKS=0 */;
/*!40014 SET @OLD_FOREIGN_KEY_CHECKS=@@FOREIGN_KEY_CHECKS, FOREIGN_KEY_CHECKS=0 */;
/*!40101 SET @OLD_SQL_MODE=@@SQL_MODE, SQL_MODE='NO_AUTO_VALUE_ON_ZERO' */;
/*!40111 SET @OLD_SQL_NOTES=@@SQL_NOTES, SQL_NOTES=0 */;

--
-- Table structure for table `bags`
--

DROP TABLE IF EXISTS `bags`;
/*!40101 SET @saved_cs_client     = @@character_set_client */;
/*!50503 SET character_set_client = utf8mb4 */;
CREATE TABLE `bags` (
  `bag_item_id` int NOT NULL AUTO_INCREMENT,
  `item_id` int NOT NULL,
  `user_id` int NOT NULL,
  `item_size` int NOT NULL,
  `item_quantity` int NOT NULL,
  PRIMARY KEY (`bag_item_id`),
  KEY `item_id` (`item_id`),
  CONSTRAINT `bags_ibfk_1` FOREIGN KEY (`item_id`) REFERENCES `items` (`item_id`) ON DELETE CASCADE
) ENGINE=InnoDB AUTO_INCREMENT=12 DEFAULT CHARSET=utf8mb4 COLLATE=utf8mb4_0900_ai_ci;
/*!40101 SET character_set_client = @saved_cs_client */;

--
-- Dumping data for table `bags`
--

LOCK TABLES `bags` WRITE;
/*!40000 ALTER TABLE `bags` DISABLE KEYS */;
/*!40000 ALTER TABLE `bags` ENABLE KEYS */;
UNLOCK TABLES;

--
-- Table structure for table `boys_category`
--

DROP TABLE IF EXISTS `boys_category`;
/*!40101 SET @saved_cs_client     = @@character_set_client */;
/*!50503 SET character_set_client = utf8mb4 */;
CREATE TABLE `boys_category` (
  `category_id` int NOT NULL,
  `category_description` varchar(50) CHARACTER SET utf8mb3 COLLATE utf8_general_ci NOT NULL
) ENGINE=InnoDB DEFAULT CHARSET=utf8mb4 COLLATE=utf8mb4_0900_ai_ci;
/*!40101 SET character_set_client = @saved_cs_client */;

--
-- Dumping data for table `boys_category`
--

LOCK TABLES `boys_category` WRITE;
/*!40000 ALTER TABLE `boys_category` DISABLE KEYS */;
INSERT INTO `boys_category` VALUES (1,'shirts'),(2,'shoes'),(3,'pants');
/*!40000 ALTER TABLE `boys_category` ENABLE KEYS */;
UNLOCK TABLES;

--
-- Table structure for table `category`
--

DROP TABLE IF EXISTS `category`;
/*!40101 SET @saved_cs_client     = @@character_set_client */;
/*!50503 SET character_set_client = utf8mb4 */;
CREATE TABLE `category` (
  `category_id` int NOT NULL AUTO_INCREMENT,
  `category_description` varchar(30) CHARACTER SET utf8mb3 COLLATE utf8_general_ci NOT NULL,
  PRIMARY KEY (`category_id`)
) ENGINE=InnoDB AUTO_INCREMENT=6 DEFAULT CHARSET=utf8mb4 COLLATE=utf8mb4_0900_ai_ci;
/*!40101 SET character_set_client = @saved_cs_client */;

--
-- Dumping data for table `category`
--

LOCK TABLES `category` WRITE;
/*!40000 ALTER TABLE `category` DISABLE KEYS */;
INSERT INTO `category` VALUES (1,'shirts'),(2,'shoes'),(3,'pants'),(4,'skirts'),(5,'dresses');
/*!40000 ALTER TABLE `category` ENABLE KEYS */;
UNLOCK TABLES;

--
-- Table structure for table `classification`
--

DROP TABLE IF EXISTS `classification`;
/*!40101 SET @saved_cs_client     = @@character_set_client */;
/*!50503 SET character_set_client = utf8mb4 */;
CREATE TABLE `classification` (
  `classification_id` int NOT NULL,
  `classification_description` varchar(30) CHARACTER SET utf8mb3 COLLATE utf8_general_ci DEFAULT NULL,
  PRIMARY KEY (`classification_id`)
) ENGINE=InnoDB DEFAULT CHARSET=utf8mb4 COLLATE=utf8mb4_0900_ai_ci;
/*!40101 SET character_set_client = @saved_cs_client */;

--
-- Dumping data for table `classification`
--

LOCK TABLES `classification` WRITE;
/*!40000 ALTER TABLE `classification` DISABLE KEYS */;
INSERT INTO `classification` VALUES (1,'boys'),(2,'girls');
/*!40000 ALTER TABLE `classification` ENABLE KEYS */;
UNLOCK TABLES;

--
-- Table structure for table `colors`
--

DROP TABLE IF EXISTS `colors`;
/*!40101 SET @saved_cs_client     = @@character_set_client */;
/*!50503 SET character_set_client = utf8mb4 */;
CREATE TABLE `colors` (
  `color_id` int NOT NULL AUTO_INCREMENT,
  `color_description` varchar(40) NOT NULL,
  PRIMARY KEY (`color_id`)
) ENGINE=InnoDB AUTO_INCREMENT=12 DEFAULT CHARSET=utf8mb4 COLLATE=utf8mb4_0900_ai_ci;
/*!40101 SET character_set_client = @saved_cs_client */;

--
-- Dumping data for table `colors`
--

LOCK TABLES `colors` WRITE;
/*!40000 ALTER TABLE `colors` DISABLE KEYS */;
INSERT INTO `colors` VALUES (1,'pink'),(2,'blue'),(3,'black'),(4,'yellow'),(5,'red'),(6,'purple'),(7,'brown'),(8,'gray'),(9,'green'),(10,'white'),(11,'pink');
/*!40000 ALTER TABLE `colors` ENABLE KEYS */;
UNLOCK TABLES;

--
-- Table structure for table `girls_category`
--

DROP TABLE IF EXISTS `girls_category`;
/*!40101 SET @saved_cs_client     = @@character_set_client */;
/*!50503 SET character_set_client = utf8mb4 */;
CREATE TABLE `girls_category` (
  `category_id` int NOT NULL,
  `category_description` varchar(50) CHARACTER SET utf8mb3 COLLATE utf8_general_ci NOT NULL
) ENGINE=InnoDB DEFAULT CHARSET=utf8mb4 COLLATE=utf8mb4_0900_ai_ci;
/*!40101 SET character_set_client = @saved_cs_client */;

--
-- Dumping data for table `girls_category`
--

LOCK TABLES `girls_category` WRITE;
/*!40000 ALTER TABLE `girls_category` DISABLE KEYS */;
INSERT INTO `girls_category` VALUES (1,'shirts'),(2,'shoes'),(4,'skirts'),(5,'dresses');
/*!40000 ALTER TABLE `girls_category` ENABLE KEYS */;
UNLOCK TABLES;

--
-- Table structure for table `items`
--

DROP TABLE IF EXISTS `items`;
/*!40101 SET @saved_cs_client     = @@character_set_client */;
/*!50503 SET character_set_client = utf8mb4 */;
CREATE TABLE `items` (
  `item_id` int NOT NULL AUTO_INCREMENT,
  `item_classification` int NOT NULL,
  `item_category` int NOT NULL,
  `item_description` varchar(30) CHARACTER SET utf8mb3 COLLATE utf8_general_ci NOT NULL,
  `item_price` float NOT NULL,
  `item_url` longtext CHARACTER SET utf8mb3 COLLATE utf8_general_ci,
  `item_color` varchar(40) DEFAULT NULL,
  PRIMARY KEY (`item_id`),
  KEY `item_classification` (`item_classification`),
  KEY `item_category` (`item_category`),
  CONSTRAINT `items_ibfk_1` FOREIGN KEY (`item_classification`) REFERENCES `classification` (`classification_id`),
  CONSTRAINT `items_ibfk_2` FOREIGN KEY (`item_category`) REFERENCES `category` (`category_id`)
) ENGINE=InnoDB AUTO_INCREMENT=52 DEFAULT CHARSET=utf8mb4 COLLATE=utf8mb4_0900_ai_ci;
/*!40101 SET character_set_client = @saved_cs_client */;

--
-- Dumping data for table `items`
--

LOCK TABLES `items` WRITE;
/*!40000 ALTER TABLE `items` DISABLE KEYS */;
INSERT INTO `items` VALUES (18,1,1,'boys elegant shirt',30,'data:image/jpeg;base64,/9j/4AAQSkZJRgABAQAAAQABAAD/2wCEAAcHBwcIBwgJCQgMDAsMDBEQDg4QERoSFBIUEhonGB0YGB0YJyMqIiAiKiM+MSsrMT5IPDk8SFdOTldtaG2Pj8ABBwcHBwgHCAkJCAwMCwwMERAODhARGhIUEhQSGicYHRgYHRgnIyoiICIqIz4xKysxPkg8OTxIV05OV21obY+PwP/CABEIAVAA4AMBIgACEQEDEQH/xAAyAAEAAgMBAQEAAAAAAAAAAAAAAQMCBAUGBwgBAQEBAQEAAAAAAAAAAAAAAAABAwIE/9oADAMBAAIQAxAAAAD9DAAAAAAAAAAAAAAAAAAAAAAAAAAAAAAAAAAAAAAAAAAAAAAAAAAAAAAAAAAAAAI87J6N5/Hjj0TyfGc/RXJ63eoWgAAAAAAEUF+HJ5HGXR8nvTlhq2xnOeb6LT6Um70+DPe3pp8119Nd5jl3oAAAAAiOVJb5VVl5etnRtcTXzxyTm8vv6c51etqX272z5zvOs9Lf453+lwel3p0Vdm24KAAxniyZ+bpnLyyjPnPoZ14Lsxrbca2pu0mlfdXZp7utTHq+Jr9S9W7Wlet3T8/fe/RNTb29AWgcnzfrfL54akZ08ee/KvI38sLZcM88patTe5ab+FFJbTOfTXnLXk7W7xOi6yidFd3vcT0em2Q02Aq4XotI8nqd7k8eXTv4/fywnLM6xvqsJ17cYLalgWU6+xJp57HAnPq8sfS9722m3qAARI1OZ3tOvMxs6uXlZGeSLKzOqay7BCpmDAwS/DL0nWs9CJ29IKAAA1drVOBrbWrn5kxOeMsYMqrMC6kXLGYSqrYgep8p6vvbfGvpAAAAau1rHA09zSz8qJZ5Y2ZCab9M3Kc4XBMEYTJj6ry/pu9ukNfQAAAAovqPOc7p83Py55ss8pmLFx0ejrxTZZVTGcSIkY+o8z6bvbpjX0AAAAK7Kzgc/oaGXmzmHGWU4ZQpvqIxsrMcM8axjKJa/UeZ9Jpp15idfSAAAAqtrPP87scTjHZiicsLMNShOjhqRJ051sXV0a9ZfloRJu+m43ptfRsya7AAAAAafM79Z5rT9Zi5+f8AP+n1Z4/MrvoNh4Gr6TlHzSfpcW/P/T9m7vWnaTegAAAAAAAESISAAAAAAAAAAAAAAAAAAAAAAAAAAAAAAAAAAAAAAAAAAAAAAAAAP//EADsQAQACAgAEBAMDCQcFAAAAAAEAAgMRBBIhMQVBUXEwYYETIrEQFCAzNECRocEjJDJCUnByBiVi0eH/2gAIAQEAAT8A/wB7t/vCzxfxW/D5sWHC9TrdO4eRMHimSxTqW32df+o+M5VsFKdKc0yeN8RVDdKtqqbr5+nVnG+L+M3zmDh81zIvQqAa9d66E8Ic5w1acRnc2U6t0D6HyP3RZa9aiqATj/GeH4aii2ewVN7Zjv8AnDfLZ5m+1X1nC5r8PkU6g9R7M4i9seSuWmO16XGqnlvyfnLtuOsY6Yr113vY0BOHwYsNQobX/FZ72nDZOS296SfneAsUtbls9h/owRNifuCzNxOLCbvYN9jusv4hfJVcRy18l6rM9817re7cSZeEM+MpkUC2xO8OCriocjoO5HHZW1attd9ek4e+W9HFgKWs3083Y6cye84Ypds4ktWtrUQ/yWHqalAK8ygBMN+a7zVaibP/ALM2PJmVqdjQ9pw2fiKX1beg7DuYeLLPLbpb+EretvirON4+nDVQ1a6dD+rL8RfJkM11bb17Hp7TC1cSnVHrNWZfXrKkz0vjyt8a1NOwnC5sOC+fDZTWXmDSu07nuS18zmOI4ZtS/KluYAuHXSH8mX4y2a+By4wrfH96p5J5zhrURB2b6TLzgNWVN13rv3lMi5vuu61GYci2Us9PJmPIXPRO58NZx3iFcA0rpunQ9Pmy93ItrKq7VlzofNnCC0yfRiupaqnQlWWOawMw1xtnmqGShyqnVB6TK1ruwdjX1lWmSzcOnJrUx5LYcx1db1C17Yy1XZ5krbmo+upwbvLmHZsnC3ea21QOmzSeeoOrCSlyxp6PwV0TjvEDFvHRG739CW3eyqq9VYiMt2nBoVX1D8JfLu2iFyEyvKj85bmOOz16HNWiL03uZixYpb/V1lFrXczjzbCcBx5j+5ftvpGtLUb49IkomPisvkIswWG1kZ9slTpK8Xp3qYOIpkA2Fv010TjvEORcWFG/m+ny95a9tqvuw29Ri2NDLBaikwnLjYjBRlSZ6bqh6T7HHncV7i7x6dOndHpOKxH2mPlNGoY71ETo9oOzVjqMycPbTarOB8Qvw1uW+2vmTNjx504jh3/kDqcMdbvq+/l6yx0mtPaCVqWqswcSZArZ+9+l4rxGbFhPszW3Tb0JSZTTvuMqU7izQkxgdF7sBA6xNmpyfKVdEt1TpOFyaveib5bP8FmbIiIGgleIqgJM1Kti9TzBB7k5b0tcB1uWxVv1SYcbhuNcjR/iPvDOUvTfUufT6TYm5kNblbV5UWVvYBNmu04TNbNi3Yejrfr+jxNRqibE0jM2L7OyHZZc3A5WFpiW13T2JTJs0wyBDJRm6b+kQdIwonF5wQStX6QDJX/EkuWAe6Mb3emujEt326e5Lb9Za969mYb0vgaqVavMA9Pn0mDLzUPaZWpRtrYRyasJOEwWz3NKUO7/AEla1rUrUADQH6OWmxnE4eqJMmNrsfoyy9JkyFaWV0Bt+QTgi1cY36WTad9fKOxi2CVX1g7IZE7MyF/zsyUdLjq7TZsXvLLe23e/Xt5QrrovlNQdCMeXcvjLblMPLYfXY+zOA4lRqu2qj7jKF2rvz7EwcJbLcqdu6zDhpioUqaD9JJnw8w9Jmw9xJnwXqKCn8yZ7XzZ8GGu0tkq5P+I7ZU5bO+yzQkCHLAiSj986dqp/MlwtVDogMFTcGMTfYgdyc9qeT3mDN9h4lxdE6fbW17PWcPa+SxShzL/I9Zw3D1w0A6r1X1fgIJMuGtjtMvDosz4ceOtr1oFnuh1Z0sD8oE1LGyVdOp0dkroz2H/QMb1LmjuTfebgxEgs6WAdkPA8fFZb5VTmR5jo9DU4LgcXCYylBfVXaw+Cm5nDlZxZ/Z2gIHtCMNSx12QGVty8TZRTkrsPM2y5SzqqiOw/Ej1BnLqMswQdLK3psnAG8FX3gfDz9mcX+rtA15zen8gxPyV6Z3b/AJD8WW5EfU6kTcHoR6sTa9JaqdZiTp1JwH7NT6/Ez9mcX+qtN71NTsToPRjtIDA3nt0f8FfxZc1YR7dz8m4sdDNnWAFhqTgP2bH7P4/Ez9mcX+rfeJrUs2gqTTAiTBceIyFlArUX0NvWKPTuO9P4RJ1IsTZsnWDpBnh/7Li9ofDz9mcb0xW9ybdEGA+kCKAw6kxX5ONy6DrUlrrY2DLe0Y9SDojpnJvznhzvhcf1h8PMdGccaxW9yVYECBA3CupbF/erPrQZaukQRJvYM7moRCJN2E6Tw39lx/X8WHw8psnHn9lb3JQWBNQIEZ0/OE/8Nn8Y6LBcRfqTTVSM3tnf8ghueGv91xfX8WHw8naccDR/5ECBEhBnMywWzHMa+77eZMtbpuqOpztjqdT8jCbeuidd9WeFu+Fx+7D4eTtOPdYrvzPxlHYMH8gw1NEU+1rs391/ElursESKK9NLE7kTUTZsm/kMuOthPCv2Wnuw+Hl7Tj/1V/oylw0flUI5Adbhljk/t6h/os/zJW1d/eGXqPWrB3s849SFmttMsWOoMHL3K+88MP7rRfNWHw7m6zisfPWwmx6Mvw1qP3Vlclw1aN6+svmB7xz1hmE6ExZOfibJ2rQP4sbPlafb2r0lsrbqDG+QdpMnGYKdLZaHyU3MXim3lw475fIA0fxZwvCcbxGnNkrhq/5aG36rMGGmLHWlTQGj4iTNh3MmB9JbBvuTL4fWw8rai+dXUzeGeIUVpl5z+DMmHxDHveG8pbxXXTh7PvVmC3ieG+SxwTZvrex10luN8WRDw/8AGf8Afcj04bl9qP8AWHh/juR6twfYl/AeOymrr7ttzgv+l8WF5slm7v2Jw3h2PGBWgBMWPR2gaPistjq+UeHq+U/N6+keHqy3C1exHhCV4QPKV4ep5Qw19J9iekcJ6Qwh5SuMIAfueiaJomv90v/EACIRAAEEAgIDAAMAAAAAAAAAAAEAAhEgAzETIRAwUEJSYv/aAAgBAgEBPwD7pMCVyMRysQMifUXgaTnEotlAQg4jSDwbkwnOm7XQgZoTCJJtHkOIQM+Xg7vPUUYDujmx2PQU1s2ybuzs93ybuzd8m7493ybuzd8m7Smbu9pPYUeDRjSOz6DB2jiB/JcQ/ZcX9LiCDQ3X3f/EACYRAAEDBAECBwEAAAAAAAAAAAEAAhEDICExEBIyBBMUMEFQUlH/2gAIAQMBAT8A+9c4NEleaxOrsCaZE+0aoGk95cVvCaITXlowm1AbyQBJT3lyGuCEP4gUSmPhAzY5waJKc/qPHxwUFMZCmchApryEDIkc1mndpU8goqkDuypSIyE3Jm8mC1MZ1GTdV3fTaHGCgIwLq276O76276O763fybKO763fdCo999VhJkI42pU89Q0qTSMn2C0HaPh2/Dl6cfpeQP0vTs+U1jGdrfvf/2Q==','9'),(21,1,1,'boys shirt',28,'data:image/jpeg;base64,/9j/2wBDAAYEBQYFBAYGBQYHBwYIChAKCgkJChQODwwQFxQYGBcUFhYaHSUfGhsjHBYWICwgIyYnKSopGR8tMC0oMCUoKSj/2wBDAQcHBwoIChMKChMoGhYaKCgoKCgoKCgoKCgoKCgoKCgoKCgoKCgoKCgoKCgoKCgoKCgoKCgoKCgoKCgoKCgoKCj/wAARCAFQAOADASIAAhEBAxEB/8QAHAABAAIDAQEBAAAAAAAAAAAAAAIDAQQFBgcI/8QAPRAAAgECBAQDBgUCBAYDAAAAAAECAxEEBRIhBjFBUSJhcQcTMlKBsRQjkaHBQmIzctHhCBUlNJLwQ4Ki/8QAGQEBAQEBAQEAAAAAAAAAAAAAAAECBAMF/8QAIxEBAQACAQQCAgMAAAAAAAAAAAECEQMEEiExE0FRYRQiMv/aAAwDAQACEQMRAD8A/TgAAAAAAAAAAAAAAAAAAAAAAAAAAAAAAAAAAAAAAAAAAAAAAAAAAAAAAAAAAAAAAAAAAAAAAAAAAAAAAAAAAAAAAAAAAAAAAAAAAAAAAAAAAAAAAAAAAAAAAAAAAAAAAAAAAAAAAAAAAAAAAAAAAAAAAAAAAAAAAYuBkxc1sfjsLl+FnicfiaOGw8fiq1pqEV9WfLOLfbjkOWRnSySlVzbELbWr06Kf+Zq8vovqbw48s/8AMZyzmPuvrl9w3Z2ez8z8kcVe13inP8F7j8RSwGGq3UqeDi4Sa+Vzu5W59Ucvhf2l8TcJ1HRwWOdfA31LD4r82Fnvtd3j9Ge/8TPW9vL+RjvT9l3M3PgeUf8AEJQcYxzjIqsZ9Z4Ssmv/ABmv5PRUfbxwlON6lLNqT7PDxl9pHneDkn03OXC/b61cxc+U1PbtwhFeGGbTfZYVL7yOBnP/ABDZdRpS/wCVZHi61Rcniasacf0jdknByX6Plw/L7qrvluLn4j4p9qvE3GucUaGJxbwmXwnr/C4VunTst/FveX1Z63h32tcU5TTjT/HRxmGoL/DxdP3jaty1/Fb6nrj0uWU3KxlzzG6r9X3MnyPhf235HmMY086w9bLK9lea/NpX9V4l9Uz6blOa4DN8Oq+V4zD4yj81Cop29bcvqeGfHlh/qPXHPHL1W+DCZkw0AAAAAAAAAAAAAAZhs89xrxblfB+USx+b1tKd40aMN6laXyxX3fJdSyW3US3XmuxmOOw2XYKti8fXpYfC0Y6qlWrJRjFebPgfHPtyxk69bDcH0aFPDR2WNxNNynLzjB7Jdr3fkj5v7QOPc140x3vMdNUcDTlehhKcnop+b+aX9z+ljyDq2b1StF8z6PD0uOM3m5OTnt8Yupnef5lnWJeIzrMMTj699nWldR/yrkvocis6k7eN2fmJ1oWsm15LmQUJSvLS0u7dv3OncniPHV90pTbc6Ti1azRbp97FKMtE1yfNJ9b+Rj3btFJJRS5snSi3JOzS6yta4iVQ51KFTRUUHJK9lt+hbKraVpQt9jblSU4pNa4re9r2LI13CMY+HRFWSsl+/Mtx16Jd+2g68XG+hK3Nazm4vGOpUdKKSuttK1Ns7U4xnObeq7X9L5ChhlFydGjGLlu2la/1M3HLKa9LMpjduVlmAnhVOdd3qz22/pj29TryqOjh3BySc+av0JOMYc3F1F57IqlTUlf4u7vZG8ce2axZt7ruq6Li7/mXl5JG7gMwx2XYlV8DiquGrRe06VRwl+qK1GUKe2yXbl9iFpSp7O/orF141Tfnb7Z7OfbLmGHqLDcXS/F4N7RxVOC99Tf9yXxL9/U+/Zbj8LmeCpYzAYiniMNVV4VKcrp/+9j8NQi6ODjNfHLxLe57H2fccZjwtj41cFU14eq177Czf5dZLr/bL+5fuc3L0czm8PFe2HU3G6y9P1+gcThTiPL+J8op4/LKjlB+GpTltOlPrGS7/fmjtpny7LjdV2yyzcAARQAAAAAMNhs8H7UfaJgeCMvUUo4nOK8b4fC32S+efaP7vku61jjcrqJbMZut72icdZbwTlXv8Y/fY2qn+GwkZWlVfd9orrL6K7PyRxXxJmXFec1Mxzeu6tafhhBK0KUfkguiX782aufZ1j8+zavmOa4mWIxdZ3lJ8rdIpckl0SNGG95JXjzfc+pwcE45+3Dyclzv6YnNwklFX259iiqtUpRXita9/UtryShKd/F0sRwkbU3KXxSkr/qe1/Dz/axxcZvZL0LHKKtpjeXLZF1nKSs1v5k5KnGSUt32QEI0XN3ct/1sSlHS0ktXS7dzZULpKSt1sVzotprSrdNzWtJtTJQT2acn0TJtuEP8Nbc9Ui+MHFWe757uxryjKdRtx0ry5BPa6N2r6Utr25IsWufKyXkyMYeGNnL6xJwdnyk7edjcn2zWniIqVSz38lcnTpKMfGpJdjZdVKTTsv8A7cyLmpqylt5IhtCcouOmF+272NOKkpaXrcm+2xte5c5vwb+Zq1Lxr+JR036MmSxfjISoRo3d17tJ2+32MKSTjbZw29GbeIpxlRpyatFJaVzsaGISppJJ8tzd8JPL2XA/FeYcOZlDH5ZPxRio1qM/grx7SX880fqTg3inL+K8ojjstm1bw1qM/joz+WS+z5M/FOAxM4Vbt7Pmj1vCvEuO4WzWlj8rqWktp038NSPWMl1X26HPz9POfHunt6cXLeLLV9P2QmZPNcD8XZfxdlSxWAlorU7RxGHk/HSl/K7PqekR8bLG43VfSlmU3GQARQwzJhgcTjPM8blHDGZZhleD/G4zD0XUp0Pmtzdubsruy52sfinOs1xWdZniMwzGvKvisRLXUqTe7f8Apbkux+7Zq6PzF7dvZ2skxlTPsoo/9MxE74ilFbUKjfxLtBv9H5M6+kzxxvbfdeHPjbNx8dqNr1RZh23sufYhOPRtt9H/AAZovdK9rc79D6M9uNHFxaq010e6uXSdvdKKum1/6yGKvKpC/oYg/fY1wvtBXbF9jo1m5Kye3bZE4+GMVFxTt/SrkFpT3bfq7ljnySajb0RtlOLa6R33uyqdRp2i1J9oySJaFKL3Vn2ZFKMVpTirdL3G0Zi5Ss5QSV9ryuS/zNperM6ox/qbfZEJXlKyldeQF0HF7RT2fkV1H4nra02vsxGThtu32tcm23OmtLu5WStbexfpPtTF0otyc0uexNVabnGzhq6eIsnTs3Fa2l2vZii3Td3JxXVPkTzF9oVpwjKN2vFummaOM0KEZreTdrJdTexFVuvTe2m9nt0NPMoy0Rpu8trrzV32JldrHRr1LYCMusIpJLuacoa6Dd252vJr+DOGlKvBQlFxStz2Rr42tKL93Rbu9lbY9LZrdYmN3pXg5RnKKirKN9jpUp3bV7r+TnYCh7qndvxS5/8AvY6NGKhze/XqZw3I1nq12OGM+zDhvN6WYZZWdOtT2kucZrrGS6xP2Dw7jq2Z5HgMdicNLC1sRRjVlRk7uDavb+fqfnb2McBT4hzSOa5lT/6PhZppS5YiouUV/auv6dT9NI+b1ueNymM9x29NjZN30yADhdIAAK5o0sxwdDHYOthcXShVw9aDhOE1dST2aZ0GiqcQPx17V+BK3B2cfkqVTKa8n+HqS30vnok+66PqvqeIfxXsro/bXF+Q4TPspxGDx9FVaFWNpR6+TT6Nc0z8jcbcL4vhTO54LF3qUn48PXSsqkO/quTX+x9Lp+bv/rfbj5uPt8z083iqiULy5JbNE8lhL3Uqt7OpJ726I1MxX5dTS0lJbPobeXKX4GhfSm4p29Tol3m8rP6upC63k033JNJK7Tk/Q1VOcflv5stjUWmzjJv1PXbz0nF9Grehd4Yrlt3b/wBDV1KL2pp97svp17xtGCuu3QS6LEnJS+H92VuVrptJlmtrlLn3ISlKT2bbfPaw/aaQs3u3FfqjLinoetNOXSJnTKL6Ra62I1m9VPdy8W19ug+gdN6pat7PnLYwqcU29nflzZLESk24362SMUk+Uk0ulmT7VRUg5Tbm5WS2Vic6l5LVNbQXTcnWvKF0m7Kz1XNeUowq6dG9l8Ow9HtbRUlXVvhad210NOm224zWpdG+b8mdKEL14JRSb+r+xRKhpjDf+nc1rwm/Kqk7z0Qk277vse/9lnBGJ4xzrRLXSyvDtSxNdLe3SMX8z/ZbnF4B4Qx/F2eQwWXQVOkrSr15Lw0YfM/Psur+p+veGcjwPDuTYfLMsp6MPRXN7ynLrKT6tnJ1HUfHO2e3Rw8Xdd303cvwWHy/BUMJgqMKGGowUKdOCsoxXQ2jCMnyncAAAAABGSuSAGvUhdNHiPaDwVhuKsoqYKulCaeuhWS3oz7+nRrqj3ska9aOzLLZdxLN+K/M2Rexmu8Tr4pqxjSpzenD4Wpf3nnKXRPst/Q+Y4ynThisRGlBxpRqSUUtkkpOyP2HmzVP303/AEwcv0Vz8cJzxEnNxdm77vufR6XPLkuVycnPjMJJFcJN7KyTfQ2Y4fUlJoxOlKLsoJNc9idDU9lFO3ZXO3Tm2sjDSlqtFX7kbx3S0r1ZKOGquSlKLtbqkiyWHvLecF5WuXTO4okknu7+mwcoQit4q/Nttl6w2/hjqfe9ytUW6mmUVG3mrk1Yd0qNOo5fK1fbozE7uSlaCad/U3qdCnFcr3XWRKOHhLly/T/c12p3RznJSn/8kenxXJxUru2ma+ZSLa+HUJNabc7NX3IUqWlXtFL+5O5NHdGvXjR5S2Tld2XQ06qjPEKVr3t1sdr8Kqiv0/t5GlPDT/EPTTnbn0sS4rM43MLTblHd7dbn2jMPYlPHUKGIyzMaVCc1CU4VYtxlFpNtW3T35cn5HyPDU1pjHVGMux+x8ll7zJ8vn82GpP8A/CObrc8uPtuN/L36WY53KVocH8M4DhXJqeXZbB6V4qtWXx1p9ZS/hdFsd5GEiSR8q25Xdd8mvEZABFAAAAAAAACmtyLiqryA8hxfJ0sqzGa5xw1Vr/wZ+UsHl1SMY+LxWWyhdn6v4wS/5Xjk1dOhNW+h8fwOW65rXRiknZeLofS6GzGW18/rbdyR88nllWVaaaafPTFXk/2FHKK3vF+Wrrzbf2PpeKyyisROMINu3dv9kQp5XOm21pgr3Tkv9Tu+TFxay9PGYbJqlRWdPr1mX1shUI3qpPsrp/Y9zg8F+ZJTnTd3/RD/AGN7EZZKNNKn7tN/MuX0RLywmGT5rDh9VoN0qSW3JyfP0JYbh9QnbETjtyipX/2PotHK6kPjqSd1ezikjYjlkpNWjFeqTTM/NF+PJ4WWSYfb3UVUk/6Vt9iSyScH+dCNOy2UI3f2PoUsA4x3nG3ZJRFPL0pKVNWXklf9WZ+c+Kvnlfh+Fdavc1ZP5pQcSmWQVKLktHhfSMW/3ufSqmWpwutpd2rsg8I4xs1qf1Hzr8L5fHJlFN1JTppu1rS3NbD5RT/FuUYys/mVkfU6+Fk6Kj7uMr9FtY59PLPG3OEd315os59+y8Vnp46GSSjVSgnDU73ck0fpjhtNcP5YpO7WGpJv0ij5g8mwupOSvJbpWPqWQpRybAxjyjSil9EcfW8s5MY6uiwuGV26CMgHz30QAAAAAAAAAACqryLSqoB5jiiOrBYiPenJHjsvwMJU2pq/ke14gWqlNd4s5GGor3S07HRxZajm5se6xx6uFhKo0/BFdNViWHwlPU9NNetzpVKEZPxR1eooUkm+S+tj0ubymDSeBe0nBSXmzcw+FjCPwJeSN6FKKjsnJ+bMSpeHovQnfV7I508OnJ6YX9diVLD/ADJNdkrHQVG0LfclChveyRO9exqxw0WvgRL3EY7JfubzhtZJhQS3cidy9jluilK+n9SEqUJNq3k7JnRqUnfbkZhTb+JIdx2uFjqKcPDFNp7ptlVCjF842t5HUq05KpLwXIypwjZyi/o2a7vDNwSo0bySbXoj2mUK2XYddo2/c8qqKajKH6Hqcp/7Clfpf7s8uS7j24pqt5AA8XuAAAAAAAAAAAU1eRcVVAPP52rqS7o0cNH8uOzR0c65GlQVqcbs3jfDzznlTUp79fUUoJNXV2upfUSdmYjDe5vbHat0bciNk1sty5bx5mFGy3/Ym10qjC19icI9tg1Zc2/UlH4UNkjGnltf1M27ozYlvbsNrpDSn/SQtGPJfsXR36MxJE2aatSKbuUzp3VuhtVOxCyUNkXaaU0JaXpvffqz02VO+Dj6v7nmasLeOPNPsekyeWrCbfMzOXpcPboIBAw9QAAAAAAAAAACqoWlNUDh5xzNWn8Ee5tZv8SNWnyXkajGXsqbySEVbkEtUr9iTViosjZEmrR3sQXPkWy+ECphX+hmXRJGVuBj1M222M2MWCMxuuqMyI3knskxLfmgqMl6FM3ZPqX7K3Q166tK6AxTTd10fkd7KFbDyX9x5+N27p28rHfyf/Bkv7v4JTH26SAQMvQAAAAAAAAAAApqlxTVA4Wb/GaaelI282/xDS58zUYyXwkmue5JJ35kIPbqTTvsiosiu5mXIxHsJtp2sQYa9SMdmTSWnci9ntYonzIvYzvzMyvp5EEU/QyyKduQm9ijF7MqxK2T8ydk1yIVm9IBw2ut15HXyVr3dRLuvscnD3cbbnWydu9VNW5fySrHURkwjJlsAAAAAAAAAAApqlxRWA4OaeKq0jUqKzijazB2ru5rTknNPUrLzNRnJnVpcVbn2RdHYopyj7zxNX6F7s9nK31KysSTV7mE3r3T+pFy0xtcxrV76k/qQWbLYjZ7mHNPe6/Uypx8ijKbTJSV+lyN4dWjKlFcpIgw4X5JIqnLaz3LXNLqimcoNvxIDMGrNciNWLceZCbWzhLkFU2V2m/0KLcO/wApp3umdPJ/jqeiOVGSi7tq3qdPJ5Rdaaj8v8kqx2EZMIyZbAAAAAAAAAAAKKqLyE43A87m1OUpNpXNOnC0eSX0PSVaKlzRQ8NHsiypZtw4U1qTt+xdZ35cvI6yw8V0RJUUuiG07XJV3dODX0MKMr/A7eh2VTXYz7vyGztcW0rWcP2M00034Xb0Oz7ldh7pdhs7XMUbp3X7EVBrlBnW0eRhwGztcmcJWXgfnsa06TVRtQb+h3tBlUl2GztcBwk1upLysVOEla8JN+h6X3CfQysOuw2drgRpzktoP9Dp5RQqU67lKMlHTbdWOjCko8kXRQ2TFlGQCNAAAAAAAAAAAAACLjcj7ssAFfu0PdosAFfu0Z0ImAIaENCJgCGhDQiYAhoQ0ImAI6UZ0oyAMWMgAAAAAAAAAAAAAAAAAAAAAAAAAAAAAAAAAAAAAAAAAAAAAAAAAAAAAAAAAAAAAAAAAAAAAAAAAAAAAAAAAAAAAAAAAAAAAAAAAAAAAAAAAAAAAAAAAAAAAAAAAf/Z','2'),(22,1,1,'boys elegant shirt',50,'data:image/jpeg;base64,/9j/4AAQSkZJRgABAQAAAQABAAD/2wCEAAgICAgICAkKCgkMDQwNDBIQDw8QEhsTFRMVExspGR4ZGR4ZKSQsJCEkLCRBMy0tM0FLPzw/S1tRUVtybHKVlckBCAgICAgICQoKCQwNDA0MEhAPDxASGxMVExUTGykZHhkZHhkpJCwkISQsJEEzLS0zQUs/PD9LW1FRW3JscpWVyf/CABEIAVAA4AMBIgACEQEDEQH/xAAtAAEAAwEBAQEAAAAAAAAAAAAAAQIDBQQGBwEBAAAAAAAAAAAAAAAAAAAAAP/aAAwDAQACEAMQAAAA/dQAAAAAAAAAAAAAAAAAAAAAAAAAAAAAAAAAAAAAAAAAAAAAAAAAAAAAAAAAAAAAGWhLHynQAAAAAAAAAIJRczz9mZ4tcPjD7rkfDds+30j1HmbUKAAAAAAGRazQvFsyyBzfflzTtfO9XnnetEkogjL0UMgAAAIYDe2oz0yNqzUQF/J6aHP9sekiawaKySVGW9TIAAGHt51DptMxnpQsrJEqil6HorfM8vp83sK2rYtnfM1RYpl6POAARzOpUw6Pz/TPTW/jPVEwQBXSpeuuRcgiQtnehrZgRAAAAU5nWqc7m/Q8U+ipfM0ZWLREm1JqTW0Cc7nn83voSAAAAACvF7XIO5WRnGuZF6jamuJfMLXrYil6AAAAAAFOX0+YdhUWpIiA3zihN4sSgTWYAAAAAAM+b0eedKawaMxaA2pepKoma2ETAAAAAABl4Pb4j3QglEEzA2bZEEEpEWrYAAAAAAw53W4x1o4/TNLWsZ12qa1tQtEWKrZkaZ6AAAAAACth5PD2YOLbrZHi0tie/wAuFyW255PR6JIkAAAAAAAAAAAAAAAAAAAAAAAAAAAAAAAAAAAAAAAAAAAAAAAAAAAAAAAAAAAP/8QAPBAAAQMDAgIFCQYFBQAAAAAAAQACEQMEIRAxEkEwUWFxcgUTICIygZGhsQYUIzNAUgcVQmPRJGJwgMH/2gAIAQEAAT8A/wCg8wjUHEGjcmAFsn+c3bO0p9y+gWGpDqbiASMET+n4gqvnQyYgKi0iqDuYPvKLw1x4nN7iQF52mBPnWQOtzQr2oH0X8DmuYDEtcCAerCt5fb0HHJNNk/AKCP0UgIS7YIUydygwNVYcVIiOcpr+B7D1FfaH+HtDy/5Vr37/AClUomq1gLBRY+OARu5Wn8I7K1mPLFd0jZ9BhVj9n6X2b8n3VtSuXV/O1zWLnMDIMBsANVu0tpUm/tY35BEtOIRptOxTmObuOnc8BcBlnFzMnsCmAMLiJWQsmRCuWFomOw9hVu/ztJrjvEHvT3Bsq7Jr1qbOt4+Epogb6SBtKDuSc0Ey3pX1AFRpkHiduj+aAeTVGAhpKvGFzAW45HEyqVxUtvVDJkjcwq1xSq0w9pOROR8lQxcNq8JcQ4NAmMnn7kMACdCgJU796c2cjophPqEkNaCScAKlRDPWcQXH4Du0cfxgexclAOgUgqpbU3vh4w75FGi1sNozh2SRIKoURTAPPSQpwU0rkgZT2cx7x0EwnOc88LBk/LvVKkKfa47k61MVGr+nQoKYVd8UXnqGD2qk0SWicASVhE6OMABDCjA7k07qU5nMenVcBAJAkwSmUmMbDe8nmfQqZLe9Tga7IlVfWpEdo+oU4KlXdwbdjamzOMB8CTBnZUC91NheIeWgkDkUckaTsOxN3KnRzJEj0rinxtKsbssd92rHwO6+w/8AiLfjoFUC5AoH0JkEdZH1COxzpd25uaD6QeGkkHrGChgATsMnrR06ymnJQTQnODQt/RIlXVuHgmFYXvnAaFb80D1SeYThIkISq0Cm53UEBAChSp0I9Zna9o+a4gZAO2CgoROvIlN5lNEokNE/AIkn03NBBCurcghzCQQZB5gqxuxctLakCqwet2jrCcQ1XVUCkASAXPa0DmchZCglQVCCfgsP9xv1UNDTA3UFCdRzXGA4tJiWyEwTK4g0SnEu6FzA4QqtB9OoKlMlrmmQnVLqpJkBVBV+8US97nRUbCcJQKnQoiQPE0/NE4XECplGdArkvBaAAZGVSdXa7YQSpccnoy0FFoAOFcCbmiP7jdCg5cSlYMd4RIIKEazJQTwDCgDpX+yU8TeUPGDoQoKkqe1DcGTuFwhoMIKYRchGjuXTP2KYOK+o9hJ1hRo2QR3hE4KlSoQEIJ3Lpn7FUs3zT1NcpUqdSMjxN+qMwVACmUBpKd0z9lQE3ZPU3SfQ2LT1Pb9VwvAcXPmchSSgNJUo9NU9kq2zc1D1NAUqVg6k7eIfVHIPcg0DSdIR6ar7JVr+dVPdpJWVOm8eII7LI1xoT01b2SrT26vepjSVxFcRTS6Wn/e36r8RwcSIg4XEVI0ysqemrn1SrM5q+LWVBKgBF3seNgR2RCgrKxo7EdNXEtKtHtbWewkBxMgf404SVACyeSDU8EcHjZ9UZhSdI0koyR7+me2QVdWhdkbhUb64t4ZWaajNp2cFRr0K/wCXUE/tOCFEKNCAQPE0ojC4gFxA6ZTq1JmCQT+0ZKDi/MAAbDpywFPtmunAVWxCDr6jhtYkDk4SPmh5RuG+3Qa7wyP8oeVaP9dCqO4gpnlOzeWgl7ZcN2wN+ZlPvrODNdnxlOv7DlUcT2NK/mVDZlOq73AL79Xefw6DW+Ik/IQv9VWw+oY6miB8lSoBqj9DAKNMFOoNKdaNPII2LTyX3BvUhYtHJNtWhCi0KAOX6eFA/wCUv//EABQRAQAAAAAAAAAAAAAAAAAAAID/2gAIAQIBAT8AE3//xAAUEQEAAAAAAAAAAAAAAAAAAACA/9oACAEDAQE/ABN//9k=','10'),(23,1,1,'boys shirt',70,'data:image/jpeg;base64,/9j/4AAQSkZJRgABAQAAAQABAAD/2wCEAAgICAgICAkKCgkMDQwNDBIQDw8QEhsTFRMVExspGR4ZGR4ZKSQsJCEkLCRBMy0tM0FLPzw/S1tRUVtybHKVlckBCAgICAgICQoKCQwNDA0MEhAPDxASGxMVExUTGykZHhkZHhkpJCwkISQsJEEzLS0zQUs/PD9LW1FRW3JscpWVyf/CABEIAVAA4AMBIgACEQEDEQH/xAAyAAEAAgMBAQAAAAAAAAAAAAAAAgMBBQYEBwEBAAMBAQAAAAAAAAAAAAAAAAIDBAEF/9oADAMBAAIQAxAAAAD7qAAAAAAAAAAAAAAAAAAAAAAAAAAAAAAAAAAAAAAAAAAAAAAAAAAAAAAAAAAAAAaeXNw4GN1X0B89+gVzkK5gAAAAAAADBl5PDOPt5m2rRTzHk7edtfEfSua3Lu+t5r15b908Xsqnkc6AAAAAKynUa67TRLMZzhLX7DySV5rhLnq9fm9ERJzr0eaHHTy1W1y6AjIAAABq9nzBqNp46/QybG2Ftfa8yiVk5IW4zxLBxjy+vwTj7ul4vsqLpDPcAAABXynTcvOFvH9n899DL9DknROOJRMYlHqecS4Rlgzrdlr7I0dfxPWwltBi1AAAAa/QbbW3Vy+e/QeG25u7nCVM8sOMxlEzKMiOYT6l5vTV3mg6fk+ksh1CuzzdwAADGYmi8l1WqiPGdhyWmns5QnTPOGDKOTOcZIZxknhYch0vLdLop6L26jb+btCEwAEJ0nNZqnrz1cr0nM6ae0nGVFjGREE2BEwWW028cb0ei3WmrY9Fy3SYdVootAAeT164567z37M2v0W18Girq5RlRZljBKGRPCZVGUOrbarOOa9/nsvr2e80WyzXbgZNAADS7nmjx2Qluy6HFXruhv5RUTyxkQsrLJVhGcOp21WcaSuyi6vd+nySqs6tCeHUABjkur5GcMWU+jbn5Dc6vfd57spVyjmWDNU6Or81yJQzgzZXMp0HX89Hs/f4tpLmy2Xl9WPSEegY1+xHOR6ROPGVdpyvY2W6H36avfGm3vM03YKpqy5DHVuddsYd2nslbk0U25c6AAAAArsGr1XU4ORr7CNkONz1zrkHXS45V1dhotzcrmAAAAAAAAAAAAAAAAAAAAAAAAAAAAAAAAAAAAAAAAAAAAAAAAAAAAAAAAAAAB//xAA8EAABBAACBwUFBQcFAAAAAAABAAIDEQQhBRASMUFRcQYwYYGhExQiUrEgQGJykRUkMjNCwdEjU3BzgP/aAAgBAQABPwD/AMD6V0qNHtaGMD3k+Q/RHtJpB21mxvRn+V+28c8H95c01YyACw3arFQ4zCQYktkZNI2MmgHNLjQNhMcHtBB+74nFxwfCDchB2Rv3c1MDiNoEmydoHmeK0joXSuKxJkw2l5MMwsaAwNJFjeciBmo9Bdo2NIOnts8CWELGYBzsTozaIdK2eHadusgiz5qOcxuJ4E5hMmjkALXD6H7nYCkxkMdgHaPIKTFySWLocgsXYaJBvjdZ6Hf+i2ts2DTgbI8eY8ECDnQ/wVQ3g8EyMTaQjNCoreeu4BOdQKY/ZoeHmmYqRlUVHjWOycC31CDg4Aggg9/iMSyBhcSFPPJJZJy9EHWg7xVWE2Ii42n44wK8W8EHFhI2fAtJop4caDGnMbyaA6rDxNgaQ2yXGy47yUM7CpUeaDtkgEb+IzTJzDbmlMeJGMe05OaCD4HvZXhjSVpXEkwTvvJoodbTSTEATuH9rUIGYpPaN4TCcxZU7Hh0crBZaaI5tO/9FjppzBO+Btva00as7uAUR9pAw28OIaQ6ztDcaP8AdYeadpLXsB4F7cr6hMBzPM2iL1PyAPipjTScshZWh5dvBsbxaO90jN7OM57gtJgjRc7uWw4+TgSsqPRQjJEAoZWFkU4bJD+G49EwAxsdQzaPUIBVWrNSg0OqxztnDvPhS0NLstjHMUfPvCaBWlJC57I/mcB5WtJR+10bjGfNC8BaLxPvej8NNebogHdRkVGKA1EAoClOS2GXxY5RtaYWG8wxtAjI5Ia8lILZ0IWk8oAPmeFo95AAtMcHMa7mAe7lNMJUx9pjh+FpP9lK3aikFb2kei7MTlpxeDJ/lzEjoUMqVnXK3aieObXD0UBqCIV/QxZpoJcAnCj6HqqTs2laQO0YG9SfosEaeRyKwT9qED5TXd4l1MKh+Kad/iGjyR3EcwsC52G7USsG6Rj1GQ5oNHPeFQVar3iuBUBBgi/I3UCBR5G09zXOcaOZtDhqxraliP4SoHbM48SsA+nFt7235ju8c+oz0UAqMH5iSfMomgU4E9q8IRzdfTZNpgICsqzz1EWoGE4ZhBFNY2+ZyWeq96BVrGC2MdysIGpAfxBYZ+y+N3iL6d3pN5DCgAAByFJ249E1od2kidyY8+iYbaFdfYiFRAeCo3v1cUCEKWKFwO8KKafjGe54UJsAKF+3Gx3Novr3WkDtPaPxan5NPRQDa7QOPKJ/+FHuVa2kA1ajosHhY9TqJ1A0hmpxcMn5Smm5R4uUJFBYF9xubyd6HuSaBWMdcwCzUxpjj4LAja0zO7lEfUpm4fYriCoAXMNDdtE+GZWXqjqCbvKIsEcxSZlOBycoT8IWAfUtfM2vMdy800lTknEnwCBWKNQv6LQx28Zincg1N3LM67IURIDhZzLga6oZWt6KtM4oKQbGOe3k9wUJtrVh37ErDycD3M5ph6IkmaU+ICCxxqB5vguzvxPxjvxtHpaZlWverTBk78zkFW9FWmq1ihWlJxycD+oBWGNtCFgqJ+3Ex3No7jFmoz0UZsvPN5QK0m6sM/oV2ZbcWIdznPoEOGau9QKoG1ESQ/we4IFEUiSghlmrWObWlCaydEwn1CwjldrAP2oSPlcR+ufcY91Rnoof4Ab32fVArTTqwr+hXZptYS/mlemqlerzUDnMMlH+t3rRQoUK4KrCIVUUFwWkQBjojzi+hWGNPOrRr6key97bHl3GlH7MTuii/ltHJo1aedWFeuzra0dF1f8AVAVWrPVahydL/wBh+gVhWjqadWkx++YYc2OULy2cIZ0sK/2eIide91Hlnl3GmHktLeZAQyvJZLT5HsC21oFuzo7D9Cr10CqUTfjkAB/juhnwVA2b1UshaaVa0sCJcM+txI/VA7jyKjLTlaLtkggDI2OKjeJI2PG5zQftONArSZL5mN5Os+SY+wD4dVVrtDtCgAMytDtIwOGsZ+zba81SqluVKJ7mSyEHc4fRAZk8zZ1WiQEDnqxOH95w8razAseB3hRfEAoH7ggQaWj5CWGM/wBJsdD9qS9krGX7ybBrZyUYrLVphhlkY0HeVgGgQMy3NA1VqtZhMoSy9W/RA5q9YVrCt2xKOinwc0OIk2IyWF1g9VFhpybDFFg5TVrDwCIfaIvJYjAslTtGvaba4r3ScKfQ5c8SvecgabwtYaT2YdGQTsnqQOdb6THB9EEUfs0RK889k+iDhZVjWAiQOKwDKaTW/Mp0DHZ0hAwcAg0DuaB4LZHJSRh7SKWP0c/b9pGS1wzBGRQlex3+rtRv/wBxosH843FMxcgaC9ge3g+M2D5FMxOHfltgHk7I+qL2fO30TSDxWRe4cqBRZvNLMZWVtIzRs3nh1JQ0k17yxjHZZWcgsPG+ZwNGlFGGNA798YfkQp9HxyXkE7RJYSYyWk8k7Bzje1rvQ+iMEm4woQEWfYoMLLDWPbZs1lmql+WXzKa2a79m5GAuzERtfs6WbJxoHg3K+pWG0VHHR2VFC2MAV9yoIxtKMLDwCMEZ4L3aPkvdo+S93jHAIQsHAIMAVV/zV//EACsRAAIBAwIEBQQDAAAAAAAAAAECAAMRIRAgEjEyQgQTMDNBFCJQUSNicv/aAAgBAgEBPwD86qlzZZ9M/wAx6TU+r0whMppwZEOZV+7hBjUv1CpHP0KaWVWOg/UFwLw3vnS3FiOvCzLuGZb+Nf663xDomWWeJWzX3ILssQXRxr2wwconVPErcX3URljKfJ/86/Gq4KyqLiEWxtpCyxOlte3XkZV7ZUFm2p0LF9pt75VTKw6TtQWVZypa/GphzTWVRddoje0u0QxcqsIvjZTF2UaO2FXW2xKgVmUx6lMd0YgliNgdh3Rahvc5ikP0tLHY7BITc3PoXtBVcd08555rw1GbBb89/8QAJhEAAgIBAwMEAwEAAAAAAAAAAQIAESADITESEzIQMEJQIkFRYf/aAAgBAwEBPwD71mCizO+sRw/HtlwI7dWxgJE0zXUYNT+wMDx7DvZ6fQw1xB/npdRW6gpzv8sm2Vpom1rJzSxtmU4CGPuJomjlqHaoeVyPEQ1BvjqeUPK5pENri/k0PkuactNI+QxPLQeWY2MQ02S+WZ2MBrfBjStBFH7zZbVSIqMfjFFCjgUU/GFBVCEFecVUtxAKFeyUU/GdtZ21gRR99//Z','2'),(24,1,1,'boys set shirts',100,'data:image/jpeg;base64,/9j/4AAQSkZJRgABAQAAAQABAAD/2wCEAAMDAwMDAwQEBAQFBQUFBQcHBgYHBwsICQgJCAsRCwwLCwwLEQ8SDw4PEg8bFRMTFRsfGhkaHyYiIiYwLTA+PlQBAwMDAwMDBAQEBAUFBQUFBwcGBgcHCwgJCAkICxELDAsLDAsRDxIPDg8SDxsVExMVGx8aGRofJiIiJjAtMD4+VP/CABEIAVAA4AMBIgACEQEDEQH/xAA1AAEAAQQDAQEAAAAAAAAAAAAAAwIEBQYHCAkBCgEBAAMBAQAAAAAAAAAAAAAAAAIDBAEF/9oADAMBAAIQAxAAAAD04AAAAAAAAAAYDQTljH6jbm1bBxTIcpuHuQDYQAAHyEnjsvpkHykrR0Ev3jjkEnSxnwHHOC5jHF9py3hjiLM8g5w4V3fcwAAiksyOu2yJbyV1Hz7TpxuuL0LbDD76FUkdRXH8mIgAAAACIhnjuzB5bH35UqFNEvwglq+lL7QSfPtJVLDWVR3lofAAAAUw4mkz1z9pMXeWt2VfVRTHNCV1fKyw80PT23JPj6UIJDIvsBEAAACHQuQ6TRuQtcwptGQwOeKvvyIuLbQ+KDsvLo+7H2OTTTa5OrXOZskM85J8AAAAABRWNZ2bWdXLfR8TmTDwbBUaTsd/jC/sNc2I1vfL26JNs1OA5xr0TewAAAABTVEcf6FFemn7fqW4EctVB8pvLowt5dQEk0FyW1rlbEtOceu/KhvwAAAAGnbVwOY7ZMXnDj3bdM3Iv7KeyLrI4TKE2Dy+EOEdq5dgJ1tcGpbzxjvZy9leM+TAAAADTuqvdPgkxm19XOYyw3nhDm4urC+xZLmtV4dlzsbr/Vbb3eydpxJqR2Ku+nXM7mQ2u55vj222EAAAAFtcwnF+u7rth035f0e86dQOtGpbs+y6dexaIYm7+cj1z47q5q4cRw26YPLTdoO7PkXPDv6EKug/fjz9AQ6AAAhmHCmR5Dx51E6T81dGdlMGQx2V10XNVyshjbTPfYTwVebo4gmrnkt47mzkm9svC7sPnt9rVle+ZoAAAAaHvnllZHpxr32L081ntGobVFeUxUzqmuLSYQyW6fJvNnUm5h2THXVjOOI2vT87yfpN3+8BvdTHdsoyWgAARdL+6uhHh3p/oF182U9X9r1HZ9Fd39gqshNNbSISwSRCqD6nJHbfeMbsO/ewua/g/uaY7Qj0AABq206qdStp1TkU6t9DPR/zc2U3NdvVsouqqPpcw10EFFcEFt3u6HekVdnoZkDztIAAAADVNrsjoptHNkp559MfTLzM10yfY22i+rtZy8t5ISK2ubGHbf0i82PSSq30lHn3gAAAAAI5IjrD4y+yPjZrok+x/dddxVBJKOQjpqLexvLOMrL0u8zPS/Pd6RjDaAAAAAAhmtzqV48+vPkHrrmrjq1UVfYfjt/PBXPkVpcY2Pbf0j82/R+iz01GC4AAAAABbXMJ0y8iPYrxy013vyKPbVXBRBXPM3GJvpwu8de2zmP9GPOr0Zqs9NR59wAAAAACOT4dVvF33o69288nLz2r5Tth4O1e/NjCXg5tnuXkO88FtR97ev7njr6T8/c39bkM1gAAAAAAFHyQAAAI5BTUAAAH/8QATBAAAQMCBAIFBwcJBQcFAAAAAQACAwQRBRIhMQZBEyIyUWEHECMwcYGRFDNAQqGxwSAkNFJic7LR8BUlU2PhFzVydJKiwkNEUGST/9oACAEBAAE/Afoz3siY573BrWNLnE7ADcqGuo6iTo4pmPcQTYeFr/eEcWwsG3yuG4F7ZuWXN9yGuv0euxXD8NyfK6hkWc6Xv3ht9NhdwFzpdYRxRTVEtdT11RBDPDXV0bBYsBipTqbnQkDtJ/E/DjwyN1dE7p3uiDLOOY2BLbW7nBHG+GKGPp+nhjZ0jWteI3dcuGmQgda4Zy7lLinB0TJzLLRtbFHI55LNMsXVfrbXJmsbbKr4swgU1UKSridVMjqBHG5jx6WCPpMpuBrbW25CoeKqWtpMLLaqlbUTPpG1Mbw9pBmiz2YO88idLKgxXDcUEnyOpjn6PLny8s4u0+wjY8/VZm3tcfkkgb6IEEXG3L8nH+HI+IBE2StqYGMHYjylrnZg9riDzGVScFYbUGcVE880Us1ZN0Zs3I+tblkII12Oig4XjjkoJJa2ed1F04F2RsEgnZkdmyNHIclDwvFT0uHUhxSqfFh1RFLStf0d2iEFrGHTUa7qfgbCK2CSAVk/QltZ0LWlh6H5cc0haed+V9lUcH0tVNNJJW1PpaySpcAGduSn+TEbbZU3geg/NnS1VRI+AUzQ4hozR0zHMYw2G3XNyFgeDNwOjFKyoknYwNawvawFrGCzQSwC/tOv5d0XonMmCz/BwViOa63crnuVpD4LG5jHCImOzSykNY3xKhb0MEUd75GBvwVgdlb8qXD6Oefp5Ig6TIGZtb5Q7OB8VSYbRUH6PEGejazcnRuo+/1LnWsOZ2UZvmb3EqystlbxIVnfrKzrauCnqGQtPWuVSUMk9X8tqB2fmm/+Xnv68m2pTOtJdXtM7/iRCt5rfBVOFRzyvlE1RG94ALo5XN22uFLw2yqLhNiNc5jh2OlIVBhVHhrMkWd/WveV5kN/aVcn8iTse9HUX9a7U+xRhTC0zvGy5fkFoO4WRqH5HNSdn3qPZOFvVuKATFUj0w9iG3qMzc5ZmGYC5bfW3fbzN7Sk2TFuLH1RIATQTc80EN1V/OsQ2/LqIRUU80Jc5vSxuZmG4zC1wsDouKeAeN56GkqIqzDnzwCeadgM5g0za7jJn1R5pvaUqYfM9ul/U1xeGgt5Klr45Oq/Q9/JWR0VTrKwfsoeYececsYb3Y0330HmG6nNnJmqBsE5xPqXsDxYqpo3scXNVJiMkHUkGZv3KKWKdmZhuPuUp/OQ3uZ+KCKCKKH5LVWCwDlTS30tfxW/qyAVLRRyck2CellD4yf5oS9JNmIAKCKdJHG3M9waO86LEOIqemFoWmZ3fsE3irF4axzpomSU7gLANtl77FUOPYbWAZZejcfqv0Qc13ZIPs1RIG5sqzHMPpbjpOlf+pHqVLxriU/ENLQ09O2OHo5pJr9Y5WizRflqqPGoJ7B4yO+IR9K45XhzDuE1rWCzRYeudsUz533rM1oLnEAAalS8QSVGdtO0RgHtO1PwU89RUWzuLnb7oRud1HB3iCnse6M5B6Vm1/62KgqP8encx2zjb8dlF0V7NkIFvYnMjcWnpCQRte6lfBSsMjW3t7hdYTRTtdV4hVlrZqkjKzkyJuw9+6bE5g6spaTyyhRmsjy5ZATz5KHFZIw3prHv5FNc17Q5puCND7fWnZf+p71iOIGab5MzsjtKlJcI3Ptrmvz1GyytOvNdGdTm9/gjE46t7due1u4hR5HGwzAjdjtLezwVXPNTS2bSSzsLd2ZTr3WcVLi9cHZKbB6kv/WcGsbb2kpkD6ljZatobJfWPNcX8e9Nbm1cCLbN/FBpuL694RcB46rNnJuB2eRusHqrs6F3Ls+z1p2VfU/J2m3aOyp2uc50l7m/t3VGA5srSACyYn7U3KPq302ujd7tP6KB12RhbMLSNBsdF0D2nK2Z2u2YB32owyA9aW5Hc3VRxNz31Lu88vYrcr890GZm3WVoNy0jv/0TRZ7reGqoH5Jnda9jpZQyiWMOHv8AWPNmk+Cral1TVOAF2g6KmHW3VO0sqq6PmLusVFmLWu0QGa4B3Xu9t0NToUL2BI28U64N9bqIk+Gut1OWMZmc5jGt1LibC3O6a/KNg4fV13Ti1w30Oy2vYG/+igJFS4bDmFQ1HRPAceq/+h6zF6voYejb2n/cgxua4UWltN1ip+SVnSt1ErbH4KHM1nLRuuiI7vsWnj4K73DS3uUZBCk30v7UzfQbFeUvhl/EOGNqaeeVtXSD0LG9h+dwuHBcE1GN1GCuGMPD6uKazXiPo7xOaHM0sNdVJrqHAo87nkmtkZPZoBvvfRRECw0FvvVJN0sWvabv6qSRsTC5x0Cqar5VK979ieqe4KO5P807MA2y4lktSQbXNTEz/qKZ1hrsiHNsBf8ABOLWkX7/AG3TzZqYdNfipL3uSgwZ7a3V/f71mJ926cL62T899NOqFUyMjqw7ra78005sjmEEKjqXRytvsd/VY2JHUbms5hf2lUUMjmuGZvNp/Aqhr6asiL4bGx6zTuChrsSBzC4maHQ4eN82I09h77qFuVg9nNEj6190+1wdPYn6G9x3dyY4EC3JS7AfFA5Hut9qNjcbI7a623Trn+rap4OVvPq7LEndEGusb8lhT31TGtju7xBuqWgZCA59i77B6qSMSNLSsb4fbKHOaNV8krMPqM7MzSOYVBjcdQMlR6OXkeTv5LHsUE2M4NQsFyKsSP8A2QAbe9NI6mn+iIAuVYZ+aqaiKmi6WWVkcY3c8gNWKeU3hjC4S6GY1krRpHAPvJ0VN5beHqnSpoa2n9mSQfgVD5SODpzf5fk37cbh/Nf7QeD2t/3vTkeGb+Sq/KrwfTg5aqebwji/nZYf5X8Cra8wvpKmGK1xKbO+wbKg4wwrFMSmo6eZkkXQsMT9tbajXW4VJgtZXOa5z3Rsae2PrtPLKdvaqShp6KPJEwDvPM+31koBYbp1BDNIQQN1VcMUxu4CynoIYsYgsOy7dM0ykusbrGeIsJwKLPXVLWXHUZu93sbzWM+VmZ5c3C6UQj/FlsX/AAGgWJY5iWLyGSsqZZj+0dPcNgnEk2TbjRzQ5DJ+qVlj/VKLYwNGBUlxVSHwUUr4yHNcQb6W8FgXlW4qwcNjknFZCNMlRqbeDt1w75WeHMaLIau+H1Dv8Q3jJ8H8vegQ4Aggg7Ea39XJ2Conj5Q4KVvoTryVWP73brzWMYvSYDhs9dUn0cY7A3cfqt96xjG6zH66Wuqn3fIbAcmD6rR4K2YXWVOYd7ahb6rDf7DqRT001NKyUkh8/wAoaxt/G40CqYOGsObE58EtQZGnSOsY7KfGzdFUOifK/oGloJOVpN7DxKigEWm7nboNt5mHre5eR3jT5Ux3D9Y/rxXNGTzbuY/dy9W/sFSPqaerc5jQb96mxOt6E2YwI1dTJjLOkta5vp4LygcUnHsQNPA/80piQy313c3fyUJvG4d2qi+sFlWVPg5t0KaZoXtcG3ym4uMwU0zp8gcxgyNt1WZb687bqNjrWDbe3RNYB+Kt5ge342aqCtnoq6Ooge6OSN4cxw3BGxXBHFcPFmDtn0FTFZlSwcnd48HerfSMebqejjETl5SMbGGvdRUzrTzNOYj6rNvtR2VH88Wd6gbq71FvNsy/iU0+mXBPFM3C2NRVYzOgd1KiMfWYf5clTVMFZTxVEDxJFKwPY8bOB2Pq+JcXpcDwaqrqg2ZEy9v1jyA8SsUxGoxavqKyoN5Jnlx8O4DwHmjOSrZ4potfzX85V1wvilJhOL09RVYfFXxdh0Mn7elx4heUrD+Ho5Y6/CqiZ7pZcksb7BrG29GYxYdXRE6KQ9T2lbS3UbgvI9xZe+AVUlxq+jJ+L4/xHq/LXxDU1eKw4Q0ObTUzBIeXSPdz9jVy3V1PoWv7imm7W+IRPnaneZpsjI4jc/FEqTZvtKl3UL8zFh1ZNQVkNTC8xyRPD2OG4I5rBq9+KYVR1j4nwunha9zHCxB56epffIfYuNcApsSgdHVx3tcskHaYfArFMHqMMkcHdaMHSQbe/uWQXVZZoAta5TOyB4eYeZhTvMFdAqWwaPaptCsJoa7E6uOkooJJ55T1I2C5P9d64F8lFLgpjr8YyVFaNWQ7xQnx/Wd9nq8cpI56Z1xyVRhPSVczMge0g3addFj/AAbLCHTUDdt4D/4qpjlllbEGuL76i3xQOiv5imHRHzlNKqJeiiaS27c2p7lwrwbi/GtU2LD47Qtd6apcPRxj28z4LhHgrBODaPoaGK8rx6apf85IfwHh6zFf0d3sUIaa6XNqBv8AFVNFBPFfTbUrGcJo4OllbEzpHxnM+3WIsm8vMEU1Fa+ZxTSvIvgeHYxV4q6sp45xDDHla8Zh1yb6FUtJS0MDYKWGOCJnZjjaGtHuHrcV/R3exQ610wv7fimDMOqQSuJA/JKMpPo3cvBDYeYbopvmPmcm9peQQ+mxv91T/wAR9di36O72KOfoa+fM7LfYkeKmxmkjZmdJUONtWsB/0WO8SxPa9nyWozZSA4m34obeYbq6CPnJTT1l5BD+dY2P8iD+I+unhEzC0qThuF8pdlCdw9Bk7AXE3D8V5bN2Y77vON1dNV1fzOQ7S8gY/OcbP+RAP+4/QHdkriTeb92/7lz8w8wKCciU5N7a8gXzmOf8FP8Ae76A/slcTusJ/wB2/wC5X1KKHmagU9HZWvdN+cXkCPp8cH+VTn7T9Ak7DvYuKXXbUj/Jk/hQ3W/mJTDrZZk7bzNdqUPnV5Ayfl+Mj/60P8f0CX5ty4nP6T+6f9yHnKadVZcldbSFD51eQP8A3jjH/Kxfx/QJfm3Liu9qr9zJ/Cr7JqOiJV9UHK6ATx1kB1yvIEf7xxb/AJVn8f0CTsFcVxX6fxif93mz2WZE+KzXTDqroG4TyCua8gDb1uMO7qeMfF/0B3ZK4sYcsnix/wBy5qw5qKKWXSOJzvY0uTcDxiXVlDUf/kR96PD2ON/9hP8A9IUeAY7IbNw2pJ/dFM4N4oc3N/Z8zR42Ck4cx2nPXpJCPCxVTQVUAvJBI23ewhZb7XXkAaAcbP7EH3n6DjmFvqXCyb5JuHZ5zK+iF3G5Ae4N+AKoPJtw5SdjDqYHvyA/aVBw3hsA6sLBbuC/seht8034I4Dh5PzTPgosLo4to2o0lORbIFV4FRztPom/BYhwW10h6MWB5LDvJvwzKz8+wummd3ltj/22WD8PYJw/G9mGUMNKJLZ8g7Vu8nU/QS0O3CDWjYeoLGnkgANv/hP/xAAqEAEAAgICAgEEAgIDAQEAAAABABEhMUFRYXEwgZGhsRBAIMHR4fBQ8f/aAAgBAQABPxD+s54gqDVHgAuEhsHVopa4/NFbOzRsstW9LiABESx7P66eIxWsJFV4AgiM2Hdfou5FVmR9303RaZzYFMM3Kn9XMcgDYSGBVe0aMGIKW+YSVcwtZ0KNhkEdXZZvj7wLmQ5jhlq1abAFisMD4hkET/EVUA2rRASCi0aTs/xanMWDHOi9B6WDakMSJWLIF0sL+VHiEc3kgywdtYIKZVWWWjaU6NQLcI8AxYxL0KjbF9nIy6yrSO2AIbIWZZMf+BPDDcv80G2VajKlUcVxM9eg+GUqLEUQ8dX6x0wEzoVTa0RzaLLtIXHIVeHUUbP8j5bdoR8FqgXGFVVpYdFtbpWd/DfDKUOu2OGbazylxusJDlp/DCzVh84ZSoZGUrNSlaGbqo+XqwXiGQlEUyKUrprBN10Qgog0VS68/MBcAQIM/wCjqHhOPsmS4QHjccay9OSX9iHhfZppbxK3REHbW7BpEoqqJZy5O5dW2sUqn05YGW4EuNLnAqCv7/laYa/aZR8yj+Q+8MiUwlMzYX2mYBx91r9wBoCUw/gzA07h4jLeNOvjQKNv4J4IKZU/Y/cxHr+NxIwJVTbUxim0FbVbarxf8j/KaRBk3qIijs+F0rggKbbOvUGZiIMsxEqGYkfMN/wIxWUDZWCWXZY5ioW+bceszQauCkLkaZp8xU1GWoCt3c1nG/hVxpWyocvo0XvpheBQ1FhrzfyTUj/FjB/HdT20BryOcZyXHN3zDjH3+YKisLPMLx8LMNw0cbqJCAwDv0f9SkHUnK6TiFlXp+sGafxH8tZgZYlXHcGRmCbDdRy4B9H/AOxXJ+M2kEl4ghgSNPQ6TkiMwUIeCYzSIh7kBLewl5Cd6tjq0LahaC22ZzPD6O9+HTDxFdKA/aEqQ7UD8xEaOqLvLo+rCaaiWXAgLM1DsEZbySrBDs+o8fWCSB8wEvEFDzKmAFMAG1jSSgIauThHEUVKmumuPUsMiUgpKbIbkhw00aV4MWaYtBZuDdcNIm6CVSq3Oa8RpbYNNYN6hsEhtT3FhfEjbRu6tpt9IMuxQpnRlJeqjdBR1rfuEz12RDt1UMYMhpNH5dnqCBfeEFsLY5eiBeBFXgrlByzUoMwEQUFKc+AafMMoK3BWueZj6YYi0IK1/oYCrgouW2I1XJzB90gn190G4T9BF19KAK9BUv21AoW4cm/rmPV4IA0eG9/SLKDTALq4I7RslBt2H7jG7dm4G2jx18uL9QVq0o+ZjALLyP8AswOBMRRfXw6hdQLY0vrBx3A0phpAK9n3LEBVNpkPOY9KZLhHYiZPpAdJVYVjyH7y5hUpMRwZWJz0kvtsX4EL5tGyFdbzq/MZi5Ep5Q/b7igIKE07yYfuY6SgCw6PEV7cirIJe3xKnslDp5+QnmgTMRouY1th1oiCAGbZTqqoFHA4fpcQYtSKLk8LxKoGeAbr/juOwr3YtmcreH3HnRDCD+rsqElLVl8+aTUYAWZo3Z09R6roYEL9MUEdHNBH2HAc5gCipaBReSuK5gQeQnb1T46lNQlVriygS8KAgAnn6tw0AoKTS7PyX63iocnJhLlKWC19O4L3yFAl+X69xkzAdDSUIhFgASjPI5gAJ3kclPMUAZW4uB741FoVBOm9HqUVW2gRG+4RAAIUHIZ7goOABtzjzBdV2nFSt0QKoCDZlaaUSpgAB9T3mMoWgAukLIzUWbLZwY/UduDBOWnLHIfAOzh+IjgFrDEpRzVwN/71CEo9Uo7rshE0FwOH6MqtjACmzN9QA0voLvjMRAnZmg1ze47nGNrZesTCplTABXhhtQ6u2/FJEBpgeC/LzGbgumi3OMcwFiLlVtK7/ONy0tl6Vtbzi6ji2I4DNTZsbaMcf6icLO0ZOKtv8XHC4L6R7zzHsWiLVjqoIlmn4V0RgZn9MZPPBG5ABScATg8mIUtIyV2JGWoBY4pIv0TAgQtQc8+48U4WARtrGCFsMEyT71EhhYsOzHYByat/5hRygjRLDk9wRjSWrNOct3GqCkKW0+2ZYquDlecRrRgqhMvDF1DVKEFi0bzzzHISyUKPVd07Yd9uGwOxerhaDyG08Xt8vxFxdkrf7CEXlTTXjp7PDMX8AOMeQvbxqN2xgEHJy5LBZ3XCmeFfvUtC86c5PRMsdwwOfXmUhipqzltSPsS1g1wMh8f9gT9GBGtJtY+cCUFmcCR/mGv9pwf4tLxItcM5FhS7soEjkyA1IeBkVBITui07XL8huBxG9rXEZBG0upSyJPfSbgKBepWrPH0hMzcBjuQsiNcFlXtEp2bbLUQEKcuR9xO0DFmGX5S9BLHadaiBJ5cxlW6J4M3DYO6SI6IkrHaCS6Ck4ysAPrhogfYBQAOkTZ5+P8GKvBTb94CqM2HcOw0k4QukL+BvlTF65uLkfAIACG6SrqUNEYA8CtnUS4KtIHdYEVkQtdUS3mtUJNLFD9Sr3fgoLQ5ogtEVb8/8E0OuLgVK7OAS+o4uFhzn9rb4xUTdQ1hggsq44xAxQtTmRwoGFLqHAQ8Y/tHdQBXhmaVhY/iZ45uFXMBVBMo6X/TC+oAN67MieGAstG6izfIzVuaxB4NexT7bYSt2uzt/hQcTGxws3V2xmJl0vYPYxZuvNgx8VbxH6C2YyNdSr2DGWFemDb9aiF2gkqs8b8FQPzEHOLYKwJQGBgkKHOCBoplWW7ijLu/DHD6qPuDbb+aO1mEOyrYdh7H4zfp5KdPnDRLu5kcW+yMECrHI6l84VMBo5X9susS/gCDV5qCIRo1cqupn7RLCI005iVvvvYdAwxhAVnZKicoRa7c1HBgjgzJr38QFAV4l3jnEmx5jEXAIfeGcdc5C5fNUMfGae2DmPOWaU3iJSDS51FVjSNiYZRlhRpSYwQeJW/RZX0IqCd2MILc6j7jypeyEOlnbOTNLk7PhKE2qpS5rBGcyvYZDUi9Hl+GKUTLxq5Umgu8xVoUCLZubCsuk6YiARKNVLt1HnUaa+tR19RJt1jYdkqSNjKzILOd9Acqggz0p3zFsH9kctvxV2ZUUEIEo2LEd+oxVMmNhytynhhUnUVZXI2VzcxOqh2gtisdUkwiLDhl43Bzdx4MS1fcsUQgeOFlDDrb3fszmYftCCL/2HHyPU02lfXKp6b8Q9TjAoHwvUZqpmASQXaRUDwQcsSpEhHgifrUW0N8tSgu4ap5gVyw8KvAvtJY5uiAv5XXuQ0wOLFlVu6isAbKtoPEOy0t3TeMs8Qy0xgYMQ1XTFfITIcNpBKSPBrEYL3Ar7+aSvuylCaZAUtWmsQeLMzdSsJTHTE4oNnBBRX1JiAl06yx4lxCXHoCaDFtTxGy/cxN9zBLzcM7Lfi+YiNlRL3LbiXo6OoattZjyg1uLnFqTT5jg4iunxBZI01HAI7j3G19y/p/eN/QdeqASoyF/VNI6ait1e4iw+0aLbMxsEuUyo8TBGIxFPcOT+hzr1y7Xp/VOFmu8rGXGnLFMxpXdzIQhWrSxjzKIsq8kdkZ/79o/6DqSiHP+xH4RbVDBYwCperQY1VxWfES9DCSNZGYs8zoZ/a/oOvRKX/zzmKbjuW6lLErMQOZmC0HqapH3rbC82xyTe9TP+gj8aUdB+5CgjqZFpELI+EYTiiDIdAuGIMFB5GVtCVNWWIH3+H+gNn4igGKv3ZDCjxi4g1cSnj7w6+6H2fMZojAQQKum1HichbAS06T/AKFRsPExCxGPm8EurvipaWPqtRAf6B78DDbMeUH3EXuz0yfaBfHUBS81m6PKDnjdxsN2QfvqAGGHpnIJ/oOlidxcOmF/Jt2eiEo01yT+VhIA0BD7EcD8CWp+wg4Y3glgTuxFORGolZ2JdFxl7fVqPv5XxWtxo/o6oZpT4EbRAKB/8T//xAArEQABAgQEBQMFAAAAAAAAAAACAAEDBBESICEwQhATIjEyFDNSI0BBUXD/2gAIAQIBAT8A/gjAT9hVhfFWP8VYTNW3RFq5KHLC3fyVvSnyTOL52qG1BRy4GogFDej45eHudBnwdlZRNwiw+aBU8sUIeYdFkKDyJsDh13cAfqU1Dte5t2HqHsoMzXI0BVMsNelRIoiWSMyMqvjlN2GK/wBItGU34Y3tloym9buLqJ7RaMpvwO6P2omjK7k7p3TOnZHlCLRhROXcnmf0K55r1Br1J/kUUdjAmt+y/8QAJREAAQMCBQUBAQAAAAAAAAAAAQACEQMgEBIhMEITIjEyQUBw/9oACAEDAQE/AP4JMYy3xtGqg7uUyjI0zJ5kyhUcEDmE3vf8CdoXYArNix+V1zjAnB/E2B/bCCPiVSfLYufT+hP9W2gS5MZLdUGgaC+txtZ7t2a3GwIe7dmrxsaubdmrxwjAar63ZqcVCAREITmXJuyRK6ayhZAuk1BndP4v/9k=','2'),(25,1,1,'boys white shirt',80,'data:image/jpeg;base64,/9j/4AAQSkZJRgABAQAAAQABAAD/2wCEAAgICAgICAkKCgkMDQwNDBIQDw8QEhsTFRMVExspGR4ZGR4ZKSQsJCEkLCRBMy0tM0FLPzw/S1tRUVtybHKVlckBCAgICAgICQoKCQwNDA0MEhAPDxASGxMVExUTGykZHhkZHhkpJCwkISQsJEEzLS0zQUs/PD9LW1FRW3JscpWVyf/CABEIAVAA4AMBIgACEQEDEQH/xAAtAAEAAwEBAQEAAAAAAAAAAAAAAgMEBQEGBwEBAAAAAAAAAAAAAAAAAAAAAP/aAAwDAQACEAMQAAAA/dQAAAAAAAAAAAAAAAADCafeDrOnDn5zsX8veWgAAAAAAAAU18Q6kKtBzr7KC+vFvLPL/D3Xlma0JgAAAAACmzjka5WGmnTUW57YE8mvEbYV+k7cW4jvxXl4AAAAAKPn+jiIU78516vfSNcoFlF9RRdmmXWZ7yGunw6yEwAAABCdBxKJ5zt4NVB0YTiRptGS26JkjroIXU3G3HvxmzXz+gAAAAMmvAcd4NtcoHQ98EPYjyQKb4mLVm0F1Vmc1dHm9IAAAAcvqcgwobyh5I2yqsII+EvYyPfPRl9lUdHFppLeny+megAAAcjr8g5e/m6zVC2k0WUXEIzEJh7KMyGHo4DQzWF3V43aAAAAHN6VB8tfpoLp57i6/NaS9h6SnRMTr9LcWvMYrpaiPYyawAAAACqjYOHm+gznPnsGHzeMtHUmc/zpjmeac5p2YB03z/UNgAAAAAAAABQW5udYVVdTAXwooN1iZ7qxzOgovAAAAAAB4V8iQy76tpROFpn99mV38/SXSogatGYb0ZAAAAADNo4xhtQLulyumVy8ieTpuMc1BspDVGVB0tHO6IAAAABX853Pnzb7j3HumjWVxnAy2XQIZdtJTPwbFW4w9bkdI0AAAAA5/H6XNPNuW4v15NRGM4Hj0eRn6ZYX5jVdAV7MWs3AAAAee+HFzWwKdDwu14th7XOokiJvJEMe3Iabc9pTrzaDoAAAAee+HAz6cR1s0rSvVnsLK7azx74Se+nubVWZ7s0i+2qw6QAAAHno4XL73GL5R9NaPpfF4SlCstTqLYhkx7cZp2Z95tAAAABDF0BxMH1PPMNk5EI2itZYZ52zM/t/ph2W6iMwAAAAAAeeiPkxHyYhL0eegAAAB//EADQQAQACAgEDAgUCAwcFAAAAAAEAAgMRIQQSMUFhEBMwUXEiQCMyQjNSYnKBkaEUUGBzgv/aAAgBAQABPwD/AMA+fi5O84UfyT52P0uT5uL++S3U4KcOQ8bmLqMWZSi8evgf2/WdSYaFaP67Oj29/wAzDYrwv6X/AIfvPl+OZ2TJRvcDXJqYu3EAMrmo6Nm5sf2d89MaV2Nk2HtLZst3TxzxqXxGSiaOeT2Z2Nd8eOEmBrfVLb48P29pfFWo73/uzDWlN/d8q7Y19ZwOwZTIicspct+x6jqDFVfX0I5N5a5Xe10+5LDjRFavJMdx1MvdTLsp3Fq8/mZTIjwVHjRLdL1dLbL9wTprXQ3jHXlq8n5IjvWp2k7YcKSlt/XyZCgqxu5bd3ovB9idRhK9ieG0K92Cg/3ZUaM3sJ1fGFT2nctn2IWceVT1Y5B51O93L37LUd+UGZbNNsx53h0wSwP1V0bnXZv6RmMAOTxOoBwPI6tVH7O4AUPxEGDqZkvgyGv6Vm/Bv+mZP5pSwkOdszq6YOLtLvqbhfHbwTC63X6ua/aMVy5LW0w/VsR5Jhte1zHt5TZ+GbEiJuDMjvHkP8LKVDttt5qS5uba74lbaN7lpjO/Dr1q6/0m2tt7mO/I7nn6e51uTVU3OkN90y0tXbr0nRVL5crwa0EqNFPRiJuaijS/tVmPfbTh4qS9MhtlrNoP6JVU1udG/rvWXoCmoPbqY3dB+nd1VZ1d21wmC/Zcil6f6TojQ+8dWPhqXx2RaPk0kDKcbQINnyzJTU1olXkJhezOPosz007l50tt1T6eZ1VmX9WR9iaSYndN+06TigynO4xm3mbHfECXN+kTXpA1YlhEdesLlhGZgnSurB9PqnVWf1WZYNSr2YV9p0gNJjjH4eGETcsajxYZ5Cb1b/5JldoTF+m1X3Pp9W6Gc8vvLPgl3XTL9ydNxV/BKPEZacze+NfDcSXOSY3dSWdX8Pgi7ufmHCfn6fWsw6d1TyzLRq+JZ30r7MwaB4+0x6jFm5uDv4MykwqOpaya59Jrd9++59n6fWvLMb7+GdploicxGuDNV9DZMYNWYfEWO5y/HfwynmYuLn5mV1p35IAc6m9kPB+PpdZ5ZV0+ZivoJ1AuC7o128vrqUBoO3klXtI7YzU3qHwBJlBrB1c9mZLjYPYmtTY7h4PwfS6w5nApuUtXQblMp2636TDzjH2njRDx8NRqwm2DvUubrLGrzJcLhvxUhlxuueYXrawG9qB5nj6XWUmWj3kwUomk5Jkx0MN0DiizBxir/lPhvj497VPUZYPJB263B0y6alwdzL/bPsVJh1qYD+Pj/wA308+PuJn6dtr2dwpfHzqXzLSx2eapuYXeI/GoTc3qbGZf5dzFkLHay1dWGDNy9dO4dMZFv36261+Ji6NfF/8AiY+lMdy3euvHp9S2ItLdKO5l6fWzUwrWva+jNpN7Iu9wtpmxElXttqd+4umd2oq+kwYVxjp5VlKFfr3xlo4fafJftPkv2J8l+0MT9p8r2IYj7E+UT5VfsTq7mGmqh32OPY+8x5clqGrOzhJ87Mf1M+dm4/XL5c97tTJbm3B9idNrHUrt/L9/v+1tetBbIR6keKHk8zqqXbmTbyAylmjseTyejN3sd1Q0/wC4/aXctTeqzFVDusncyrbcplyUeUlMxbzN7/Y5sxiqr/p7spmy5Mty6K8h6a+0pYdmu19SaL1T7mmdmNLF7A1dT5zgH5Q235HmHXOSyWq0mErc7i5aNRhSVESUvr8fsL3Ki7mTfU2efR0SpbHnpw8amfHz3ExXjhxtm2jb5ZepTPiNedkyY8Vqpo2PDOnvR4vU7jjfrFCFx0Sl93avobGOQprfqzFkHjf1l0LOrzNkxj5efxKDxMpvPideRH8nMubnbpg61MxvJgt/j0xAqkELz0lPO4X11NffZHC35shDGU0jK27gfq58hSrNt8jZfXiOa9Ktqvh5/ExZvn5cXGu3a+/Evt5m5vcu6+V/7CHc1v3Gt+CXNLC7rW4JolzVi32ZlsunbpBJjyMw23s+outzrsuhNzFjLYzZL1K0uanRUSrk+7olbd1ZbT6TetzJwUf8dWPi3HpLXrxsi6TUbpplnddzH/EwD61jVHe5hvq4b+pltqrOqv3XnSXGvazrKhjvYDgnRHZhK/ZiNXZEibJkugVTxceThhnOP0S+rjwREdRYOxJ0bstX23L1RSdyXJR7qD7fT6m2qsvy2feYbtbk6l30938TAarPJNfBBNIRxh4IEyUNxNzGbWYH5eYmShbSMuJadM7o/T6x4YGx92durVnUOunT3Ji32D7QeI/BOIeIEtXcsamN1fUD9Yyq6TfhSXN3nTOlPb6fWMr4Jv8AWG/WdW6pQ+6TC/wyHgjN8zZNEIy5PF5U2jPG3Z5YO7zA6yHuP0+sfMrTuoI+CeLk6vn5Uw77DmV8EfhwzxN7+FjzLmrTC71L1xm9eZj/AJtzE6y1+k+GdW7WYLaQ9EmfHrVjxMzumB99SglSUdkZvTN/A3OIkyE6d/VMi7T3lDUx/wBpR9/pW8M6ryzHaUS1QZnqV+XUf69/jidqVDUqgBFiTUGeZqAMz01OndXCXd3eZWYn+LT8/SfDOrObSi8fmVUSdT2XxFvWthNfnU2oQY/DU1p+GyEzG5j2XPZnf/Ef8zOZgP4tD3+k8jOrOWd1quj0ZQyIPfMzkpQFEbBB4IO0m/gMNW2epHZNjKO5kmkuPvO9Wzt5sygoPdadFXeWztdV49fP0+qxbV1MmNLvDpJhuUNLqZ71a0O4dXGb/SSrNzfwXsuO46vXcFFgy+0m3f4ZXFk/uW5VGUx5EDst/szpMd6Wu2qmwD6d6F5fpt74mTpn7TLjaC68O5W4h+IJ94uvUm9Stt+syGwZiyJs3NjzuFtTvl05lKOqnsSgh9ZqWEmbpy2zUOmK8Cz5Puz5Sxwww652z5PpuV6UOdsOm16s/wCmh0w+rDpMb57p2h6fsND6TsGdhOwjjq+k7A9J2n2mj/s3/8QAFBEBAAAAAAAAAAAAAAAAAAAAgP/aAAgBAgEBPwATf//EABQRAQAAAAAAAAAAAAAAAAAAAID/2gAIAQMBAT8AE3//2Q==','10'),(26,1,1,'boys set 5 shirts',160,'data:image/jpeg;base64,/9j/4AAQSkZJRgABAQAAAQABAAD/2wCEAAcHBwcIBwgJCQgMDAsMDBEQDg4QERoSFBIUEhonGB0YGB0YJyMqIiAiKiM+MSsrMT5IPDk8SFdOTldtaG2Pj8ABBwcHBwgHCAkJCAwMCwwMERAODhARGhIUEhQSGicYHRgYHRgnIyoiICIqIz4xKysxPkg8OTxIV05OV21obY+PwP/CABEIAVAA4AMBIgACEQEDEQH/xAAzAAEAAgMBAQEAAAAAAAAAAAAAAwUCBAYBBwgBAQADAQEAAAAAAAAAAAAAAAABAgQDBf/aAAwDAQACEAMQAAAA/QwAAACi1evLp3P1cx2jlOrpcKXAAAAAAAAIqe1bKk1q/Vl19du6c1fzfX1NqW3T1uPHv0u9x+9n0dG1NvPoCJAAAAAQ+81enldrZb8FojlrOlp2+nasPm7BLb9jlrb2XH2Jku6HKl+oaO9j2BEgAAIpObtXU0o/N/n6FrTXd6S5xKX2GrpkkupBellz3tT0p3u3Hjw7zYeeQyveatKdOhGLaAAB5o7/AIcTo9py23FQX/P9B3z+7Vbv0uqrhKi3fNW1dKzi3TaxS0vlNBlE7PQ0F5m0yjh3AAAAx0LCqtXjtqKT0PPrLyluJrNnBJW/upu6qM8dDbmNnOjrbR2EkUnPp7LBGdTNzF/k17A5dQAAIuK7im68uVkz1N2HWuae2mJGU1L1+nbVVqMJdiY5S5g6W0So3LrPDs5ROn08Vjm0hw7gAAIpcDlqLqOS24sbfRy7cJLKkt4mWCXKLVUV1qTWttMic8/Mq2zeZm9dctu8e16xyy6gAAEckRQ0NtV7MeGrNBozbe7pbVbSSa/kW3KfHy1Jc9KC0V9/yPf2rNJBlw75Yya0xaXvO9Hk1ZDj3AAQzaxzNFd0m3Ft1W3p989tPBNW237o70W066+1JrBqJ5R21bYiQraafWkrbpM66xxbQrYABr7GJzFF32j15cZr3Gpsxz1lnU353GxBLS8yOSJhy8qbVtctDUlfZ/NvpBmYUvnbUis9eqbbHtCtgAPNLd0Dk4scPQ8+SrsK/rxvfcM+fT2GwwTQzza3TnhT9XTog6rXkrfKaCeto4d6xpeffMW0IkADyusdE4vSu67dh8rrB147+jNoF/lFlW+elu5FDnZZ2rBPjnW0njOJymjxOh2eWvsurbHHsAAwzGtU3lHMc9DJh6Pm+w5w2rbZR5UvLJATllDORS68pJ5nhDP3VnmMZ9bai19t45YN4RIAEdFe8/avLbmtF6Hn+yQbF6WPvmfO+XnuKcpdaci8m8MvdXZI8Zozf6Fnh3BS4AAEdVcxnFafc87oz0Oxl7qyTywZxM/mBPvuAlwy8MM4/Dc6vk+tzafRn0AAAAAQcv0nK9eWl7BJtxT+sSbKGSB4JfBMZjMbPX8j12bTmM2kAAAADT5LsKXpz5iXah15M84Jr8/M/CXuPpK89iY8c4pjb7Diu1zacxm0gAAAAeYSeFbzHU8lozsvMtWX30hh755Kb3xE+xTYoi7jiO14aJhl1AAAAAMcsSt47ruO05ps489OWb2P1OeHoZRiX2MZ9jyHYZ9Ewy6gAAAAHno0aXpsZjlvOpWry7qPZjlveoHL49UOT86xMc90jKtgpcD/xAA8EAEAAQMCBAQDAwsDBQEAAAABAgADEQQhBRIxQTBRYXEQE4EiYpEGFBUjMlJyobHB0SRAQiAzUHPhgv/aAAgBAQABPwD/AMJxDjUNHdLZaJb4XycZxUfyizj9SA08b6/qz8Wtb+Vn5vb5izFfKuAflL+lbt61OwW2BFHs5/22o1liwPPPf90MtX+PTjkt2MCITZGR7bFRn82ci5vGbv6PZpZ25MJ6eYneO4nmVc1NuIqzHH7rWsv2pyfsTlju4iHutcC00tNpSbDkuXMSQcodjNHE70ZQEjKL5jnPvmrPELFxw5i/iVFjIzFE/wBguKndhCLKSETdav8AEJ3DFlxF792pRFVav6bI4UzX2gzjccJ61Hl1JaSWLlvp6ncrVQvriJNHtitDpJai+yuhKMJZc7mexUUxjGArdXtvtVvLNq1enbkcqlafUxugOCT485gKoAZVrXauV6QRcQHY/u1pLuZ3gchJwelLkGkyZ7lXrcYzJY2ns+9XpWNKN27cjCBuyk4MVe1cLlvniXQigsTGfxrSanQ3Ft2r8CRuwUJZ9R3qRygd3dqI5y1L7KJUjMOY8qtTSEU2StNqS4EZOJefn4s5kRVADKta7XSvLGGSB/P1avaggOa4aPJKaYZSX6UNDUokjCZGtZobF6xdJW4qxUUyibjUbYghk2Xy+tT0mnuOZWYS94jUC3GJGIAdD4YExVoYsou4m1BiozYojWl1cbgQkhLs+HcuRhFlJADKtcQ4jO9LkgJb/r6tWnOa1OG+R9d6s4jECs0NDU05JZ/dctGuLdydvkQEM5/aMbP1Kt6mDnMUT8GruqtwCWCtZ+UVyzdY2rMZAbqtae7K7p7F9ixLkIyTyUzioOZFKOfM2aWoXAlkWtLqyYQm4l2fBa4vO/zxj0tpk9X1qe8asuJI1q3k1Q5qJiMfas1nB1qVyUcYPq7FXdRelFhMBHt0TtRGd20ECMrkOg7Zj5Z86hO5Iz+bye2Yo1qryQQ092tHYnq9bbtFmMI5zPKqHfpsZqCRjy4OXFW5YVV2ahCbduSMMJGTDuVLZaXDmtDYlfSUhIDu+foUGDB4Oq00bsGMjI1fsTs3GMjZ6PZKmNtydK1Mua/YybNyI0tRw4JOBotwiZD6u9StxlHGKv6fkecNjZ9qhOVmY1C1bS5ctZxNyghh7ta/T6ghzSJAyDz69sVw/Tfm9oUOeW6VJWLSPLmrTiOShhcwSOrjPetPoG9deZxA3U6voVGEYxIxAAwB4SZK1Wlhegieo+TWqsztrCZ7PZKn/wB+B9+OH60Gd61Nwhan9Me9Wp5twU2Shw1KEXqZHqNNsOaEsZj0Xudqt8Q09m/KzBZ3CLJjEyB6tX70LF1nd08w65FnitLq9FqcfJ1EJL/x6J9HDQ5ktRO1QeWWHvUxhOHvVq9K3MlF/wANWb0LscmydTw0yVq9LC9BJFXeFTt6rnuXTkijEOr7+RU5MTptV+5K9Ith1kZajggFRazkrkjLqD7manZhDUwmAPy5xX02alb5I4kdcI1yREWI46KZxUUXNDuVKJIozKBntWas3525iOE61ZvQvRzF9zwlrX62NmPLHDN6HY9Wp3pzms1Vd2rr+pX0rSBKcnG+ai0ND2zQ1q7koxzAJXCKg9HzKhrpyj+ybBgc9PKjVxwbBWr4n8iM2IZCuE8Y1+q4has3CLbmTyhuYNmvtRUkVzYgr2aUwJTKrF6UJDFwlWNTC9HZCR1PBusuVw4cbNXi6XZ/MVlnerh3pSVlHyrh2W9OPllaNms1legtXb16I8s4xkOcJnPpmm7OUyeXrka1EbsMXoSh8uSCSE5ZPqdqkakiLYinpIxWtnqGSfIgfxSz/IrgGknC1O/c/antE5eXBVyawDydqWLBgqcx164ohMtApJDdKl0qDNkRiKrgCtJpizHMsM038GRkrX6P5gyjtINmpQyImEdzuVNlDI1wzPztU/w4rLVstyWMnMjs9KQ6JV2zGR0EqdhhNgGzuf4q1cAbV2KwlslXtMzgEeV2wKpk/wA1Hh85axjLDEBU6Y8iobARMBTvLPpgKwkiiTHFMIXIr0kVoNHCzAmpKcjr2DyPDuREa4jaLZK6G51DuVqWM7fNF69GuGuZ3vaJSANQu51hE7Q3rOVKNzDV63zQcGZDk/xV6VuMSbl2zgFX6FabVz1enGNgjbnGSfMxlBx07VDWNlIXdHdjF/5W48x9Q3Kt3rV22tuWd8IiJ7iDUTo1IyVaSccdyrSjMe7Wm1Mrbh3iu5UWMgREej4U64mH5vdPND+ZV61NEi7u2PNrRaU00ZZlzXJ7r2PQq9dlbGtCSnendl3AKXfNRelNMRKsWQG1H9+aDsdVpBlQyNkoSopQYmSPOpGFazitLq204csXqVGUZRGKI9E8GVcTc2JBuso1IlEU696tSzLDWvcYK0+0BDBgoclDQj1elCBlav6i9GRK2DBUTriWc5+pUNXc5hkGH+TU9YkXcEriPGNVkhZmxrgU9XqdAzvqz+ZLle6ULUpYmRe5kpcbVz4TJWm1UrTnrF6lQnC5AnFyPgTcDXFLnLEVQ5t67bIibUKTzXEkYRkdRrSb6a2vcyUNDvjdalzgp/lq7emST5skduV7NWUVgqEzDh3PX3ptai3ebLfjJARlHGTz2rUuqjF2s+6tFnWam9G3GYEpYzANjuq1Ytxs2rcIZCMQK5s3Fdx/rWC7OEssWH1Eq5CQ5xkqVaHTXL8syEtju+foVEjGIRAAwB4F12a4sZth5zq3dbSEv2Oz5f8AyrkMmYtaxlO0x74a0z/prCfuRozu4yFWm3KPNAwNIOyVf0xMT6lNuYZDCOE9asTjdYkzE47Ekzt5VrNND7Y3IRlyuI4wv8+9cN0jYhzyMTkbHkULjd67FRjkxVowpRcYrUNNau3YZeWLu+voVCEIRIxAiGA8G8/Za4quLR6rUzMasXZW48kt4mw+X/yta4kua0pmxa36QKuTImTsNaCa6cffHtms5BpMlXYYuEgyJhPWtRqLli7ZLenlJuXCHO7Ec92rjrZQjMYMzOYpjAVY1l3OL+huxT/lBLg/hhpcyPLG3aomGpZiiVMJW+aNRlsehWl1ecQm+z/Z8G8ZGuJae5cjBgDhc1PT3Ym8WoQzFEqWhL8jnkls6nd9BoMQCAAGAPKr92a8ka0sfl2Iw7kQocNDRWphFgKdJwfqJRE5WQmymO9BkyULnCUPbFCJhqBgkdvgKNaTWjiFx9B/z4CVK0JuVfsR5XatTbxeQMBEq5zDs7dirbmDUJZ1TUMgHkVmhoSr96NuJnCqVGertyYynKQdHzj2ajqbsYpJVGtVr5wMi9KLvEb+rhyXZxWccGUDepRT7cXI9Sodz0qM+eOTs4aWoTa0mrkSLUso7D1x4DWpfstaiZ+dTgqLuL/SpimatSxkaD/XkTpJpxms+tBJMhV0kCLJEw4cUyzsq8u2Xrii0ai0BKUbkBYMXGfRqEZysky+me04mzWtb7sao/8AzGuBcPmXpam8ykgkFln3ljGClwI1C4wibGR3q1bgEuVRk5wuTNThKPUoJsiMRVcFaLSfJiSnhmm/p6eA1qXIla6PNqbvpKrF7meSf7XZ86vRYqn1Ks5eIWpekhrfpUbkYJzAknA+TTUokhyVf0+MTO2yelEblqRKPuVEL1tTMV3QBy+fvV3QwvXbfy5yQXmWKYPTarVshGMImAMBUsL6jUo5BKi/ZGoTF5HcTcrh9nTxlKRvc7eh6eC1qOtahXUXF7zauxyiKI5E6jTdZQYyxzB+NaZPz2AP7yFCHVrUXHnsxj1ZjQ4DySipA5ybJhptzjBOVlh2TG5VievnfvwmRtQtzgBHdRFXLV2PELcmdiUJxXaNzIJ7m5WnvX5mLmm5JY6xmSM/gNRO1R3EqEuSWHo0jG7n0qFxjIRwnRK0+ojejhwSOp5+vgNXoq9K1OhvN65LZGSlXdPcg7jVy2SDBWm0tqxJn+1ceq74PIq9mMcjWnJXb8ZrtFce9ZyHoVFxWclAUxiXpuOsIL7ZSpkTYcxzXKm41FUokUhIp3ie1ZqFyUJCOE6JWm1Mb0QcEzqf48CURqVqKdK1dqIScdItEMRwu+KFjIF71rHFhTyrQuYFRaziiRQ5KH/Uy/8AVH+rV6KCIiVCSGKijUiotTnyQjL72GpONzo1JRyVamiI4TcrSXp3rayMI9ez4E64i/qrn8LVq5GcVNk2SrgiNX5ErEh8q4VvauS+9g+nw70Fb1A5r887jaMfRqaoslVaxVtFxTXetdJjobidSUf64qLm3Be5UulaLSXL8+ZUgOF/sVGMYxIxADYPAm1xF/U3X7tJKKTi4T+fo1anC9bXGE2TyavjETNcMjjTzPK5LH1+BUaUCrEN5PlHGfdzUxYtImGs4clRmIJSZKvR57F2D3i/ib1GQQPIK0mklqHLkt93+xUIQhEhECIYDwbnSuJZNPc9cZrthqBKE2UENt/JPJrVXIzhn8TuNcMRsL2ZtBQUGO9TKtLF7maV6ZoTGGmAjQsVKgrGjeR71oNFq70iF21KJF3mmyenrUIRtxIxAAwHhTMlavTt61OGUzU+HXIjvRZnbl9oq/ZhMRMj9K0wRhgADYKJYokVkShEawdaXANJkzUVFqfVatNRBmVExEPTw0zTAauWzDsVr4EflYOsmplWjBj1+H0rKFbhTmt+lDg+Eqg4lVpGR71FzEfTxbrga4nPErR7tSRqDkpztRKotZ+BW2PjHqVESR71bcwg/dPFvuItcTf1ts+7UnBVpzE+CYqLWcHT4RctL8FqPWorzHvVv9iPseLf6NcTz88/hMVJGoIRKilSqNZrNR3rNNLUXEqhhke9Q2hE9DxbsVK1vD/nTJ5RCr3D5wKjDlGL1KNms5jUSkxTsVDv8ZGSsYatSxM371BzCL6HipTAStRbHtV4xeu/xNBWMFR2KdymoPWs0NJSVBxMq05tw/hPGa1DU55u3PWbQ/AppKg70fARMUmKlHEiXrvVhzZtv3DxpdKvuWlzJfNWhoaH1pSsCNAC0NEqzQ9mtzI1p9rFo+6eNLo1qRSXs0bNCJRjNDWayUBl3pMd/gNezUftYKsGLNs+6eMmSrlrK1PhUBeUSnhkjotfo2fUWv0dc/er9Gze7X6Mn5tHDbp3r9G3O7Tw24d6eH3iv0ffXZq1wvUOFnGomAPI8dK5CvllfLPKvlnlXIeVchXIVyFchXIeVFuJ2oP+r//EACcRAAIBAwMDBAMBAAAAAAAAAAECAAMRIRAgMQQSQhMwMlIiM1FB/9oACAECAQE/ANgo1CLhYKFQ4Cx0eme1vaVC3ESig5nERha8cBzdo1Af5CCDY70QuYECpoD/AGY1dAwjKVNjtRe42iqFFhG4XQC87QYiIMmHSqqEZ3Uqvdg/KNwugNpk8S57dawfnx3KCWxBfyjfzQSxE9MkX0teVKfbkcbaThDmDPEfnRbQtbmM2LDS8q1L4G7pz+GYcnEYZ0uLQm+tSnfI3UPhF+UPOgFsztBMqWCWGglbsvjnbR/XF5h5hFoGljzGvfOhH8jKVax2rVdRYRGJCmLqBcTtJjp26MgYWMZSpsdqfBYvloDL/wAitnMY3N4Yz9ovCSxudq1Esv5QGwgH+6AzuzDpzKlLtyNq8wTw1OtsXjFQLmMQTjYnzXQ/HcSAMx3LnaDbMp1XZ1BbfX8d9H9m/qPHfSYK9zFqI3G7qPH2On5bd1HC+x0/lu6jhfYDEcT1H+09Wp9p6tT7T1qn2nrVPtGctzr/AP/EACcRAAIBAgUDBQEBAAAAAAAAAAECAAMREBIgITEEMkITMEFRUiIz/9oACAEDAQE/ANBrUwbFoa9Mblojo4zL7TOF5j1nPE5jqb2iEoLLFrn5gIIuNbuEF4XLPgR9TfFHKmKwYXGl2yi8ZixuYvLYXlyDGdzsIMKTEGw1VaWXcdsTloD8Qi82HMAGe4wvKJS1h3amKhd4beMX7wMDAz1ADbAG3Ep1M2x7tNVM42h2icS0N4FvxEXe5wtKVPLudXUD+9oP5G8U7YWN4BbGnVtsdVfujcQcYE32EzECU7k3ONHPbfjTW/0j8QcS94RLjiKABtgD9xWDC40tSRjcx1ALCNBgTaZgIj58FcqbiKwZbjS/e0bxwIlvuMhttFFhaCKmY2gAUWGlqb37YRc3hPxhaZYMOJTq5tjpPbDPPVfe0UEmwgBC76H7GwHdqCknaIgQaSL7SpTRVYhdfT+Wut/m2vp/LXVUslhGpug31dP5ex1HC6un5b2Oo8dXT8t7BUHmemn5npU/zPSp/melT/M9Gn+YqBeMf//Z','1'),(27,1,1,'boys shirt',50,'data:image/jpeg;base64,/9j/4AAQSkZJRgABAQAAAQABAAD/2wCEAAgICAgICAkKCgkMDQwNDBIQDw8QEhsTFRMVExspGR4ZGR4ZKSQsJCEkLCRBMy0tM0FLPzw/S1tRUVtybHKVlckBCAgICAgICQoKCQwNDA0MEhAPDxASGxMVExUTGykZHhkZHhkpJCwkISQsJEEzLS0zQUs/PD9LW1FRW3JscpWVyf/CABEIAVAA4AMBIgACEQEDEQH/xAAyAAEAAwEBAQEAAAAAAAAAAAAAAQIDBAUGBwEBAAMBAQAAAAAAAAAAAAAAAAECBAMF/9oADAMBAAIQAxAAAAD91AAAAAAAAAAAAAAAAAAAAAAAAAAAAAAAAAAAAAAAAAAAAAAAAAAAAAAAAAAAAMqzq5cM1vRct7t2Ocup4Htc51Vtq5hIAAAAABllnlvaL0xdXge+q8C+Xm9ufs8/nbQ8f9H4eznfS9Js2tz3189RroAAAA5Zwx9JmIxdda2iYmlphycvpqW4urVMVJutOek1TVE66899nLUbKACBy2yy3RMYes0vWs6EWhMSQVLTEkWpxdK9e/L0UlWc6W2tjrMaa4bb+UjVREjhy7OHnOqNfK0Y6ZehaOaOtopyx2JclO2Dkv0TDkdUQ520wwjfHjbO9tE6XPV4BaAI5OyDyXTy8L9Xfz9PSsSXhAREwTalhEiJixHl+ry5759kT0gOlQAAKef6PCdXRz7iYkRMEQC1ZAFq2EBAAAAAI4e7iOjbn3JtWSYiBE0LWpJaYElS8TBAAAAAI4+vzzs18G/Tn7bxKo96PncZr9RX5YfUW+Z1ifo48RE+5HkQn2Xjdae4UuAAABXyvW8k8G62zz76ZaCt4TnE1L6Y7QVvQkky9jyPXrf1Zic2wAAACPK9XzDwr5aa8E2pazRCFM9coX2y1SraCJrZFfU8v1adPVmJz6wAAAI830/OPnNM768C0TaLTWyYw156ujfHVMkmN0TFvW8T2qdfTmJzagAAAHD3YnyL6CvXj4d/e3T4NfpkT8XT67KJ+dv7lJr48+pB5r0umY832t71vIpcAAAACEiEgACEiEiEgAAAAAAAAAAAAAAAAAAAAAAAAAAAAAAAAAAAAAAAAAAAAAD/xAA6EAABAwEEBgkBBgcBAAAAAAABAAIRAwQQITEFEiAwQXETFSJCUVJhkaFyBjJAQ4HBFBYzYnCAkrH/2gAIAQEAAT8A/wBBCnVmDCSVUq1CDqCIEycym2x4wc0FNtbTmxyFopFdPSTrU0ZNKtulqtAHVptlNqHUGtnAnmg4H8C6qG4DtFEufi4qAFOSrUbdZ6z9Sk99PWlpa4ExymULdWZg9j2/UxDSIGZb7EI6Sb4N+SqlvquB1GOP0sP7qgLVpfTdnpPpvFGi7papd4MOAj1KkkoIOIQeDvqtUvljD6EqnBbleQSg4OC0rT0/Urs6ttVnp02sAe2rT1iXFUR9p+ki0W3RwY0dqKILiRzIACtv8203g2Gpox7T3K1MtcORacZWj632oqVhSt9GxBhpuIdQ1wQ7mTkrJY6Vj1yADUqEF7spKmIum5jo3lWpMtaeZ/ZMGZTey8jxAOw5k4gwfg804VBwPMYp9novJc6lTLozLcUKdMuDi1peI7QmTEwhIEBsIBOCaZAulSmu3VSpMtaeZREJuARJNRn0nZKlTcEUworgFKlNfCmdokAEkp9VzsBMfJQCcJgIIYvHoCgjt5KQZEoGHXErWCm5phTOy94xCABUwiSUTqtlAR7bAulC52CrU6tOoH0e8QCDOfig2oILyJnhkFKKITXIGUMYCAgRsFVQQU1xCLpQxVU9uk3xJKAk3lC4hC4hAoibgi2UQWppKY0gScztVGSiCCmEFAAKDUtjRGDKZJ/Uro6fgV0bPA+5XR0/KtRnlC1W+UIsb5Qixh7oXR0z3V0bF0TF0LPVdG3xK6Fp4lOogNJBOAld6JRggqizJxHIfvtkKrTUlpTqxarAHEVXvBDnO+Iw2jcLzdCCdWAc4DgYPBUWmpichuSAVUoqCDCs/wB0+p2jteF0wVUs9OoQSDIOYwPI+IQAAAA3TgCE8dtUMGHntG6dgXFHM7t2SeO0qGDdwENk7xyeO0qOVw2xsAohHdlO+8VSuCnZlA/gSnntJggDYgoA5QoI4IghQUFBWN43hyVVxBJVPS1WAHMbK60qnIN9kNJVz5P+U63Wg5P+AE6013DGq/3I/wDEatQ5vdzLijUf5j7lCo8d4+5TbRWGVV//AEULXaR+c74KFttI/M+AusLQOLf1ausqp7jF1lU8jV1lU8jVY7TUtBfrhuERG7OStBgnkgFCBiFAULBYIRigoWKklAJ12jBAqHluyrTmUBeDe64bejMW1OY3blaMyhdKCm59zVwFxF0hGMVov7tUeo3ZVpGJWU87wVhc44HBTEJmN5UqUZWjBDap/uA3lpGKGZ5lTF4IKkokwUTkE1cBcQphBQDK0aIpv+veWkKQCT6qQUIUhYKUXZIk6wTHGMlKByUhODShgiSeK0b/AEn/AFbsq0hOpva4y05lQVj4FBlQ5MQoVzk0J9ntQyI9k9tqBgx7IdLMlqFWM2FdO0cHIWin6+y/iKXnXT0D3wmuFQw0ym2S0OEik74CsdE0aIa4YkkneVGBydZgULIDwTbI0cE2g0IUwEaYKfZmu4I2Np4BGxNPBGwtPBdXt8F1e3wXVzfAKjY2sMwE1sQo3kSoCgKBswoCgKAoCgKAo/yZ/8QAKhEAAgIABAUDBAMAAAAAAAAAAQIAAwQREhMUICExUhAwMiJBQlBigYL/2gAIAQIBAT8A/eM6r1LR8ZQjaSYuJobs6xsVQvexZXjKLWZVPaAg9R7FuI0nSkZixzMV2TVlo/1FvoIzemrV/YjYjDqua0VavHvGc2FTp0/xiu6dmlWI1HJ+a+/8UmfoRnCgMCATKfaZ9ZVfl9LcmJdlC5dpmJ3PLWgsORbKdiwh7wGYZnIbx9XQOjKYylG0mUVWW6mHbVOFs8lnCt5ThW8pwr+SzhrJw1ssRqyoaV1mxtIiqEGkcltAt6/eIgrVVHPiKTaFy7iVVipch+i22m202jNo+U2zNtpttCjAZnmHsWfH3n+POOUelnx5xaRDa0Lsfym4ZuGbhm6Yzlun7z//xAAlEQACAQQBAwUBAQAAAAAAAAABAgADERIgExAxQiEyQVBSMFH/2gAIAQMBAT8A+8AJ7QU2IuIUYeMCMfGNSdQpP8VT5MAtGUPDScdqjQUqhNjVaBQnoGyhAMZLdtkT5OmUyv08ujL/AJogBltnYoLhcp39ehEcAdVNjeA3F4zBcRMxMxMxMxMxMxFIPaM1hcwm/ror4xjc33Rse8Zsj9FypDWWc4/M5x+ZzLOVZyp+oHVjYbnvvS9y7nel79zvS925og+UFFYKajxmCnxnEs4VnCsRApuPvP/Z','4'),(28,1,1,'boys shirt and pants',200,'data:image/jpeg;base64,/9j/4AAQSkZJRgABAQAAAQABAAD/2wCEAAUFBQUFBQYGBgYICQgJCAwLCgoLDBINDg0ODRIbERQRERQRGxgdGBYYHRgrIh4eIisyKigqMjw2NjxMSExkZIYBBQUFBQUFBgYGBggJCAkIDAsKCgsMEg0ODQ4NEhsRFBERFBEbGB0YFhgdGCsiHh4iKzIqKCoyPDY2PExITGRkhv/CABEIAVAA4AMBIgACEQEDEQH/xAAyAAEAAgMBAQEAAAAAAAAAAAAABQYDBAcCAQgBAQEBAQEAAAAAAAAAAAAAAAACAQME/9oADAMBAAIQAxAAAAD9dgAAAAAAAAAAAAAAAAAAFWxJYeaY+F9G2OGRkV+pGhv+rkGgAAAAAAD5X8S1SpMTFy3yva/GpWpdf4r57zzND/QJbI6jTHs4dIlOSTHXOhtfY0AAAAA+I40qFMYOCp4ZTDt1urX+vZ06DA2v1Xk5T2Kv3LHG7ZNQldZDSz1NXYpeM3XOYae500AAAYDHzie1OLzqyETKDwxM3vTxj8yfbJTk3VOccEjGym9zq1w8no+zl5w5prnto8bkOzLZahJFlY8nQAAh5jXOee7DU+DbjbLXSuyPzPdwMxES+pXl3V6zik9ThJgyQ09Uekz1pgJ6ckcMTvcniTiLpr7nOwAB59CIrVzgcVOEm9PjWjtakj1VKfrtgyrTyrrfOmV3osZMZWem3CqXzuNprdjqaVZrVm5bpyfz70AAAAfI6SxlSrdyp0q/Kwkouty8btTt9plqqvSJX5mxM9QU3iJqbiJaosG7o706CgAAAHz6Img9G5tNVvfjNjK0/ePLO2vmPQtCs5v1t7x53GXtx2JOLlCfkIuUAmgAAAANTk/WOUzVW87OSekfs+suZIYdLPWWU93z8fNwJbRlKmVmoqVAmgAAAANTkvXOSzUH8+/IvDlx+m6EZPaOVX+yfdi+eL39+9ePyYjN4sMrFSoE0AAAABr1K5VuXPYW66fC6t6ufulG17PgzfFlySfTnCyMrvVMF8m4rKse9HSOgoAAAAAw5vJBwF3xYoW5adKJqOSV0JqZltCTtCpnaNPZ2fun0oAAAAAB4i5GmEB7q/zl2s+Gpx0VdKy4hs9wl/z9OXPeIOJv3O4G8c5z67x68e+/AAAAAADDQr5RzmO7v/OfSqWCN2ZuZ5r0CsFR63OxtTFWSK2riCw6/nlf6A39Df7cgAAAAANfn985rNY81bnKnSirbotr8bu4eXW4ePGbrx+Q81U53Bb670LVskYyT3AAAAAB8I/mnReaTUNk0/eXY9yt7t89mr3KMxu5PsJufNTLvzf3oNPufTltTUJNS+hQAAADz68kNzPo/IprV2MG3lZteSwbn2Yrfok2nZ0wLJGtttihJnpy2rDU7Y36JoAAABjyYyC5X1bk01EbO7GRc+xLiP0ElNycX6mbiVrviY3JSUrspUSNwqVsPYmgAAAHz6NCg9MxnJNTsGNXIcPYdM5LcrNKJpEf0iLOW4+ubDeaz939srdhyfQAAAAAAAB8+gAAAAAAAD//xABAEAACAQIEAwUFBQUIAgMAAAABAgMAEQQSITEFIkETMlFhcSMwgZGhFEKxwfAGM0BSchAgJENgYuHxFrJEgpL/2gAIAQEAAT8B/wBCPjEQ2Cs3p50/EMPH3s3jYAnf0ocWwzRCVLspXMtraioeI4WeTswxDdARa/8AEY7FZT2atlAYZmO2vSkxfaTzRPMGZWbMBykKdQ1/TwqTEPHeY9l4Mxvrr0t92mySKMRC7xjOzDTRidKkaeaWOZZAFJ5SF5g+lvWoZWcc65fDW97fwkk0cQu7AVPxmJOWJcx86xHEcXiLoXKqfDTeuG4xJOHR5yiuLxyXYXDLpe3wrjU/2SLC4mKPMpVUJHS+3wp5sS2bKh25Rm2/Ks+K7NU5tL3JO9cJjM+LMuh7M5VVrgF9Nvh9axU/Y4J5C2RhHckHZzp1rB4+ZYYxMe0bKLta16ixkMuxsfA/wOIxmRjHGhZgLknYXrFyPiGWXmAfxFjp+FKAHN+jVZS5OlYaaHBY8xzBexnyyKSO7Iuh+lY0piYDA5HtR7LW2o1qVsVC7pKhDJvGbco8bivtk7XCtzmwUBdWB0+tcLwTw8OCn2jam19Lnx8da49PHKmHwsTZmlkXtCAALDpTnsRGb1JdFEimsHi5iwRT8DSyo2nX32NlywyAPl5Tdge6Lb1HouFLlg4uqi5bOB+F96DlmUupUtqAb3I6GnjOQnzo3UVxMt2KSC943DC1DDzYuCF3cK55rEAhb9PSsdwrGNhud1MsaN2brub9L+FcHwskRTFy4XNKGsi7ZQd21+9UJmbKewa4W1r2Gv0psNL/AOQT9oO6BlttY7fSscdE8qHNhawRyJI5O2l/CoTHLEkmZShII12y1BMHLLnDZTbTy95PIUQ5Rdugp19lmxBuzcptfW500o3iVLqAqZtuUBelYlnkkgBJ5Wvc/eDDTbw2qcWsPz/5oxjx+tYvD54nAP1pElmiilgmADIGsRfesTjPs8KfbJYlG17kX+FDiPDUdfbi52sCaUmUXXErl6WFYiC2LDA3PZAE/OsXrpfbyqI+wtf6U2IXC4qAEOGK3DqfFtrfCsKBNG2ezR9L760SL2C7Nakfo1xrYX6+6kkCKSaxTSvi4RmssrrY3tqNbefpUjR5WUOXbMW30sOhI2Wi6B8w5my94m23/dY2XsMRho8p5zlFhoNOtYncUlz/AN04YH/mln7PCezZVbfUX+VYWE8cMmIxLNcMot6C+Wn4ZAHiVlK2S/jzH86lMqthYMM7Lma7Mp6D0o3VBmJJy7nyp9ajJyEU8SricK57xQqnqDWGN8Nne4stmvcWvvTse1AXqns2I8KRknkEqA2ym7W2YafOkfNodx7iR1jRmY6AXPwqSXtWzZrXAyjrr5V2iXWQAy5SACuu99fmKkDdsoCnVHNwLW8qYTtmiue9muwI8DvSyF8doO8/Nc320/8A1pWL0tURsdaYAioL5HQW1GlcNxKE4tw4B7XQJqNRvUs13N07zAZtCSBuTXDsPmlMxHkB4CpjfSpeUVCL3rs1dFMgIUaBgbG7HasJ+6DMeYgC5006b9axCyMQ+QNz5dNTk1ppHRbKSxZfZFh1OupGwqKQRxLK9oy3fDNsT40rBxcEHxt/fxYYxHKLka2oBkLCLNdojlsQQDrbVqRZwI497qc2a2bS/h930qFMQVviSoZVZdD1NTRPaz7BNRcmwO4v1rDgs0Tsp0zGzd5b+lqxvdvSHbTrSnlvUWmtcSwgwOOkxK5VWfui+UXGpqGF5QIebOCC79bDy9aw4CJYfhW5NYxwGt+VYbuVFlQdoWy2638fWsMyT5rGN1GmmvMtYjWTMFAzELnBG4pwrE82hsAdVNjzdaiXtXGdA6LqjWt8wfxqONYwQt976m+/99qeNUYsEBLeX60qG8syYm5sVIfoEy9BQkVhnC3XLcNbxqcrinGbMqp8AbePlUBzEy5MrN3hWOv2NxUeo6/WoNRrS3t1rjNp41waC8p51P8AJY71hMGmDwxANz1PrUJ5DUfXWsS2adqQZYV8zUwk+yuI+9kuAetq4XjY5kQkkt4kWFzUrq0n7zRWYlQT08bedF4S0WWQhclhlU9DuD9KjTKNd/cGpBU4yg2QkMTe3n1/5p5/ZmCOy2Tx2uKijIw7q75v9v8ALbpfrUYGWsUqthm0G1QAW2rCgA7Cgg8Kn4mMBgpcb2eaWaaQX8lNYDjhlDQ4iOx/2G41peUdfnS6KTf60eaVtfveNPo0MdDvr5UMBLgcbiJoMxR/aKB0N9aSWKbEvbtA7W3WwuL9aw6uVDyplbXS/T3TrcVItTYRHe+y2At5Dp6VNGsYORbX1PnUZ0pxeEisPmAF/CoDz19w28KwGGixXCeymQNzta/9VYLAYTBqUiiAvvUmhrXJ8KA9vr/NSXknV/Chq9INaCKGzW195Il6kW1Yrao70+sdItrfDxqK4YUNUrhQ/wAEBr32/wDah3jvTDnN6bRdztSrmnX1rDbXvS97ek961SrWL0vSmr8uwq2g0FIdV/X5VGeSuFm2D9Hf/wBqsSM3lWubp86bNaokbODb61BfKKXeo+nvpRWO60PKulC+UelCsOdAKxj4uHhkv2QHTEyhrfG1cGxnEmzLmkkj0DFxa3jVtdaK3qNbEVHsKWo+nvpBpWO77eta32oNpS37MadKG9YZjfasBzRYoeOIkruAoFFWOc0FNbW0pL6Xpdqh989cS1lsf5tayp4Nf41lQj/NHzrJEF0Mv1oBbHLmv51EyqelcLYdlOdNZmqyk9KUAsaGpNyd+lZVuO8aAjv975mkC2Gp+dYfQm/82nvnrG6yt/VXX+wHkH9P5f2O+Vd64UyphJWdgAHJJJ8qw+IgnBKSK3oaU8zGhXhS7C9JSbj3z1iz7R9PvV8/lR+Pype4P6auAKlYEHUUMLJxLhUsULgMJb772FcJ4RjIs5LCLS3Id7ClWwFyKuPKvlQOg1FQn0pdx756xYZWYNob1pVh+hS7ChRF9NfrWCmOEmyHuP8AQ0i5QaGteNCugqM2IpenvnrFokjZTqbXy3tf8aOFRicj93Qr19dPnVlZrLza20160iFu5rz5dPHegGG96b1o4btxkzWzXVSfH9CuHTkw/ZpCS8aLqbcwOxo6ClBO30FJEzWtfUfhXYF3UBh3bn9Golv1scxUXFrkVEMu/VR741ixkIfW+wt5+tqWPtY3icc4c69eb7zAaE6ViI1D2AW55EtroTfaoISqHsZP6bDlzeNSRu5Oka6CxtfQbg12ME2Vo0a4mtKgObf8qhijmlXJHIVBPMyEbnbWmwOAgcT65URdS5OVQLbb0mSUOxR1XKCBlNyD+dYdow/Y35k0Fz3h49auQG8Rp/1RiLI8fNzjveN/zp10LQsquH7zDNq3wFqw9jHflvma5BzbefvyoI1p8GjXsTqLH9Cnw2LRuWxGa9wPugbVE1ohkfVszE5dydelQrIq5mOa63GliKxYaKKJxJkQOM6nr1+d6ZhJFhu0UqGlUFWHiaiiVsMwzMc6/f8AMkikB0Zjr1NrXqYNE8MwQa8rMPui99fKo8jLA0crvZr3vveoGkk1eNkAJADb/S9fZ4TnugOe2YeNqtbb+ANGnVH7w/RowjMCGI8qlgxZZDFOgturDQ/LrTcOld3Yzf5quB6dPLahCWHtLXNrkeK0AuvmLfKpI4plCyKGUG9j5UMoGgA9P4E1NN2aM3gL0nFMchm7TsmvrFpa3kaPGZkQs+HGg+4b/lR45H7QCNromc+lr0vHEky5FJuLipuNNEyrk1a5GvhUX7WCfCJNEpZi1mCKWy+t7Un7VMYVmME2Q35uz00/pJrh37RJxGcRwyRG63HiPWsLxsz4cTMY057EE7AUn7VTe3UQB3RrALfWj+0PFRKv+Ei7PfW4NvjWF4ljMR2LHDwhGNm5zcX+Hv2ribhMLKSbDqfWnPdPix/CtaZlQFvL8aThsLjD95MrZgAal4Z2srSie18xAI0F6i/Z3iSuuEjxEUyxNcqSyrrUn7McRLeylhiF9g7nfzrhP7M43ByZji41/pBrDcCwiZ0dmkKm+p0N9dqdYo0EcSKq2tYC1Ytboq+H4Vwqd8kiFu6A1/6TQ981cXDthmCWv4HrbpUEqThHiBy5bD1qRSmTm6U7MSqnqbVnyyCO+qx/jWYWNqnjxLrjUwx9qbbHUgVwjCcTUuWEiDT97rqN/hUSyhRmILW1sKwMok4ti4Sf8pD8tKHMB03qU3nYXsAtcFUS4qaFwdUO/UHrWHzdkl9wLH4e+euJNljv4a/KsJg1w+CgiHRb/E61KhYV2auwubMu1OjRzNIT3rfSsodCSKwQycSsCcrK2/lUyhVBoClwn2bib4wEc8OXL5g1K/Yp5nX5055s2vyoCYGOaH95G3zB6VAS0ak721989cRfKR6GonuKK1Lh83MN6luVtUBuChO4qBCuNhv0zfhUzZ2UA6UjKEve9KpeXM3SsY+Z7UozNa1YaIC16g2I8Lfh76TauJHNIB5Uhym35Ujg/wBkkdSxtG1wKzZpEv5/hXgAL/CgtSPlU0+pqFB2guKgjsBpUB1I8Le+l2rF/vpCfhTNrUbmwpZL13qdL6GnjMUq+HQ+tRLyhjRPMalkzGwoJUScw0qMWQVBpK/mB9PfSmsa1pqJN6QabUDakkoHPWJSybX5hSEGJenrUslzYbUqG4rLYVAuooHQVF+8HmPempjWNszMDbvURba9ID40VartYVHJrv8AOv3kbKdj+VQjtIgd/jRUA7VmoNesML1awqE+0X3p2qWsXLfEMCRo1b7VGdacctZaYZaOJCQyMeimoCYcNHiE7uzj160OzmUEdamjKXoGzVhgct6U33pG9tHbo1vnQ941S1iI88hplaM60D1FbqKGm9SyA6CjF2oKjrXClc4GXCSD2kRZbeIrDytC2U30NqLLKtSRkNcVg25bUxtUQ6/7lND3jVLUzc96NnFMrIw8DSfu7mpT7Iny/GotbsakDRwgjRn28gOtcPvhpL9DvXEcN/8AJj/+w9Kgm03rRqTlP6/Og9zb9fnSaqf1tQ94akTMDUvCWN8snzFNw/EoNAp+NSYWWy3iPnpRjs4jGg86nJEb39PnWGhDlR9KfBdo1/gPhQwNla29qw0umQ+H41iY/s7iVByNuPClkOd1vsKjSR1VgGN/Ckw8pI5D8ajw83UAfGlFlAPvitGMV2QrsRT4LDyDmjB/XlUeAhjNxeslZKkwEMkgk1B8utDBwZcpS489aXDQqdI0+VZat/oH/8QAKxABAAICAgEDBAMAAwADAAAAAQARITFBUWEwcdGBkaHhscHwIEDxEFBg/9oACAEBAAE/EP8A8GtFuCPWwhZHHLeofzUWKCoWrzC73unxZ/DmGHPNsFDf/YoAUP1m5eftxFNBjCI7sNGgjKPHFE3ZZTWVg6iVNDK7SnBRqHQtzAHOxlqEC1oe4cFfX/p3Kn/y7jj0lwPtth2ClC1Iqj1iA6hN5LBhiXFX6cBgFWJfD2w6nGzFvZ0RXGVYCqqLbwc4rzLpmeODa/FabGM/AlBBUrovM7YVqq3VVAgtvA/9BajnRyEJd8uNEsLYUJmVkc+yKFEDZ5IEBSzioK5ncB9WkXFH6bORgtvBKlQPuXkWcniIjhXhQrVYWuhxBmBTob1pnQMHPGGWrN2s3RLq4FgBC9QJUGrPtL9di2WfqM5VaqXn+/VWpaNx8blh4TcATkZU1rdAnSviByIaWRswY4w9wWRaH8zg+mDdLuFR1rk5qBDMdRuSIO1bjII4jzLJzbhYqRBFL6186IJnDqtrVBs+dzFUvsad0egVGKRqko4ma/qHR2ISG13n7Rya25Dy3zkyYrllilQQmcG7xvrj01j/AIjB/PmuuZVRpqdOc4LW9GriSCnZae7e1VxcThEwC2UCszMoAyZS/qhlOFnTr3lsy0oA3AwGqPA8xAl2tzlxlGRa/EN5zVEFJ0wrKhIFyzeV35mcH/o94yur/NxZExgAFpLY7YuX0M2BdjeXneNYxUtHqTvCdL4zKhbASp4A8/z6WZKtHbMbGK6bTR0xpmWB9QkYaX2BysICMmyaVa1/aJiLxQ8edl3qWN3HJ37RCXeP6RU5wqf4y7MmBQrnfd5rMT7tMCxKzgXkiiTOUys4qgbqNeSq6ZnOLf2jcAgcy09oKq223rz7QgB54/UGla0rFzN63upbWVANRbt1hMzdHLYXS8vz9JW6LdjSIi4FZxqZxVsKfHNVz6FIRSdEWtI5OLVfhfPMbWwfoUGm9CmoG/6PDUpinLeeYpcgUme8Y7wWLiDgBtQqji1vkTBA2X1/MHI/1SxEzEFLJdPcOxi00uwPbNy00NWr6g8HG3uFVhRbs1AeKI2DQQGVpX+4w5DcTgO4gIcPYiWxUIu3WxpRzDVSxhCgbbKtzZSajfMW5VxTYtZJvDg+laerxWMTjuCy6aH+Ef8AkxUTQGr7gfK97WItjxqliCHCyXUF3AalbCyv9CsvaCpYNXm9SyG7LPu0cD0U3DclmAYQBUVWO4EwOuj5lOz318w0Ay+0Nirc1UioGx3zecRtoZljAyUQFcNTKOjymLhj2YIN/d37QFl5XZ5gIUFGgxQq8A5irS0AtZ5a8xWKFgn8mQ4SD6mm0KlL2yXdaxFrNWqlxfMecIHQFqxXtlz/AMziKOILpjdW7yb5rcAVrfXI2tC3eB4zcJWTSFMscwcuiheQEe4S6xBdqRorP37Y0wcHmJ0WuAjRx7/MNhX5fMGDjI1YATeDNS5h2qBlcHB4hKNH2jGz/D4ggUavk+IWtdG/1CEDco1spxyFRZUB1Cqk4W9RDgY5AN0eZg3higMC0Cw6RbZb3EbCzo0ePQFkphnoDEw7r655DmKmtU0VyB6biL3YCykDbZXy7IQ0JnV3GWxE6jqV+3ligq+kuDSrzBACVKFoPsFEpkaApqJmG8sDXKOuS01lErVlcoNh25YKHpKNMAjUBrrUMVcQSxodscdZgeDSG1cF881x6VhKrEgpJZybR2vCvJB4MqG1gy+0RpkYzxdiTGbaLfzGAUZlVQzeU4VtN02zEhGxzzNE4riXYHfiOEwu/wCYUjgO/dmAwKPNRYCIpYeklkrLLDAlh6N1FQyrzn9wYQceX5lB5Ma+HvEmLny/MqF3rt+ZXhK5Xt5hpngc+/mE2H7/ALgE2HaWpXW8ncrRZZ58ytX/AD8Tch6gsmRlh0s5/UQTBjGz4ilcB3+oJxmv9qPZRxizqLxQavZ8S9cUNpO3iXACnf8AxFSxa/8ANR2Y35/UsLKz/MSi4/MaHDvv9xXpD1HUwsVI8/1BkRp/uDll1mWPZJbOjMvQxGsvhkLX0XHbGbmGsg8OoUXL/wCBkvZ/EFEYKm43HYoeozMjQqGRK4rfPxEdD8/Epwnjlzg8S2xqGI7+YcPjsdniC0ArKCce04A98/EsAhKadv17SgA4OYaHyRLUPV1YBwEHS6xUbcD4MIA6raRmFxTqwVce0F7Ko9+SGEoDjURaojjo8y4ej117zKJZVlkyVG4Fqq8a8RDkji91NJTHARAePf5lgLHI3iiHq6sTl6Uz/wCJxn+JgcaQNGHGo7pl4gpmwAYcx38XZZWIl8w4mjRM2sYH+Iq8Iiutx1A9XWJerammYdm3bolMB+T4me3hrxDcEY/ySod/dAU77zcAD6jOXi2+74lSsBmmFjm1dyx00B/iBmsoxcJQv7ogzEPV0gKdFqUluvsR2UX7PmGrgKE4OYr5fov9R7ozYRW4xW9ADmsR2003W/mUGLx/u43gDrzLO7156hYFOvPUba65lrWfzD1RYxAQB4dbzX4QUtUOyMoNVAkOEWHmcFrbVjZis3DHOu805VO8dQUuTysp2o6YDgLWAUW1NFWuFF1BKthTfvLVO76PiWYFzWD4i5OTlwYVvRmYzhnFIcYF33qoby6Fo2DktybMJHFItLWh5rxffrC5R9WLgchNK1bq5dwVJtq0KxDmZK3LcpAhQBuCYoQqoA2IUR5RW2l3a5lwIBVARpjfshADcoJCKRXAKtRKYA1b0HZTC605gZraYiNdFhXIsBHDxqPfGWKLQzFTWCgugogpM1bzBjbSoDC7UvMWAOFXAvt2oDmopgPFktG7S9XZiNVbSya3/iuPWYyAJ0yohKy+PDo3AVCHIVXMtPmXA7HgAHM5L4ZYgivGDk9uisS8J3SzcfLZ6yxUyswWiqOLL9sy+STIyZUXamt6iKJNhVcrC3H1h0VLZG0w6aYOR0wnkTaBaxxo1RVRRqhgUxkuEilkWppKxTXzAAAAaAoPXWIiJpB3vwplMwFYWQq0kcQrDeRbrCS+uLTJgXRPYTicHZoXorX3gW1NKx9EPrAar0hEEHAqDB9dURjtuPtBuiABN19fObuIGFqKlrQMWmAxKzRj3hmx9pZwh3u2O9pYgN7v6lQc/Dpjdtk8TRDu9uNXLh2kW2WDVObsl3ldgtJfu1cQ58eDzxeJh5VbV4KhRwXGTajD6LB9bVmMkBZVCIW7NFzXC+uYIMfT/ajRC1A1lBVX7QIsFqRdi3d2Wal79li21ap83EEVydVUK2zGSXM8F20tjvCgtbhXmondN4vBmBXWBD8QyDKTVeX4ZgEQk4s7v3MRW2afW1ZaAtZooX7tR22thocFv21GDa8my83AULOw/PzA6AVOlvxK7jQcfrxEI5JgsBJUxZzuk2PdqYlwtQLy6l5mqb3ZxqC6Jz7pMkQmzDefiHDl0eR2Qkeo9zCHq6MWqXnXvpACzdacOv8ALFFqIvEMrDfIXWZYIc9aK0QBJxuvLEJApFzRmSgocw1FLOPsS4cB35F31iYi7doZpV/3MhFqG7eZYkWR4pivZpg2ggg0NZh6qwyo+eDXj8wkUDb/AHCwRH1uBKux4fLPCQ2e8Uq0iv1MqvAZQlHJGOs0Q1rAg/uHkYMVfzMaWuD4950DenrBzE2On8IeqqUYHNZEskb/AKQExzxDI7+uZbmudJ7wDiUaYbcYa1zaYpBd0jWWYDvz9YlTCmK+ssyLb5r+JvFeLc8kH+A94Lyhf7Q9R1FlL1WgKdUQjFBhksqrnKqFCh5gBPCYahilpehoyx21JSloftj8BUJcy/WhXdwCcZ/5EPUdTEy8osSmIFsCliq5PmBpf0WIVlee+YApRx8xiVUUTNZ/cQiwHhHQ6ttXP48xCNPsX1NgWvH6gqVm/wDbhdT1GH+ncPU0mBmxC1WXMhQK0LANC/HxKBqAWDr34mcOD0+v9xbHgsTKOX9SoL034eYpaDx+Oo5XXPXv8TDGutxwXQERgt8TIvNhD1N0e5QIsS2rzFBfY17wnlAtTmo7BX+f3FamEX4lOq08c1K/0hT40H8MSkWIwgamMSYA4gGLMQAR7E9VozJjW7Hdi95gAJV+0MRne9wcRHXEsrGOc/SMll7xmXrzjUFMXc3mx+GO6gyEyb3OyutntKQV9/ibxLr3lBDfUr6JqVyeq0grPWZbat3XiUmTVuOfpUFMPIL+4ypUX0e39zG1H3wLoElueFn5nudEpTdn1dw0ovSXJyPpGKgo4v8A3LLH2eP1HR+YQGNNb/3SYITPB5Edg+oLJSHSJiYY03XREojeymPrCml5lv4lOGjNHH3gML0E7y/qVsQEBGWZkUAB0QIhsr3rEDDp4JxwjgVp0Lf2j0EeLnEsNgui1KYpreEAoAvI1GaWhS+qgwHiI4j1RQpBPMNFVkQpPrAM8eFsleoAlED3dqPcQSA2zEyzGew3/EAFGCEB/wBKpUqVKlSv/qP/xAAmEQACAQMDBQACAwAAAAAAAAAAAQIDERIQICIhMDEyQhNAFCNi/9oACAECAQE/AP03LEdW3U/kSyIvLst4l5Mn06lVWlcpwvIg7uR47D6yuU/UqQvGw6cXHkU6cV4mRp4KyKjxjcjum7jRRd4zZ5KvtC5CMXKyGVFeJ8idtjGsR4lNWpiKsM4FGGERviP1LxcbkFtayMJZXeiKmT6Ipqoo8yWn47eBbmIiP22PexaTWUbFOGEbZ6vey2ifIvlq971av5KdOMI2Wr3z8HIvIcyErRsy5eQuxgYSHCQomHIt2GcvmY3X+ZFPNy/sJ5KPCYlXl7TxIZRli59hluJEmsuhCnhGwv8AR9dhiY1qxLsPS41quwxaXFoh73r7HyeRD7FiwlbS36n/xAAkEQACAQMCBwEBAAAAAAAAAAAAAQIDERIQIhMgITAxMkJAQf/aAAgBAwEBPwD8igcPtpRGrxKT2lR2iWtHsrSL3CqVFIqVKj8wFPLESv0G+b60tbA8EPux46yEXx7C9i+4ZTdpE3cgtx9dhH0TKbipXn6lZwc9kdpAY3fzzoYxeuiGLnQ9IPCWRVqcWd1DHVc61a2lpR9tVzrVPHqirVlUld6rsXMy4+vXS359v9iJUvonw8dhDF+w5UY+IZDxcbqHYRlHIZTeO4qVeJK4+vg+bdhDQnrAmxc60aEy1z1GLnh7DEWH0EMXOjzp4Po9Ri7Fy45X0v8Ak//Z','8'),(29,1,1,'boys shirt',60,'data:image/jpeg;base64,/9j/2wBDAAYEBQYFBAYGBQYHBwYIChAKCgkJChQODwwQFxQYGBcUFhYaHSUfGhsjHBYWICwgIyYnKSopGR8tMC0oMCUoKSj/2wBDAQcHBwoIChMKChMoGhYaKCgoKCgoKCgoKCgoKCgoKCgoKCgoKCgoKCgoKCgoKCgoKCgoKCgoKCgoKCgoKCgoKCj/wAARCAFQAOADASIAAhEBAxEB/8QAHAABAAEFAQEAAAAAAAAAAAAAAAUDBAYHCAEC/8QASRAAAgEDAgIGBgYEDAUFAAAAAAECAwQRBQYhMQcSIkFRYRMycYHB0QhSYpGhsRQVI4MlMzVCRHJzgpKTsuEWJFNjokVUhNLw/8QAGgEBAAMBAQEAAAAAAAAAAAAAAAECAwUEBv/EADERAQACAQMBBQcDBAMAAAAAAAABAhEDBDESBRMhQaEVIjJRUpHRQmGBFCMzwUPh8P/aAAwDAQACEQMRAD8A6cAAAAAAAAAAAAAAAAAAAAAAAAAAAAAAAAAAAAAAAAAAAAAAAAAAAAAAAAAAAAAAAAAAAAAAAAAAAAAAAAAAAAAAAAAAAAAAAAAAAAAAAAAAAAAAAAAAAAAAAAAAAAAAAAAAAAAAAAAAAAAAAAAAAAAAAAAAAAAAD5csAfQKUqiXNmObp3xoO2Kber39OnVxmNCHbqy9kVx97wgmImZxDKD3BzjrfT5f1qjhpenUba1lV6vppSc60affher1ub7/AIl3r3SbuTaf6DqtGVDVdC1BdWVOunmhXik5xjNcVGSanHOViT8BEZTes0nFnQWBg0zon0hNuXUIrVbDULGo+bglXh96w/wMpo9MOxKsU/17Gn5VLerF/wCknplXLPcDBgdbpg2HSj1nr0J+UKFWT/0kDqf0gNk2cG6EtTvJdypWvVz75tDEjbeBg5n1z6RmpaxXpaXs3Q4217d1I0KNe7qKrNSk8JqCSjnj3tozar0zW+j6s9N1KzqXkYQiv0ijJKTljhlPhxWJcPrchhMRmcQ3CDGds760DcTjTsr2NK7f9GuP2dT3Z4S9zZk7RGcptS1JxaMPAAFQAAAAAAAAAAAAAPlsSZa3NdU4ttgVp1EjB93dJOg7cc6Va5/SbyP9HtsTkn5vlH3s1v0w9I11HUamhaRceipKPVua1N9qUu+CfckuePYaiq0+xwKTb5PdobTrjquzzdfS9uDV+vS01w0u1fD9k+tVa85vl7kjWdxKdxUnUrTlUqTeZSk8uT8W+8qy5spteBSZy6FNKtIxWFOlBPrU3wT/AA8zN9iata6npl3tLcEpK1uYKFOaWZU5ReYTh4yg22l/Oi5R7kjCorEsivTVXqyTcZx9WSLUtjwlhudv3kZrzCnujQL7bOoq01FRxNdehXhxpXEO6dOXJr8VyZEekxyafsZsjR97pWEtJ3XZUtR0+o+s1Vh1039bHBqX24NPxUj5udi7T1yTqbf3BW0+cuP6PcU1dRT8FJONRe+HvPR1zHk5M6eJxPhLWVWu0nx/EjLq5X1l7jaj6Gas5N1N1acqa4txsbly+5xS/EuKG09j7Vmq97d1tevqfFU6sYqkn3fsot5/vzS8YvkR1zPEI6YjzRvRho0dE0utu7WYSi5U3DT6L4SlGWYyq+XW4wh7Zy5RLOjcVr/Uat5cNSnObk33Nvnjy7i53Nr93uC661V9S3i+xDOccMZfLLwkuCSSSSSXAtrVKFNJcEZ3tiMebobPbzNu8tx5LurWk5Z708mc7R6VNw7fcKM7j9YWUeHoLpuTS8Iz9ZfivI1/OXEpymo8zGPB0dSlb+Foy662V0jaHupQo0KrtNQfO1rtJt/Zlyl+fkZk0cI2l3P9Pp+jk00+afeb86NOlWpRqUtL3LN1LdyVOneyfap54JT8V58135NIv83O1tl4dWn9m8QenhdzwAAAAAAAA8Z6fE2BTqzwma16Wt3f8PaJKNtNK/uc06C+r4z9354M41q/pWVnWr3FRU6VKLnOb5RSWWzkfeu5Ku5tw3F/U60aK7FCD/mU1y975vzZW04enbaPeWzPEMb1KtKdwptttttt8WyUtJqvbJ83yZB6k8Tj7CT0OeetF8uZm7FeX1cQxyWCio8C/vYYLaMOBC0x4rZxwwfc1xPnAQcGurJJrwZSlbUm+Tj+KKjQRMWmOFL6db/FGVP0Mceu2vDCHo4JYSbx48ioxgmb2nmVa7fTrOYq+YrjhlxF4RSXA+s8CraHspFtdVMRKlR8C0unmmFZl7pTbvYPzJ7cFZW1koRfanLLIXQI9e9iipuq59JfSpxfCHBDzTE4pMupugPeD3FtZafeVOtqGnxUMt8Z0uUX7VyfuNns4u6KdyVttbjtb+nmVOL6tWCfrwfCS/8A3fg7MtLijeWlG5tpqpQrQVSEl3xayma1nycjd6XRbrjiVQAFnkAAAAAHjLevPqxbK03wMV3zuCht7QbvULh5jSj2Yd85vhGPvYTETM4hqjp93a1COgWdTtVEql00+UecYe/m/caPg8tlfV7+vqWoXF7dzc7ivN1Jy8W/gW9LuMpnLtaOnGnWKrTV3icfYSGgvNWn5xI7WX2l7C+2z2+pLwi/zKtIn3sJm8WZcih1MRLuoutP2FKS7BDaeVhUWGym0VpriynJPAVU2D2SPFjAQ8PccGHjPNH0seKCXyguJ73svdE06ep17qlGXUdCEaz4pYpqX7SXHwXFLvK3vXTrNrcKzOEZUZa1ONNlzV5vw7i2jx6yZdErvbPDUFkhtRrutezlzzJsltGzC7qP6sJP7kY9TfXrrJKtp92IZFoeVx8DpHoI3f6SL29fVOPGdo2/fKH5te85y0iPVivMyDTbytY3lC5takqdalNThNPipJ5TGcTla2lGrpzSXabPCE2TuClufbdrqVLCqyXUrwX8yovWXs715NE2zblwbVmszWQABUAPHyAo3E+rBs5m6edzz1LXv1NQbVvYSzU+3Va+CePezpDUpuFCUknLCbwlls5h3bsO5u7691CxuJTrznKtWhLLcW3l9ZNdeHvTj9oTGfBro3jTt1TGWtJvjxPukVL+0utPqqnf0JU2+MZc1JeKa4SXmmUqfJtPK7jOazHLraerTUj3ZWmr4bfsNkdDezbXXNFleXta4h+0nGKpNJYT8145Na6nlteLOiehS1VvsWxa5zUpP3yZzu0Na2lpRNJxMyvWPeyq0+jjRYrtVL2XtqpfArVNgaBSo5dCvN/ary+BmfV5FrqcurTSOFO61p/XLWJzLClszQIv+T1L+tUm/iVIbT0KOcaXbe9N/EmpSw+ZU6uIP7jKdxqzzafvLTCDe3NGj1caXZ4/skfdPQtKWOrptkv3MfkSFV8eB7Brz4lJ1dT6p+62Fn+ptMX/AKfZr9zH5HstE0uS46dZt4/6MfkX3f7z7SHeX+cowhKm3dHm319Ms2+/9kkR1bbNvQualXS6Frbqtb1LWtHElmM8cVjm1h8H4mT1+Eijknvr8TMnTEsUvNn6Fh4sUn5VJL4kU9oaJ18fo1ReOK0jM7rkRUn+1NabnW+ufuvFI+SHstl6LC31Su6NfNGzrVY4rPmoNo0RZJzuI+SR1Lo1v6eN5Qx/H21Wlj2wa+JzPpdu4tOS4952ezNa+pFuucvLrV96IhPWy9HSi2SOcU1LPEsYRcqa7kuOWXdBu4qQt7WlUuasuEYwi237EuZ1YrNuEW1aaUZvOG2OgLcTsNyVNLrSf6NqK6sc8lVjxj96yvuOiGc1dHG0NahrGn6vcTp2lvbV4VGnhrg+TllRT8st+R0rLy5GsV6Yw4+51aat+qsPAAS84GABb3FNTi0zGda0alddWVSGZw4wqRbjOD8YyXFe4y1rJb1qKkuQGoNf21TuaVWleUY3EJvMpqEVNvxlHhGb8+zP7RqfcfR/cWXpLnSJqpQXrRlJ4j5ZfGL8ppeTkdQ31hGafAxjUtJSn6SGY1EsKcXiSXt+A4WiZicw5J1GhUpVJUrqlOhWhx6s44Z0f0VR9Hs/TqfhQg/vWfiRm5ds29/bzp1rWnOWH1XCKjh+PV5f4XAyDZdBWWm0rZLCpRjT4+SSOL2xiKVx83U2mrbUzFmTwWSN1eST9hLUuTIPWJYTx4nAtw9tOUZCXXrIkJpehIuyl1q3PvJessW+TNrKKrPEvPJ9U3xRRqtp548z7t25cl5ELK/86KKyTxkoTyprhxLulFuCeHx8grKzu3ioiiubKuoZjJZzgpUnlPzC0cLK84ZImo/2sfMl79c+JD1vXXLgaUXjhlO2koX1B9/WSf3nPktMq1Nd1C10+2qV507irFqMcqKU2uPgvN4Ohdtv0lShP7SM10PZOmWFapcyowqVKtSVXtJSScm3lLHVT488Z8ztdi/FfP7OZ2hq2pjplofanRTqesOlWv5OFCXJQeI/4sPP9xS9qN1bX6OdM0Sg4U6VPMsdZuPB+1Nty/vtr7JnMIRprEVj8WfWT6GZmXGmZmcytreyoW7jKMOtOKwp1H1ml4L6q8lhFwwCEAAAAAAeNZPQBRq000ROoW66reCcZHaj6jAwbUqKVTl3mjpb21y21G8pW93CNOFecYr0MXwUml3G+NUX7T3nPcNqa7cX91Knp1WXWqyeU444t+ZS0aE/5sfzj/a9Z1P+PP8ACSqb53HOk/4UqxX2IRj+SMf1HdWuzy56teP94zJKPR/uSrT/AJPUF4zrQXxLHUOjrcEM9enax8ncIrOpsaedfRaKbm0+fqxm13LrSeY6peL94y5utx61UpYnqt81/bSL206P9clJqMLXn3118iSq9Guvegy3ZJY/6/8AsRG42MedfRM6W5+UsNnrmquHHUbz/Ol8z6tNd1WKaWpXi9leXzJ6r0d60k8zsv8ANfyPq06OtblylZf5z+RH9Xsvqr6J7jc/KUDV1zVHLL1G8b/tpfMuIa5qvVX8J3vD/vy+ZN1ejjXE+MrL/OfyLuh0Z69KCxKxf75/In+r2X1V9ETobj5SxS513Vk/5Tvc/wBvL5nlvuPWYerql4v3rMlvejXX4N5Vm/ZX/wBiwhsDXk+FK3k/KuhO52U/qr6JjS3MeU+qMr7o1xr+VLp+2WS2/wCLNbi/5QqS/rRi/gTlfYG4VHLtKT9lePzIivs7XaTfWsW/6tSL+JHXsbcTX0TFd1H1eqb2/v3cNCcY07unweVmhB/A6/21c1L3bml3VeSlVrWtOpNpYzJxTZxdo+19cd1GMdLupP7McnZm0KNW32no9G4pypVqdpThOEucWo8UzSldvEf2cZ/bH+mV51Zn+5n+UqAC6gAAAAAAAAAABHaj6jJF8iM1F9lgYhqvrMgtDx6af9Zkjuq4drp95Xi8SpUpzXtSbNHaV0ha1Qk8fosnnnKj/uc7f7LV3UV7vHg9m13FNHPX5ui4/wASQGt8Ytmq6vSVuGcGoVbWmn9W3XxyY/qe+dxVut1tQaXhGnBfA8HsPcTzMfefw9Ne0NKs+bbFm1G4a8ybqyzQfE51jvLX41MrUJ/4Y/Iuau9NwzppPVbjHl1V8CPYOvP6o9fwtbtPSnyluS6falx4H1Yy4M0PV3brry3qdz96+RUtt3a9BYjqlwvu+RPsLW+qPX8J9qaeOJb6nNZ80S2nYccHOEt4a8pv+FLj8PkSVjvncdPhHU6vvjF/Aj2Dr/VHr+FZ7T0pjiW+NQSTfmsEQ11WzT91vnccpPralN5/7cPkWb3vuBN5vs+2lD5ET2FuI/VHr+Fq9p6Xyn/38t7+vQyiAvo4qv2msrXf+4I02ldUmvOhFlrX31rbm3Opby9tFfAiOxNzXxzH3/6Xr2no/u3Vtvhdwfmjdlm82lF/ZRx3o/SNqlvVg3bWc2n3xkvidS9HOs1df2bp+o3EKcKtRTUo089VYk1wye7s/Y622va2pxLyb3c6evEdDIwAdVzwAAAAAAAAAAePkRepPsslJciJ1J9lga46RKqpba1aTf8AR5r71j4nN1n6xv8A6XK3oto6h9vqQ++S+Rz9Z8zbS4UslY+qR93zZfQfZ8i0uVxybqIprt+xlXrdlo+ZrizzuZVK3q959UXyPipzZ9UXwIS9qPtF5ZssKj7Ze2b4ImESqXK45LOrwRe3PIs6q4CSH3QZ8XMe8UHx4la4jmGR5HmoWrxUTOwegmp6To4s19WtVj+KfxOPbf8AjUjrX6PNX0nR+45/i7uovvUWZ3+FaOWzGAwYLgAAAAAAAAAA+Z8iH1J9lkxPkQupvssDTPTfW9HtlQzxqXEF9ybNHWjwzb/TxVxZadS7pVpy+6K+Zp63eGjfT4UslqTzFlG5XDkVLd9jmfNwso2URVZYKfcV7hcCh3FUrefNinwPZ958ohL5m+JfWXcWE32i+seAjlEri4WUWk+TLusWki0ofFPg0XfrwfeWi4SZdUHlLJEJlapdWsjqP6Ndbr7V1Oln1LqMvvh/scy1qfaizov6MdTOn61TzydKX+pFbx7spjlu1nh6zw8zQAAAAAAAAAAHxU5EJqj7LJur6rILVH2GBz509Vv+Z0ul39WpL8UvgaqtzYPTnX6+6Leln+Ltl+MmzXdB9rB6KcQpPKXtn2eRUqrslG2eEVpcTVRG3C54LbHiXV1wyWvcVSoVFzPiJUqFLLRAp1H2y/s0R0+MiTtOEUI5JV63Jlq+Zdz4otJesWlEPiXMrUHh8T4STyfSzFkJXlaOYKS7je/0Yp9rW4eNOk//ACZo+2XpqLXejd30ZouN7rflQp/62Rf4ZK8t9M8PWeHlagAAAAAAAAAAp1fVZBat6jJ6osoh9Tp5gwOUumOo576u4/UpUo/+OfiYRTliZmfS5JS6QNVS/myhD7oRMOjDrvgeivEKSlrf1U/IrN8CjarFNZ7kVpLstmsKLC7LRvBe145TI+b4lZTCnUZRfBsq1OC5lKSfNMrlL5Sy8knbJJLBH0l4kjbrgiakq012S2msF3JZXsLSs8NrPBFpVh8eZcRipJFCOG8MuKScZpZXEhK40+Xoq6T5M6A+jrQ9Hd67Neq6VLD98jQcKXWw0sM6C+jm5ulqvWi0upTWfY382Rf4JI5huZnh6zw8rUAAAAAAAAAAHj5FpdUuvFl4eOOQOYOkzo63Pqm9dXv9O0mpXtK1VSpzjOHaXVS5N55pmLw6Mt4Qw3oN1/4/M7DdNPuHoo+CLxeYRhybb9G+7ZOK/UtxFfblCP5smrXoj3Ncw/bRs7fP16+Wv8KZ0x6KPge+jXgW72yOmHOdPoP1aSfptVso5+rTnL5FKr0B3/Fw1u163g7eaX5nSXo14D0a8CvXaU4hy9c9A2vqLVLU9Nqe30kfgywqdBu64RajU0yp7Lhr84nVzpLwHol4Drkw5Ih0Lbxhlfo1k15XcS7t+hzd6WJW1nH/AOVE6s9EvA9VJeAjUmEdMOYqPQxumWHJ6fDhjDuG/wAonwugrdLqSl+laU1LnF1p/wD1OoVBHvURPeWOmHLS6Dd2wk2paZNY/wDctfnE+n0L7vh1XG3sZteF3H4o6k6qPcDvLJ6YcqVOi7d9nLtaNUqx8aNSFT8mbg6EdD1DRbDU46pY1rSpUnTUFVjhySTzj7zZYE6kzGERWInIwAZrAAAAAAAAAAAAAAAAAAAAAAAAAAAAAAAAAAAAAAAAAAAAAAAAAAAAAAAAAAAAAAAAAAAAAAAAAAAAAAAAAAAAAAAAAAAAAAAAAAAAAAAAAAAAAAAAAAAAAAAAAAAAAAAAAAAAAAAAAAAAAAAAAAAAAAAAAAA//9k=','2'),(31,2,1,'girls shirt',100,'data:image/jpeg;base64,/9j/4AAQSkZJRgABAQAAAQABAAD/2wCEAAQEBAQEBAQFBQQGBgYGBgkIBwcICQ0KCgoKCg0UDQ8NDQ8NFBIWEhESFhIgGRcXGSAlHx4fJS0pKS05NjlLS2QBBAQEBAQEBAUFBAYGBgYGCQgHBwgJDQoKCgoKDRQNDw0NDw0UEhYSERIWEiAZFxcZICUfHh8lLSkpLTk2OUtLZP/CABEIAVAA4AMBIgACEQEDEQH/xAAzAAEAAgMBAQEAAAAAAAAAAAAABAUCAwYHAQgBAQADAQEAAAAAAAAAAAAAAAABAgMEBf/aAAwDAQACEAMQAAAA/fwAAAAAAAAAAAAAIiMJKMJKMJKMJKMJKMJKMJKMJKMJKMJKMJKMJKMJKMAAAAAAAAAAAAAAAAAAAAAAAAAAAAAAAAAAAAAAAAAAAAB8PvzGKTIVVFra831+OM232l+2XKmilvp867DHTpt1FJ6sbRq22gAAAAYiNDoYmyg/ZtL/AH7uwrG3dokGuHMwrMKpv/kTUWfyqm97u839Hm/yZVSbc1uiytagAAK+dzZV68peF4t9wnoEMo0jVds260Rnp2YJzj7+XibfXyXnzb0P5d8Vn399c870N/LlTYW3Sk0aVAA08L2vm1Zt7ONKxvw3pfmfpmNsdeym6K3D8/8Aotde7eMWqe94Xh+7z7dnYVvVTjzHJekeSRv1Hof5799jCTn9z24JrHLeoAFd5r6FwFJ6edWW+d+F7/hu3x024fW+PO8x6XEjaDL4TTn2+hVNnP05dOeScNFPdxjnLLkbzPp7CboyvyTdmrbrULAOd5LpeWzm7vIOyl+P7nh+459c88XThll8LR6DoYGe3g/6D5nqHRta4OnDYQ9vLJrZf5y/XeHdLlRJm3myN0eRrAWAchzPR1WdulzrrCk8R1/J9bz6ys9OfTnsYjDm+m8hp1U3u3G3tbPNMO9z2ytud890pp9s826yHWSq+y18/fu0b9afRYBxdRaQMrXEqHY0njeu5np8dc89Ozoy+/dXw3eM+y+WU7/nXdBKidcG0gacE3iex+118e7Gors/R9Nu6m108jbvjSdqZCwDhqi2qcbdFaVVonn7/HbWYUmuymNmyu0Ra+r4+ovpNVa2zzqrKCnTuj4RbPHTYROu1o7WImyY0nfPIWAcHVWdLlbqbWtskWO/Xu0jXDsBSRelUnk8eu+VtzW6+TFDtuvpUyZq6H5/6L53Wba653oM5sJcOZtnkLAOA5z0zns5kWnyyTs3fPulQAAAAANXE91FieTs7DPO2cvXuvT6LAMfmY+fQAAAAAAAAAAAAAAAAAAAAAAAAAAAAAAAAAAAAAAAJIjJIjJIjJIjJIjJIjJIjJIjJIjJIjJIjJIjJIjJIlgAAAAAAAAAAAAA/8QAPxAAAQMCBAMHAgIGCQUAAAAAAQACAwQRBRITITFBURAUICJSYXEyQhWBBiMkMDOhFjRQYnBykdHwQEOxwfH/2gAIAQEAAT8B/tjVk9S1ZPUtWT1LVk9S1ZPUtWT1LVk9S1ZPUtWT1LVk9S1ZPUtWT1LVk9S1ZPUtWT1LVk9S1ZPUtWT1LVk9S1ZPUtWT1LVk9S1ZPUtWT1LVk9S1ZPUtWT1LVk9X+J0k7I+dz0CE+wJ6LWas7PUs7fUFnZ6gs7PUE+oij3LlFVtmGZoOW9rnmhI08/8AoLp8rWcT+SdM5/DYJu21uKARH93tupJGsG5U0j6mQRx33PFMAYxkbODRbsa5zeaa8O/eEovspKn7WceqDC43KyALgh2lx34/6LUPocfyT4pJdnOyi/LioqVkf0i3XqflDK1C17X36djfqKa/kf3R2UsuVPlc/YFNACHYUENx229lwRcq6WOCjlfI2ZwPl/VNzPu7bYeyibQUDoKP8QzyzvdC3O68hePNYEdEBsPhBwM1hy4p+zrpjuR/cyvyhPcXuUw0g2yY8OsmhFFBBErigAnoWJbx3UFdQVTiyGshlcC5pDHgm44/6Ksq+41E5bJdkWmSwxfSHD7XDi9ylxaobQYZVwUFS7XlAMGW77Hr0RcYagk8E83az3K5Jjsw8ZVU9U1nSE9FUi7SmvMbh8pm7QfZFDwBbLFq2oo6CWWloXVUoIAiabfmp/0iw3De4Q17nU89Sxh0y0usXciRssPwbEqbFKLEKDDY8Ojne9uIQTSajgxp207cMyrRW1DKuOJzafKwaVQ7zWdz2WH4/JC6CjrIJiBEQcQNtKV45C9jmKltcWJPPdM3ZGeVldROvfxv2Cq5NyqAWYp/oK+qRo90zZoHsj4L9lbWRYfTvqJg7I23AX4qnopYZpa6CvxGZrojJ3SS2Quk3FifT0Xd9CKOWve+bSY+R88hbaAuHJu+4VAxjKKnEc0krMgLXyElxDt97qurJqeelp4qKSXvFwZR9Ef+ZV1YI54YKymglN/2e38Qm25Y1U7o2Nihbc5QBf8AmhYMago9vHKfKVVG7rdSqYWiT92KP+uD54IcFYKtFaYf2J8LZb8ZQS3+SxTEMXwp2G4hieJ93pqSza6OCEuZO952yflxumYxHLXMp43ts8geYgEeTNmA53vaxVPiGOMNZPXwupm084gjz/w5mk/xAG/yTa/FIJ6yolcySlFVZsQjIkigG2Z3zyPNYA/GabE8QiNNWzUNRVOmgq5XZ2iMjhZ3IrEJf0hgqcLZQ90lZM894M77EW9Pz7LCqadkEklXBEypneXShhuD07JpGxsc97g1rRck8go2z1NfNU/hj3OheRSzz8QOBs3p0T6/F8LjAbRfiB7w1mnC3Lox+9v+BB12xEG4c3l2BDxVB8pT/NKoPosnfSovNVSeybwHbieGQYtS91nfK2MyMedN2QnIc1isRqaWkqGRVeHsMdVVNEDmNJL5SOL9tiopdfvEclO5mQjMH2sbi6EMV3v0mEvaGudYbtHI+yfHmFg4ssLCy7k51bFUSSNkbDFaJrmeZr+bs3umF+UZwAfbsIVRFrNLdR7PdhsU6ko+6TU8kbe7vY4SAmwynjcrDsOpMOpmso7iEgFgzZmgW2ypriCLj80EPFVmzCmC70zawX2qn/rdR7EIeCdj5GZWS6ZvxHRHBmUgrn0T5daQMzmW7wWjew4blYD+LRg/idG1s8znHUh/hBg4Xuu8Ra4hv5iLj4/28BTgsUrSz9lhoO/vdbXpw6xbC77t1hFNBRYfE6CGSETWeYXvz6e1so+ECHNXBDxV5tGVCEweYIcFSMc2sqs3NwQ8MuZzHBj8juTrXsq2AS01TE86gmjLCCcvH4WCSYoKykwmlpYaOiotUVMT3mSW2bYsf73Wfz5Mrvpve2yv2yl+nJp5TIGnKCdr8r+ymhqa2hdqP06nu72yRQv8ue1rAlYBhn4RgtHSkODrl8ge7Mc79zuowWg9g8WJfSozYpgsnB1iQVRlxqqjOfuCHhKZTxsmllAOeS2bfopJc0n6qnPmlYJHtDbke9+ib9LeI259j6mnilhhknjZJNfTYXAOfb0jmiqnDnSVlNVU9U6me2Vjp8oB142f9t9+SosEMOMfpDJWOfSxulk7kdYZpXOJPB534XCiOvSQu33a129unsmv5HsHixL7flAbX6KIh7AU7goG3nqP8/8A6UZPZftKxHNNG6jhr5KOofHqtmazNZrHC/HZU0mIUs+hijKOrrqiczUojuNRkI2N+GYckwuLGlzcriBcdD0QqdWWsgiczVhbwvwJG1/ZRYVHX1epi0De90HmhqI5D9wuSOmVYVNRzUUQpKp1RHGMmdxu7brdTNe6N4Y/I62zrXsVLi+BYnjjcJmw+Saa7ozK+Ozc7OntbmqRkFPTNggbkZE0BregXFM8eJcW/Kgt9JUH6t5ap/oJVNu6U9XqPh4bLEqNkU9mY3UCosZTBmzSOj55WC3BYHQ1tJTHvlcatznl8ZczKY2u+1OrIe9tpDma97SWngDbp7rF8HxPFa+jbR18tBDSzA1L2izptrjKfutwRmdHXPiJDjKAY2Ha7edutk+jhw1urR0fC/6qPYXdzUf6SVcmK09HoZJ4odSrhd5W5T6SfuaCCsdrcQw+pidFGX08lPKAWsvklG4LncmrC6+Otw1k3lEr4Q6Ro/5wURuEPHiX1NQGXK4IWdYqb+C74VCOP+YoK3ZcK/Y+jpI8Tr8Txd9JqxAR08sRcJGxG/Edd1SnC8PxLuvfJ9etLJI8/B3l5LJC/EzJJQfrmMtFPxGX26FaYL2uPEC35J9PBNPDM6IGSG+m7pfsr6Z7zVtpwI6iogLWT5PpP+yr/wCldLhmCwUndquqMuWsL+BZx2vb8yqJkD31Mj6dkdU2PIbcdPlsqbn2BDw4lxb8qM5mhMCcM0bh7LDx5T8lAFE8u2ysm0NRNiX4jG+GZhqCGh0mdrYrWzMtwd7LKwlrzE1z2A5TbcfBQvcbJ7TxaU5ztkHq/HfZMfNR4tBSCjqKqOd75O9yHNpF32joFgGIUOMYj+kNXT5CYnMp76ZZJYdb8tlDt2BDw4n9TPlR+Upu6aqZunmZ0c7/AMrkhxKO6LyDYq6uLKlpKWihbBTQMhjBJDGCwud0BZBFP4oII8eKp6SnoqaQQxBoJJcebjxuepURuEEEPDinFnyo/dQ8EFHTtLnu6lOjkb9IDvZGUsPmicEJ2+k/6J8jT/8AEJR1WYH7innKRZyjlv2Xb1RLV5UHbrMCeKe9rad2Zw4W/NU52JTXIIeHFPqZ8qPzBRbAIKP6fz7LX4p1PEeVvhGlPJwPyjTPH2ow/wB0hCJvMLI0LZWCEd/tWh8IQM57pzQGmwsqjzStb/fCYcjMo4qMc0EOA8OKfWz5UP1Jp4JqZ9Pj26KzfSFYdPC/gqoWmHyFGmFBDgPDio8zPlQGz+ajNwgmfSP3zlVMOa6DSy9uqYTtcIIcB4amFswsQhhbL3D3BR0gb95QiaFsP374mvBDhdd2bycUKcD7v5IR25obeGyt/iDpHqFpHqFpHqFpHqFpHqFpHqFpHqFpHqFpHqFpHqFpHqFpHqFpHqFpHqFpHqFpHqFpHqFpHqFpHqFpHqFpHqFpHqFpHqFpHqFpHqFpHqFpHqFpHqP7Z//EACoQAQACAgECBgICAgMAAAAAAAEAESExQVHRECBhkaHwcYEwsVBwweHx/9oACAEBAAE/EP8AMfYE+wJ9gT7An2BPsCfYE+wJ9gT7An2BPsCfYE+wJ9gT7An2BPsCfYE+wJ9gT7An2BPsCfYE+wJ9gT7A/wBmrBm0GDI30WMkGQpqC1akG4eKAyDEYHosaUxDAo3R0idB/nsiOsPvdrZYeiW4Nv5YBWwXzEoCou32Sjoy6lOvwxw0e8UxFDwDlfQnXDDq8sowGghhWHRyQmjD0/kAhw1uXR2D8R4qrlttYA1CkYIqcRR4irxAaXXDkEMglr0HvctrJYMv0dEFSk7b/IlECj4JmIULeUxHYMNVcmD+JAYNsxBodWEhiXxAZQSvABCIjVsRieRMcIZCTmUc1ohzFTreQau6pMYC9AXfHrAfFtdWLKiCJvX8N43qDQ2tBHbwy+rL2Mvr8TCZMGI/At5QEtnoSpUrUIKft4hMtq8StCthzK4Lu6rDUf6hDNOBq6W3Xoy4BV2nSIw/6NzQZQqZPOqGUCRbQChl+jmOhcr1IJH4MUQanDBV31l5S2pw4i0ppaJXHtLFyVSnDCrzeb7DB1vEVvrrBEV0gcxRF1aQUk6FS6rEyS7/AKIrCgfKIQCUF6p51ZKEvVsRlDPuWrDaHBKTeSfMB04EY8yw5gsuWlrGYVKMlQEGu6tZfKJSUDeTMEIBbiYu3l5yiwN0y0bjoiYu+yKuNrTIlstkad3ErlLZVuuWEtFogaVMOiHL8+eporjhIYJCv1qFCtAs/wDIlUXG60j4oWqCrpA9b2DpLcgYKgSljSEyCC2wKhGOPdmWNSlKKFcGiW+MIlyIsMQQUYyhRZRJVnXRcCBwu18GJ+AQYxa1L6hKAME0e2MdRmUsgBArgBq/OCGY4Lwquw2/obgghiKERyImErkhCWzQ81H4osnRWYG0GdcEFysoD9sb+iPg1FRqoggLSxFZcmyIARgMEGJIFilEJRWQxiILWQNA4JTqESoFlGPSLV4O2MDayka19bMirxGE3Fyr7XaYcoUygu6IQa79MmgSuIOYnUUuzz/0OW35IlBEtHUhErLP8MvRHwItcgsrXkGcKMPjYcqLe8jCmpktQVoSoSjMCvXhEaLePRV+LBNj6RRWetWkuYIpRGLU2gYkVCCTXqQtD6+ftHEC1YqhMkCYIwrLvhqZBCdPAAywX1itgszUd8i6EFNoUGA1dfeQgAOCAC8Zt6tVfWI6yzdxqCpuVcqtGZE7YtCwns1kII6WVUUQkidAhg8thMTh5lidWp+/ggcZhQBjE3itDNAIVM48HwluCWpEGKFogOnbstEsoa90zasTBp/cSMJovgLREaGWoEY6z5rIhwBbUOz4mY5QutJxALtvicjdkvrUIaKTUMzTzLX0R2ragdCwlbl6JYS8kH8QgC3BBSCl6i7iixrAFeKnF0iyuPH1JRoHIwqlk6NhbYw04sloMFKzYImSyXCiuGgBgNhNg6YpkAcrlmBXMs/jK3SNOGBry7EKTq2cSBJGUaBoC+JjOphR6Q5Ia8qxxcvIS7bjZ+Ig6AzMQcqnsSgOsMteQyFNMADAg3YByTqgeVzxds0zb0ARkd2gjW2Q7g2DqtEe8QobM23hchEz1rDHBtARkgG2vy02XAWsxzjx2UqiJHXnEhFBUHL6oRswhDR5fkxFxtx0uEqZQ479WAhAkOoSnWDr8wS6+hIDmpNqqNWTKGOBQywXMuO6uxauU6pChY79nEef9+7qpr8yhi/vCEIQtpXqGEQO15RbXpDWyVqL2BsZXoI2g6GceHTy4tBgqEAkG+2v6ir/AHuvAIoIGJULJBUw8BLRQTguyLWZpOMN2xCy+YUjSwa6MvshDLI3LgYJUhVIa9+srXSCCorVCEcByPKO6RTALNbfC9zQ8rr8CWBI8K5JTSQmlL6DlKHTiOrB3EAplDCuPDYxrOElRI1CqkPWMkeuPAkgzsi0S1OJgERmEe9AWVS7yeEPB4dDy63piwAhwGWiLW7ToYzMgR1NP64lUTXTSTQRuL7DvFo/qUAF794aQe0VaXYsF0utSyjMakRHuz3i5VXvBKLu+YYPlRF0F0Z2tB6swD0l4HVnCaHl+NlSB00wJHicGE9yJEhAI7HJLVG+uHxqG1nQU+5NgWulMKi7j0SZlGHEMoD4iU3LeBiVp+1Qa2g+WDpD8CFh4aMSzrQh6F4lZ6RYtC3UeZ8Ty6HolzfmEngYn1t86LYn/kkOAexCuh5BaioHm+YVcmRbj0FMePNlugTqw4dMMsQ4J/e/mFjHNDjPsxJC7T0j0bJrsmPllu0VfJ+IU+wmDhbXoE3isAADX8zAghKT0geAnTD/AGRDD9kDBb7EAADyoZTpKP8AYCHfYh32Id9iHfYh32Id9iHfYh32Id9iHfYh32Id9iHfYh32Id9iHfYh32Id9iHfYh32Id9iHfYh32Id9iHfYh32Id9iHff8z//EADERAAIBAgMECQIHAAAAAAAAAAECABESAxAxBCEiQRMgMkJRUmKBsWChIzBxcpHB4f/aAAgBAgEBPwD6KLU0hdlM6WHFprMPaDi4jWrwL8wN49cmkLVypWUI0jLcKNAAi0VdIhYrV1tPl1gbrOaiIboc2IArAw5R6lu2yrb9/GKdRFbfTqOaCEcE2Y3Bj6oZcNTASQpK2w3MWbu9nTQ+Mw1BCtbTh95jKznDC7uL2iOhThWlvDygHUxJymzdivrb5yIBFDAXBtYeP+SwA182dwUMBFNBBpm8O6bIAMI085+c2S6YQou9rj/XLOjNcT3eGLSlIub6wnhJmzCmGvv85u1iFrbqRQF33bmhBJRm1uK/zFe2xWbjt9vvAyr0ldYu8Vi5vrHFUcTZR+An7c3UNaDER1Crdwq5t3cjyhpoYy3CkvUqyhbu7+m6YQoqiLm+uWHhlEUDuy4S8So1gMJlYxFrTDPCtYub6wQaQgHWHDUzoRynReqDCECKO7MUVVhEi5upJ3QKfyCKiWEQA8/oj//EADIRAAIBAwIEBAMHBQAAAAAAAAECEQADEiExBCAiQRATMlFScbEFIzAzYHKBQkNhYoL/2gAIAQMBAT8A/RQX3rEVjWE09oIqzu1Y88TQEVNT4A47UgN64qkyS0e9cTat2n+7u5p/S0RP+YoieYaU2lDwFKpYqB3pbYCsW6fhq35WKA8It65kGbrmQV2gU29RpPIBJrc1eGOIpROmVGy3bq/bXkmYDKa8pbdtEA62bJnnpIj0wNorjMEuXbSvnDeoRgSBrEV9nGwWYXFWFU94Jbtqa42ybbgwhy1ymZ7zBonkXfwver/gfTwtvqoLYin4ezcW49i/kEUeqEMxLQCaF29ZXH4l9gdD7UTJnwKXWsm41zdvca/OiORa3q/JfX4R9PG1d8vWdupdO/zrjnR2VkRk9OSsQdSBJkUBO1CK4lbdq3ZVHyy6m0iNNgaMzyLQ3ir3rP8AH08eDtpdvor3Vtf7MpI/kCuIJvOyrbXpnJl9vlVsogui2f7at3nSAa4myl57l7hvMe2WJ64yEnvFPac8LbuFpTIKq5zr8qbTTkWgYZau/mP+6jUVwbqnnZbadXfQzAPY1xHGrdKsEbPysWZn77SIApWYGQ1WbpsvkBV62VS47BIdfNVl7y0RA2p9TyDajTNk01FQaBYBlDdNEGlHgC0qKca6cg2o+ORrM1lWVZE0hhqbkBFGPwAYqR+if//Z','10'),(32,2,1,'girls shirt',130,'data:image/jpeg;base64,/9j/4AAQSkZJRgABAQAAAQABAAD/2wCEAAUFBQUFBQUGBgUICAcICAsKCQkKCxEMDQwNDBEaEBMQEBMQGhcbFhUWGxcpIBwcICkvJyUnLzkzMzlHREddXX0BBQUFBQUFBQYGBQgIBwgICwoJCQoLEQwNDA0MERoQExAQExAaFxsWFRYbFykgHBwgKS8nJScvOTMzOUdER11dff/CABEIAVAA4AMBIgACEQEDEQH/xAAyAAEAAgMBAQAAAAAAAAAAAAAABQYCAwQBCAEBAAMBAQAAAAAAAAAAAAAAAAECAwQF/9oADAMBAAIQAxAAAAD67AAAAAAAAAAAAAAAAAAAAAAAAAAAAAAAAAAAAAAAAAAAAAAAAAAAAAAAAAAAMTNGcVdbB5ES6D3y2Y9PPVQrrb/IaTRuFswAAAAHJwVuu07z8+zLpx6ebui3Jlv05byvRXsr42DTA6JjCo67ph3ym/DHp8zd2xWErJlAzmnLkLUAHp5F5QNdsNXXqx6ubp1+p6Onm3Wrs5tyttXTz7K21wlj8iY7ds8tTr58tV89nuOSdnTzeqTe6vSl8e0XyHpXOSzQdOnl1bdePR5j0csurL3K1PMsPYs9xyhl5jhavhiZvNZvz5emG3zxMYyvHOzmGvMB7p2+lX1Wis5denij7Hj2bcdnmmGD1LH0qx8zGnHdpVa8lmGrboppLbIK3zTq2m/CEwAB7EysDFoKWj5Hn9LZp0onY4tsT082+CTP8/nIjv0ackZYcZMn1Q01fLon8fduILZgAPfPTRVJ+Cz6eCxQU3l1xDZE49nXv6ue1JKs2uoq2KLmoVDqjrFNa316vInZ082dq2rvhJvp8wLZgAMc+Mh4vs4sPQ742Xgsuiw0260um9vj5GPvlL0251CLWiBnYBGNrq9ovlX4yfgKaT0VOwk5zU9V53fjkhrygAew0rWYvqx3e83o82PFOV23VC31SmlsjJaIvnMVW1VmE7BzMXFue2U642pxVi11KFoiJbhvik4OVtSze8nXvwBMPfPTkqk9W8+qRzy4seuLtNcssW5q5LR1N7XCTsBfKVhZmKh18e7GukRcKdbphTbnTZrZsPei/NXJqCmo0k5qsWffgC+I1lcjd2eHo9sFMwGe3dOw8tala6YSyY9kzXbBWr4T/B38lqcHXHydNq9a6Zb637qZdKffGXkIiYvjWZLlwprKz8BIb8U0NeRhn6VrCza6bQFZvUHn1edmnOt6Hd6va6dPTWbBWlLRz7tV8YiTjZOu1RuFJuWfRK1S1VzTl12Gq2giYu3+2y4ZCU2bcgXwAAY5DDn6yYvd3Itx123Y1vAeWDyL0mYnMk0mSsmRHYyicYzt3LQE0AAAAAAAAAAAAAAAAAAAAAAAAAAAAAAAAAAAAAAAAAAAAAAAAAAAAAAAAAA//8QAPBAAAgEDAQYDBAgEBgMAAAAAAQIAAwQRIQUSMUFRYRMicSAygaEQFCMkMDNikQZCctFAQ1JwscEWguH/2gAIAQEAAT8A/wB6cTHt4/wTuqDLMB6yttSmhqCmhcqMnkIL65q4826M8FlrtE58O4Gucb0BVgCDkciPZJVVJYgADJJm2/4op2qGjY4qVmIQPyBOgx1ltf1tFqecBVyeBzEuKT6BsHv+NcX1C2GXbJ5KNTG2lVrcD4aZ0A4yocb9TJPrLbJouTxcmUl8rdiZcLWV/ERQ6Ywy8Gz1GeOZbXZU4SoVbmp0P7GU9ot/OgPpBf0DxDD4T69b9W/aPtFRnw6fxb+wm3NqOtB2ap8wFE2HQe/vfrNQHwqJLA8AW5YzKCnGTCdJQuqqK2uRk6GU75CAXXHcRWVlBU5H4JOJf7Q8IFKer4/buZWqNnz6knjG0t1I5MDKh3qVQ9jLf8lBEwMRzu5GNJUSnWQBkDjlmGkECFajgEajO8PXzZjU64IxVQjkSp/6mK4OGdB0Iyf+ZcM9FcvUGMcVH98y/pXG0rk21CozeI4Pm13QvEjoOss7OnZUKdvT13BlmPFmiYCAZjNuqxzwEB3UHwj5fexoJZ3Dpn5iI61FDKfb4S8uwmEX3zKqnXJyScmOgdSrShUZCaT6qRpEwA68RgynhVAinEbDDEYtSOv/AMMzvrgfsYr6YK4lWqoB011lahfXrFUTcp5995ZWFCxQimMuffqHiYchyBFICiVTlSOpEOWI18oEL72giqFzKdZqTZU+olKulXgcHp7V9eCipC6uYrFnLscseMIDZyIQIyKYuQ49DFMBgjYYYYRUKwbwmTPWM3ECIMtmFo2sGomg+jM38cOst7ne3UqceR9huBl7RqF/FQbxx5l6iU9youUORr8uR7icAQZgwjMX8wDPIxRr9Ah+jBmSIWJjRdMHMycmNwMBGBARNMTrAdTLOidKjD+n2atENmXVnUUtXtx9rzXk+OR79DKdRLhAy6YJ3geIPMEciIfexMBQWJ0AluDUapUPAnSAfRgfRmZmT9BM4RozYER/Kfn8IpzjExM8uct6BqVAP5ecAwABoMe1UpgzaNrVpE3VuuXA+1pj/MUcx+ocpTKVKaVEIYOMqZdELbsScIpBfso1M2NVevYUa75BrDfA/STkTGk19jBhEMP0Z0jZOB3EpZL1VxqGz/0YlZreuyN7p4CIwMVMkaZJMo0hSQDnz/AqIDK9I2NdnA+71Wy36HPPsDzm3qpvKttsikT95DPcY4iinEDu3CUEQ0U8MYUAADHTSATEIgGZr0+g6TAjJoTGGAD3g4HsYmW1HWOHSqKgXOmsvAaisQPPTAI7q0trk6EtpiWNBggq1BhiMqOg6n8HkZdhTvAjIIORE2bb0dqNeio5c0SgB4Adj8Iu6o0bSBlwMtKlRVJHQAn4nHzgbJwF1ydOHCCsF5a4bTsvE/CF9W8sqXCopOOCgn0JwIrMUVjTG6y5BzyIzrPHG7QGNWyF14ynVNWmWRQRkjjzBwRGrBqRO77pJ48lGZ4wVvd0dN/4YH95TqFFKbuSHPMajjFrgnO7pjJ1ESzF0/iU2wwUD4ZzLHYot6peuyPhiUUZI+OYfwW0E2hcJRSpUY+VAT/YDuZZ1G8asan5gVMju4z+wjqyMpGDlDvevEGWNZq1W4puckEY/aUFSpbXpPvPUqbxP6TgfAYmyqxq3V9vHJpmmi9vLk/vmGqo2lVXklAj1ZzmPTCUKak+fGB6kYl2xpi8pk+ZUoL+2p/5lJi+zFOT7oSHP1y1Q/yID8Wmy8pY062fer1D/wCu8RNo4oUHC/5mcfHSNUZa+ylJwrLUT5iVTUtsONfCrEN3VgcftmVPsTZ1lzuMCG9M5GZau1FkCHQap3U8ojh1Vhz/AAq7hVM2kGqoDxVKiu3oDKTfey3UKD8NI6s2CD0yJZKVvnI4FjKdUUlqqToWdj6ZzP4bU1Pr1c/5tctKwH1+o3cQrvXCA8FQGXwDXNcf6x8wZs5A2z1UjlHJW6qOTwI+U2O3ibNoUz/IzD55m1KeVombRH3OyqrxpVR+zDEAF3Tuer0/mNRKWK9iEPFMSxqMVNJ/eU+WWVTOU+P4V5VAzrHbCNke/KFHNUYnjCkjM5AVASfhNkh3oLcONWLP8CczaVUotRVOrZH7z+H6YSwQ44kmVh95qHuIww1Op+nEvGIv2lgPuoHYy68r1fQzYWisv6z89ZeUvFoEcxqJWHiWNdOajPxGs2XU1XuJXQ2z1QPdcHEpMFrK/UDMoPukMJkfgOd1ZdOWYDqZVYvUA5CW9MKJtaozhLNDrWIDdllNBRtgoGNAJtIk1psgbtjS7LLzy1kPUmcbem3YS5yb6WWPq8vtDVmxxioRjpCBuy5TwmYj3XBlhlCB/peXtLxKQONYpIHDhLVwyiW771MdQce2JdPhcR3yardiB8JbqXfOJkU0LdBLXN1fvVI4aCVdKcvhmuJswEWaD9MvTl6X9Up62i/0iXIxeiWP5Da8zNoY33HWbM8tVY3uiX6ZpS299579E56CPlM+plqcYlo+KhXPvD2+Al5VxvHoDHB8EjEsV3t6bSqmnS3F4mbKo7oB7Z/eXOBSlwC9wozNnjFsB2MvfzxLfJt8fpl2uLoaSwOadQTagO+ZYnFWn6w+4ZcKGtmlv+ZUHcyhqgHaXa7rmWrZBEp1CpB5jEUhlDDmPaqthTL2pndHUwYK4I4y1p+F4mumdJeOa1yF5SxXCepl8fsoo36xPQyy0t19DLw/eBLPHgjHSX6/eVOOc2eRlhNqjzmWpw6esX8v4RhmlUEot95qjHAmUCd1T2E2imGB6yzfzETJzLKpv0sc1PsiXbbqSs+/XA6GdMgiVW8Oi0oZeq7y2XCqJtFgKBlqN5vjKAC0wO0vR9tmbPJNPBm0hi4HrLA4b4CbXHmaUMBllA71Je6xQPOPWHCX9Vf1S2/LBl8m/Qz0MoErUWA5Amz6mKxXk3tbQq4B7CUvPVzAud2bRq7tMiWSZ3e8p+UDWbZqblAdzNmJvgdzEyF+Eu2zXI7TZ/uzag+0Jlk2GXuJtgcD2Ep6MvqJZnNFczGKjehzLny7QqfCWZBpyooZKi9QYpC1D2aKcgSkxSorDOhgIYAjn7DaAzaVQs271PyEoL5jKZ8s2pUJIXMsl8y9gIDgT+IKvmopmbJXyIccjB7rS4ObipLIAIvQibRGWaWrFWTsZtcZoKe0pnIQ9hLFvs19BGHnMvxi/mz20IzyE1zLpPDuqg6iWr71IdRNMyyqb9BddVOPYrHCGXDlrh+YGBKajUwOAJcnxLhemZZe8SBMgATbtXev1XoomzU3UXsohOEMc5r1D3llnwUl4Mymd1vjL8b9mstKm8CvNGlkfs1x0MOczaQ+9gywYhhDNqjdq03lm5FQr1hE2c+7UK594fMexVUsplexO+zrocxKJX3ljAKjQktcEy0UAE55CEmXDfWdqkdXCyzGE4Y4GO2EPoZvZqv2aWo3aIErDeHGMMOZVO/YMegEt8fWGPXMsyPDU4nEAzai/a5lm+Ch7iNwm1lJoq/Qyg5D0zmLlwMDJ7S2s66urkbmCMZ/sPZKKYaKytbKQcLK2zBlnpLhscJRpMigFCD6StkU2wpJwZS2dc0brx6tLAOeYPH0lvnwllfSm0pnNWr/AFS2OaKSplQxIjnNQyghqWtWn1U4lsxFYacGlk32Z7NFM2ooDmW+d3jEyyLH2b9ap7tUlV6DjKWxLBAo8LOBzYmU6VOkAEQKO34PhqeU8NZUoAxrJKgw65EWxQAZJlSzoOpBU8OpEq7IamzNROcnVTLejUSkoNMgjtK9NyjYQ5x0n1euSM0X5cjLem6buVOPSf8Aj7LUd1r8XLBSvU5lra3NJmDUtJTt6mNRiVdm29Zs1Ke+e8Gy7TGPAUemf+pToUqXupj/AAW6JurDTB5Twlm4JuLN0D/ev//EACQRAAICAgIBBAMBAAAAAAAAAAECABEhMQMgEBIiMlETQlAz/9oACAECAQE/AP7hZRFZWFjyzqgy0DBu5cDEJJ34IKmxByuIeVqg9XI9nQgwIGYRT6h0Y1joRAtHEK3uAAYHkGtRWvfllJyOtdB4QXk9HWsiKbY1oQ9mNRfdqAVjoTQzMDIE9RNVLsAwsRCxgJK3PURmA2aaKABQ68hxU0JdKDAK40jajYCxRfHBV19wGioMQ46sbaPnH3OT6h+Cx9LHNKs4vhDhowpriHoxoX4XLXOTcb4rH0I/wE4vjH2sYWtxDiA2PLnFQ4EUUI2XqPpYw9gjf5zhj/rBlZxnFRDY8sbJh1UEXPITH/WEe2EWjCcJnJqIfbAfS9RTR8lAYeI7EzONSC1x9iHUrDTh/aPqIcVPxMWuBKyexUHcKKdifjE/GPuDiQagRRPSBof3P//EADARAAICAQMCAwUIAwAAAAAAAAECAAMRBBIhIDEQIlETMkGhsRQzUFJhYnKRQnGB/9oACAEDAQE/APxxaXb4YllT1nBXxqqsucKixq2Xv110luT2gRVHEJisrrtZY2mqJ44i6WvPfMJTTU7V99/kITkw1oe6x0KHHRVXu8x7TOJnMMU4hbIxFt2dljMWOSYBz4MAe8asgZHjTaB5TCIOoQ8QCWvgbR0VWZG09/8AGMoSoZ7vz/zrQBjg9jLR7IQkk5PQgJZQO8O4lVY5IUQ1hSc/p84a8MVI7LmJWrQIDnPwz8psX2hQfm+kFY49TGUqMrwZZY9jZZunTr593pG5dcQKLLGX/Q/qE5vu/qU8tx+WV8vYJYdmpP8AL6wg7M/FWjjIJHY8iWDDdNK7UzKRyzn4fWaU8sxi82uZp+GcSkZtean73MQ7q2lRypU/CXLycdCDLKIDwRG8lQHrNNwrGVc22Sj7xxKeL2E1Yw6mUchxKzizEuXzERhg48dOvJMQZZRLjk4lQ20ZlHvsZWcXNK+NRNYPdM03dx+2NxZn90uHmUy5cNnxpUisfrKhhsmOctLPJpkHrNP3YxTi1oDi5DNYMTTe+38ZcMWGMN1KmWjcmfTxS91GJVqV7MMZm5S3vTUWKyoFOQJTwrQZDMYTyh9GmsHCyg4eajuDBqa1TaeY9xPAHTmB2AwGiXWIeDPtDZziHUsRgiHV2sMMcw2uexxC7sMFvxz/2Q==','1'),(33,2,1,'girls set shirts',170,'data:image/jpeg;base64,/9j/4AAQSkZJRgABAQAAAQABAAD/2wCEAAUFBQUFBQYGBgYICQgJCAwLCgoLDBINDg0ODRIbERQRERQRGxgdGBYYHRgrIh4eIisyKigqMjw2NjxMSExkZIYBBQUFBQUFBgYGBggJCAkIDAsKCgsMEg0ODQ4NEhsRFBERFBEbGB0YFhgdGCsiHh4iKzIqKCoyPDY2PExITGRkhv/CABEIAVAA4AMBIgACEQEDEQH/xAA0AAABBQEBAQAAAAAAAAAAAAAAAgMEBQYBBwgBAQADAQEBAAAAAAAAAAAAAAACAwQBBQb/2gAMAwEAAhADEAAAAPrsAAAAAjVKd+RpKAAAnNJ6chzHABEAAAAAAAAAACqdk5yGxPS/FnsStpbdqLj237NB3kYa5FzZJFxRq04dxJx2ihlngRrAAAAAAA4Z91/NRG7Nk3kFfZ3CHpnmxrGbWm8jVxtx/bKLIVXk5pemqoz8iVVezTqbXAaW6m6AhQAAAAAjLayGefJs6KW2TddkfPTfWy95ZiO7ynvGOt0XjBJ52wcZb2Zp3YL1ka7QRrr6Sh4DbQAAAAAc7wps1pKjwNUVzjnh6HZ9bP8AVxpHWva8uH3rPneq/HUquxFci31Y7LtfO1ZELkseL6dy/WWfu1gGqAAAAAEfN6uuq7n0Nr8RMdiPe55L7Mit7N/uF1PbpiZjcczDiudNSKiMv1b9JboWEuktO6nwJXgAAAAEGdVI1aG5MPOiDHnEu3WToNJZum3eRkw9DV20Kxx+q1Vu03eVMJu01Y85u6iit8j2q98f9irz2/QawAAAABh9s8zfq/N5QmNw58ke9qq/q4q91Yzq80tdFQZfQQhElxqr1VKkh7eI1ed53NVHrt+k3fnn6GhMA4AAABp1k8w8k9jyvNWPav6SWTYTJrOrHM6t2UKpi1jcnA6+5CypuOvzpciOp5x6BKkpaTX5DW59agITAAABl5g83hTK3JsaZbY2+W/Lr3dNWhtZk7zLo1XcxfKuzJZKaKtU5FrN7qh02WpFHopXr0YO8eqPSp9JdZeo1gAABHkIPMYu8zXm6sxX6qBXla1yuWVzH4EqnrjEiBZa41T3Xl6Wyx5qxQ3iHOcyVjtdzQ5IiL05L/tVZ75KAsAAAEfFbTD+PfDlx63Pn0/IMi2Khle3dYsw3deyuh2NX8168pVevBpmZ+7dFaCke+p8i+drJGjzZdvWXPMXQL+AAAEfPahEO4Wt1uM5i8q9syOwe01yUz3Y0qU251pSHYcnqYdmrQ/KqHx5vvXZEJ5y1tco92vYldYywACAAHO8M5hPQsMy+U+x+I+id9XbqrCv0bZLfEENspSdQhKUx2vfHY4z3j1hV85zQxc5tldzNSqfkAAAAANYzb4Q8Qsq3UX0WUuJosXq8nT4k9YzJS4z10cT3oNx5TLsdCtEjivW4dlLAAdoAAAAA5i9rHPlnYen+YX0aJQjztmgIrt/q9SlLqk8O9BPOFMqYdd2GI2/aL8CXkgAAAAAAAGc8n9W8jvp1J1Xm7LSQ2vR6PDo4kWkS26y6I7x1rWZrQKdGBPzQAAAAAAACuoNfFPP4k+sya7fjS9HoLUlzrpxDi4z3Hax5riUu+z1yp2oEvIAAAAAAAACNJZPNo2lo6Ns1xabNXTiQQ5wQc4k2y+27InQpSvcHOz8kAAAAAAAAOdCiw+489jvu+1krm1/jEbq1TCdc6ROJSEITzsyRAm9h6H3nZeIAAAAAAAAABSZP0BhPEPbHsbMg1teo4ZzZhik7jph+7dTuKtdA4450JVAB//EADAQAAICAgECBQQCAQQDAQAAAAECAwQABREGEgcTFCExIjAyQRUgIxAlM0IWJEBQ/9oACAEBAAEIAP8A8Ka5BB+c+9jgUyGrcq3YhLX/ANWdUBZ16r1k2wejVgv17ABH/wANq7FUjLPLtprad0ZBZSc80huxnIoy+ZFX6gt8Dgb67xku9ukHndbcS1+DodX/ABdN/MhmZS2VNhKF5Fe1HOOPv3tjHWUorTSPMS8Y8ud4xxwOMmiD8YUI54lEXP8AlUVV+ea7AhaWsq1ZZZ41RSPZQBI3MD9pkwTsksbCreWXhX+2TwMv7MR8xxO/mNyTwWDYzDzYjgIOOvJ9hUmIBKoRzjRA9wKgqOAp4OBfhljV5pyiCOSOWRWJ54xX4HOUbysoST7JPAzZ7GVD5URnkZiHaX39jMf+yv3MmQQSSDubtEK8oZQ6kZM1iCVpFW/Xk9mD02wikBy13Z0qsREfT8VhY5LlkhWThpaSuvMMolgftdZuPcau3K4EMn2HH05sq7EllHLlo3VFUHvkBlISOjRWsve4+lxjfHuVUe+OzRuXhilpzr2SS06wIKLFR4PdDTr+cXVTxiSDnO7tYESxRWh2NLTMM3J1tfyl7m+wcnhDqc2dBh9cdUy3eY3gihqKQizD4JPK8iX8SQQSfcrzzjxK6sWFWJlPb5IjJxJDxg4cchhwfYSH8WBdTyFkHIDwsjL9P2SORmxKKvBZPIJCA+3uPnFPCsMJGMB78soeM9kbAkgRxujY6Mww15PbgmSspdqFu3sbxcqkbryxiI/Fu79Qyyow5hnWUfZPxmxiLjuAYOpTOw8+6rxnLkkLCQ6gh0Vz7tEFPclioJSHz09yP4Edwj2MNg+zWKduxN2GrBDXhEMHeyt7RSkj3JDL7yRfjxXHMg4+zNH3A5brmNu5e1igYoGc8KFA7gID9SnACxbJAwbnCSDyqkEYysQSoikKk4sYVlOce+cHuxPYZGfYYODyDWRVXgfZI5GW4Q6HGlcO0RWcqAoEpOQt7sCvyc2u50+mhE20reJfROx2cOqoVtjDLM8DdoK8gDj/AEJ9svbXX6yNprdjqnSa6pXtbjWbrS7Xn+NLcYlhkb6YZxJ9J+zcmCL248MfcGWUcsqiRSvyJkhR5Zdt4mdHanX0rsy9Y2tjM1rSHq3r4oVyuti5UrTbGrtAHaGFdje+M9dfObDcQ0q81i9rI6XUk6347viJqTM8d1OveghKJE0PiRT2NyOm+k3+p6l1dfaa2EtyAB8D7B+MvRF1OV7PLNE7Sdvxc2lKkYFt77rHZdH9YQ1eot5V23g5um2+il2nj3siZK8dPx+cjvk0PjXbjCy6uhv0gA28kVLt4sz6fpa0CslzRanV07Qox9T+K8MrvSh6v8bSO4v1r4yuQi2D4l+JWxPSW+p9VWtl1nQ6T6O1s1S0ZzB9mZeVOb95adqOeGLZyXKM70aU+m8ZelLmm2fTW4HU9a/4aeIPTm4sdG7E+HHW03TnjVcmlEcnhz4mye9x/D7qtOWzX9H9c24xJrx0z41VPaA0PHjBr/HdgOfQePBBTL8vjXo4TNcjl8b7qxJnUPUfUttqnQGiv2V6Kq0/Djw/rbbUeDdOt03pYJ/UQRy/Zk+DnXEtta83oo55d7Qr9a9I7ajB1pVqeIXQNmDVeNHTEGz1ustUvFzpbY9MdTQ9Ab+SGtFe1mnpaeHyq6oeGGWK1IS+aZuktXeYvX/8Eur/AMUXR+xTgyLWq6yNmkq6GpsLy7O3DCykS5DYenaldK9SPw76c21/QwR0/CPSWd/v+jdb1J05DL1DuPb7Ev4nOpY/Mm4yzJc6W3SdSa7f8dFbSt4kdNdY9vTezo+KfSUup0O76i13WtCvzDOMlA8sAhT5Y4kLK3cpkqliZ0WqCeJRTH4rSqvZSwDGYSrGF/pGWeGdmyFeKzdsPS2oudYQ9U7LTUWtXpd1ZHx9iX8Tm7HdZ4xqazzSq3StGbXQ7rpCz4eancabSX9bagkUDtM8YWuxycconCr9IyRB+yPLBOOITiR88FDECwwlXQq0aBV4Eq8RljGzKsnZHP7dra7amIKHV1dQy/3m/E5tjzc4yigeacmZo69gvjWDM3u0naOcjkEkLqfLkk7I0h1zcL58dWGIcw7GN3Rxi1Vb8TXmB9hBNzhqWG+LwngaOvDra4r144TLqqc4JS3rJ6oLtDKB+Ov3BryKiwyxzxLIn9p/xObM/wDutld2VbBWYR2QqsZ+SY1lHFXuzU1bV+YiJYIqzIFjP1HlgO49syhvlNfAHPa9GQAdgrXPjJUsjvjbW64rM07r5ar7GXt4IWUdpY7DTLMrzVNdSmlm8uSBBHEqL/af8TmzilNpnWhEWjlLX4mrEyI9mRhwuuoNsYgzwxxV4o44GZXh5MPcVVjMWH1Dz+72L+XIOHECgcKajN8DXjkFyAg7QGA4ySTtXOSQrYCAMjKiQu4IKgj+0i9y8Za16P3MViWJnQbGINERlfSGWRLMqABECMB2vyjsF4NcL5Mfa8yxr9UnrGcFG2duqwMtbYVbKgp7EcgsAOCxHzlnYVaiM8mt39nbTWzFGlkj6yGQgBGAA4jsGP3VWDjlf7T8djZL/wA8hF4FkAzWW1njanMvI8xWYkMoDOqKOGm5iiKmO9x/jaCwR/kuRpES4joyyoHVYrsI9hNcIILee/s+0q3ZlEMGl10NavHEirXU8PHHGeUj8uRWHcp44cQJ2IB/eyeI2xifOkOWW7jGMuiSALPFrNrT3VUXKczKpPMxlhaKxJOgiUW60C690+swan9yrpxzxM9Me8Ak4XkCwTx2mxNJyBCK4IFju1EZHMlvUeSXyGbWOySLH3Ts9mzRAndpSBwP7zp3IRkmuPcWFyo0bIx2AUVWZunOufC7QXTB09NNDHZCWldqEpimXv1k/GOtajYfviu1WPCtajX3R7fIYH1deN/rjv0u7jBaiK/QbTcfS08vsym1YaNwKxltxRG0HN6XzGilW4wKVbi2C4H9iOcZBm2UCM5trEdSlNNN003TO51VTf6ivMs4NK5EgUtRtQoYmfX2oRsIu6CN59wpIHnbxhhbeYW3WeZuwchl3LL7qduW4Zk3AYjDHt+cjq7CYrFNKTZkFOu0omZaVNrcTkU4NfaNiIk/2Pxm6PERzeWZatCaxDpvFLZRbOGG7YgCMsWQOdjXaCVf9wgMTqZ7USyApMw7XamSecNTDUbj2NVshg447mqwkgl61fn3avSA+qFasJkNZrcdRUoCSCKGNasEFaKSQxRVE4AP9z8Zsq5nHbnUEGzqUZ5dbe6l8WJI2WTo7cWNhrodZuWMif51s7aJI4NpGtzTysS01bTOO4EadTwT/DYf4XjP9m49lOmB9hLp+MaXT5JPp1UnKr6q2hRKVtLzbI3IrVzWo8V3UVya8YZV7R9h0BGdV1tlNrbMWpt1fHKOJlZY7kSV5JoNw1ixUupWYrIwfvnCh1r7LkANJZ4Pt6qT9eql49vUWCPYWbeeqt4bVv8AUtq92ntp7DYxygNuqVuzbhnOpil3O6DTQRiNQB9g/GdaVIthqLdSSboLrlISaawnsCvpNerLZfKbXYJZFrBdu6Hlod0rfT/vRA57dznZuDnlbg/Pk7bjPL2+GPcY0O4b2wa/dd3Ip1bcsIS7UprAeQPsn4zqrT0t7rrGu2Gw8GOk4AXpReyZok5rzMWQecchrQlBy1WDDVgz0tX9mrT/AH6XX/sVtfxhra/9GrROPV1/sTDBrS4GaaKvGJBCB9o5LAH+dxVVa7nF57ec0aj0RYv/ABvmMbNV9MIhwZNPhl0+GXT55+o/RsaoYbGrw2NXhsanHs6gfMVjTiRSumlryhmg+2fjN4eKsuIR5eafhdepPnlPYVrbdg7WtWv+vqbv69RsP0bGx/Xn7Q4Z9phsbPDZ2X7exsT7YLOzDjNTLYk7vP8Atn4zfAmpKFaNox9Wpbt1kQMb7PtUV4juu0DGj3Jzyduc8jbYa+0Iz0uy98arscars/0INnxhr7b24Ffbng5qEuIx9R9s5arCZeDZ1Q7WzgV4TGIqcspVlFQ9o7zVq/8Ab0lL9ipRGCtrsNXWYauryWprMMGtjbDU1zLyq06QGaWKrFY/xfcIBywo7Gy6WXzeIU07yfWP4ZQBgk04+BPqR8ep1gw3NYuHYa1WAJ2Gt5x7utK+89jVMPeva08gKMs+nX2Omsa9riLB92z/AMbZfI7peKtmmZDi2owPpW3Ofx9ZfHx628wIwX9h78te2Ges2R+PW7L4yS3sucjt3u7k+ttfJ1lqd7kSsPj7syd6kZtqIMTHKtncK5CrJuHGdu6JwpujgXdKc43eEbo4U3R9x27o48W6IPEMW67vcx7rtzXLtBcgMw+Pun4zaj/C3ENTbK3OLVvEAt6Gcnlmoygchadoj6RTvY1K3/2NSwGw0ZzhoNx7rQ4J5FJP3Rp1471aRR8fdObbjyW59FqWHcsNbUqc8jTcYYdMFOLHpeTiwafn2avp+Pd6umPylfTD2Ji0Y+ezQg84raIe4pSaj1lfyR8fdObRS8RAWhUC8EUaY+RWqD4WCIfi1OJ/n0Nf9irX7eMalA3ODWwc85/HQc4NdCDyFpKCOKNECVHwfH3pIg/z6Rc9IuekXBVXDWTPSpnpUwVlz0y56Zc9OuenXFjC/H9P/8QASRAAAQMBBAUHCAcGBAcBAAAAAQACAxEEEiExBUFRYXEwgZGh0eHwBhMiMkJSkqIHEBQzcrHBICNTYoLxQENUshUWUHPC0tPi/9oACAEBAAk/AP8AoTxX3RiVCTG0XnGuNNala9p2HLj+w4NAzJNAnGZ0TC+V7PUZjQCusp1CdTv8FUkCoa3ElOusPun9Ucd6GOrYdoQliBxbJGCQNxpkrXG/8bcU2A78VJEwbQFJLaHyG4xjam87YNSa0Tzm/LdxujU2uun5rJOwHsnJYO93lyDIchs4pxJcMyhg702/r1/VgRiCnCpzrk5R03ltQUIiPG5CMHVdbUpjvOSOL3PeamrtgyCKyWoo0wRAdqO3lTV2ROxZ7VmFnUt+Id31FCgJzKqQdYTWnYaBUHAURRptBVC65Wm5NcK0wIp9bsRhXZx5PCoxcm0dnh+n14m+CvRGzWmiu/NYHMKJ74nGoezEt2gjNOFdjhQp1OBTnYb1i7UK1KbdfNgxhzazfvKaCBqKddPunJNLT+aAJG9CuZB2DYeSqqAgas+ITqEbs00l2qmao6U69TeHasnDr+qixHtM28EG/heK0VmicDXUrLE0700OF68GBtGtKxO1HNHAoCgyOsJu5tMjvWZ5II0cMWu2bjuX3jTRzSPuzv3I1JzdrP1eyQf2GBxGO9Xq0qPSzTBnmTVUw1I/VzIoVFa46l0cmKl2CABdQkgYuQ+rWFiVgdiADqYDaUcTmDqQqK6igSm9aphqqqNggNSB7TtQ/VAVONRmEajrQTjULA6xyWpG6RksSsFmM6oY66oJxI1glSOY73hiDxCnaRtof0U0deJU7K7BVTFkXtONATwCaGsbjjmd5RP1kg1WTeTrRGnHNYAZlYC7QLXgeOpbVzo55hVB3FOBO9uKk4hooqk664/tGp18oMBmdyjIGpYFbj9WkbLZIzk6eVsdeFTjzLTMVotUuEQjY8sc7O7fpdqiGysPqk+sHDMLM/sWhjABWhNSeA1q32fR8U4/dm0vDKmlabzTOmS0rYbX/wBidkh6Aa/U0rB1K05LM4JmJzNdaFafU9rWMYXOe4gBobmSTkFpKSWG2mQWV1khdMZbho4AgUBBX0U6Ttp/1VsjZE53PKCV9FFo5rXAtHT2K1ujBMTyL7DrbUYHcVpOMujN1zHOAc07CChE7eCE2Jq0jFBEwC+4kNa29lU6kJJLEx95sr2ECYt/h1zbvyK+jrTlvbC94ZPJYA5t3awStqAV9F2lGzA1BZotjXcxFCvJfT+j4DFI99qtsdyCFkTS9znuecAApTLZZgTG+6Wk3TQ4HGtQsyeSzC9ZufBBWmCIzyiKISPDL73ZNFcyrLZ/+XdIxiKy21oJEM3tCeuoqwfb/Jy3ur9kvClktUooCx2N1r1oDQejmbLROJHj5itO+TsW0eZDqfIV5U+Tzt32T9bisujXztwLoHX2P3gStBbwqVodmVKhtK/CtAsfXaX9q8lDJFaDG6SywQNf510RqwvEpAqDkSvo5F0Gkb7Ra2hwbwDgAV5AWJ3C3AH/AHr6OY2O2vtwu/7grBDonRlmdFLpV9llMhlY8X2QB1SLxVnsrdD6GZTSdqu3omNpcFniI1hWmGV0MphlEbw7zb25tfTI45Hk3XXNPSKZKNk1ojhLmwueGenQ3Wk6gSKVoohYNPWGUmVhB85ZpwaCVlcTGVABpWFlxr352pgFWzRO/ihOZadG2lhi0Tb5fu54SaeYkqvLHRtjs14iFjLLfe2P2QTc9ZfSfa27fNwFgX0paaca+y13/wBF9KdvJ1smhvFp2EFxXl3Y5QP49j//AAV5Q+TzuMBH/gtL+TYoP4J7FprydbwgP/ovKnyajYNb4QDzDza075OxVAff+zm80bxcVrin8oZ4AdNaVhbcjsrSBefgBRxUPndOWpl+02o5wAj0rRMdTlY5tNeUOkHsmliBPnJ3HOaU43G+4E27VocW3gbpcMRVudMq8l5v7TceYfOD0L9MK01VVlFn09oyP7NpfRH+ojbi6F21wzjcpjDp2yYSxZOmuD0rPM3K/sOTk86O8pNGP9DEtks1obj5p59x6gFk8oNGkiYEAPZMMBaIxsJweF9IunZSyNjZYoJCxjboxax16pARnJd60k075pH8XSEnowRrsKhfEXevJD7J/nGw7VpK1wuOZs9tngPwh11eVflGwbBpIn82ryv0+QNukSPyaF5Q6Qc5oqTJa5pTTb6bqJs0rWkOi8+68XnU67s4p5qcwgGOkZddI1ovUbWmNMaVwqtH23TOnLfagHTygSSyvldRpkI9hhOICf8A8U8q9MPo5oN580xyhj1iJntq0yWvym06Y4ILE55bDAy9fuloybG3F5Hq8lsKje6SNly3QMNBabPXEfjZmwoee0FpQRnTNkj9UtlPo2iNETWOcMGlYYsGWmB/+cnTMnfo+5eabgmZKBdMozJAR9CW/Tc5vcs9SOKcWvbkdvFQNa45uuihVwiuBRYN1AoL0jWljXvwaA7Ogy6kbxOZOrgjgtQRoWitRqU089oZZWRWeOV16Kz3c3RjUSmOEkkfmbPGf8mz1qBuc8+k/mGrkt6aHDzRBBFQQ7UozNo6VklosbpPSa2Kc0fA/wDA884KMMuhppfO2JjwS9rJR6cTwfZBR3LOOQSDpx6isfqATSAdowKgjJ/CExjNoa0Bba86FRTPYjUIGhyNMEc35bslmDhRYsOe0b0QQdY5HUFsATqCl2g193162EdSYXEjAAJwH8oIqmAkaw4EoA3X3i12sORunY7tTSeBqon9CZTe40Tr08jrrGtGtyo5rGXSXOpeOsoCN5914I6E29GMS9uNOOxGoRrrew7NvFGocKjkNiwq8DqRuyMNWu8akwgtwIOYQxrksI2+u86hsG0oClMHkVvB36q8DuZgpGA72p8VaUwbQOGwq0SRfykBwHSrVET/ADNLVabNu9Mq0R183eaWguGeRKk87LlfODWDYAvMjjiU+H4UWOA91uNdiAbNS+6MGjSd2w9S+8J/eEClNyFA0UA5BpIpRDOQ/kEMtSOI9nWUSIRiSM3j+TtQa1rPuiMuBVQDg4a2Hamy4jMOqpJBuLaqU/ApARqq2hHOrSKbHNU8HFSsk3XqBNgaAnwjmUrKbmo3jkwEUx2o1AOJ1vcmtve27YNQWR5Bq1GqGaFIgfRbrk3bgqNb7BA9Q+6UKCvpt907QqFwHxtUbqUwo9edGwDFMkDSaVeQFfcy+WvAAq0q1CuxzcVIwje1Pj52KSIf0K0xgDHBlSmEQMcI4sBee7MlRPBOF4kGgTbpyY06htKxFfRGt52o3hWjhrJds4I1ph+3sW1ayjQ0wP5FNqRhIBrHvBGrqeiffGwo0bX0SfYdsUDHEkAlr6IRRimdanpVuAB30VoZJeNH0OI3qNj98bqEcxX2lvMT+SlnqNrXJ05rquuxVm9fN8jg0NG0jNTtjbHk8mhc7WVbySd6tTXVHquKoCcARk0NQA9mMbtZ5DYtq99YObiFaYpbjyyR0bg4BzcwSNmsIENr6Q1sO0bk1roz6wbiDsJ3r0oXj0mq2PrWtCcQpnu4f2V8kbipHN1Fjm1bzHtTntG1jjgrXO0g8f1VpnI2NdRPeB7rauJ4lGRxrUZqKQ3TXX2prwRGHCuR3I0ipRrNqa5oyaDs5ECqpQGqNABUnYFaKSWyZgfDDDO4yvJoMCCoqNcy612wb/GCF+zSYAnUjessvPTx1qzmRssYdG4artahWB3GgWj/AJe5aNBB/l7lowgHMtFP0VjdzhWAnm7lo4fD3LRwOPu9y0eBUe6exQtiZHUuwpXcjds8WrKqJbFHrGCBAaaB2o8k0mOOMvcGipLWipFOAWj7LHFJfaaWdkc0D2mhBoMCmiv+W/8AKhWR9R35LFp+7cow64MzsdkrOwcf7pkYPMvN9SbGehRx9XamRjoTo+pSR0ru7FMweOCnDmF1Td1LCJnruCNGN9dycAxn3khOCaQAaMJzI38jZ3zyRxmRkLfWkLRUNG85LyK0xBZJ5Ayd5Y5wjacL1AwVongtf6Vnk1cKr0bRFlXAlCloiyJzKtQiez0HCtCbutaQHxd60l83etJ4/i71pT5u9aU+bvWlK/1d60kaj+bvWkfm71pE9KthdK9txoJzvHLisLTJ629UEj8XuCP7iPF7x7Z8ZJtBqGwcgDRWds9rZGXQQvddbI9uTScKLyChG8Wmo/3KIQWp0Ye1laiJ+tldyNJ4DSQe8Mq9qaQL1x7BmTkBzovq83nUrm5GTrRl60JOtNl60yTrUcnX2qKTxzqKTxzqzyHn71A9jxRzXVyLedC7arO+5G5wo6jsjw1J4ltFo+7e3O67ZvITaCt47zyVoZBbnRkWeV7bzWP1EihqFb/J6Vu25dJ+VOZ9qZEwyuZgPO0F4jdVMqWnzVoiGNcP1Csb5QH3o4wKhpdr40WjAQNV3H8lo0g/h7lo35e5aN+XuWjcfw9y0aPh7lo4dC0d1LR4+FaPHQrAAK0OBUYaGMNY24GXGox3ZJrrtlpQ0p6WxDktIPsIlbc+1RvDHRGooQ40oa4L6TLe+PY+O/1hxTi9waGuf7xaKE86YT+9GTqalG0Bx9IuNcU5lduHYnxkcAjGOhPj6uxSRjo7FOweOCtDPHMp2eOZTs6uxWhg8cFa2AHxsUjZC3JzdiGPJ2fz1lnbdljvEVFQRiMRiKq16Zseu5HaKtWoJjXVmOJdTUFamwi96rXZ781pGuHvd60gfi71pI/F3rSJ6e9aQPSrc5W53Sre7pVvPSrecN6t7jzqUvGFa6uVAwBQTY8ZH4uOKbV9cLlaUTJOeqjf19qif451A/xzqzPPjirI8+OKsj/HOrI/xzqyv8c6sr/HOrI+vjeoywUxryvuH8kV5rFzz6WeasjZRfJvtbh+S0dj+HuWjx8PcrAPhVgb0Kwt6FZGjxxVkb451ZGeOdWJnjnVhb0KwNptooRHQYU18qCSWkADXgiRxBCdED6eYqcyhGWHEHDavNjoUrB0dinYPHBWlnjmVqYPHBWxvSra3pVtb09ytbfHMrUzxzK0sp43KUPFMKcqMFXnT2gNFKFit4aCKhoNKda0n83etInp71b3HnVtcedWt1fG5Wp/jmVpf45la3+OZW19DqP9lbz0rSGB3hWoykg4ctsXnAK+zQhTPvU9IY59CMh6VE89ParO8+OKsr/HOrKT44qyOPR2qyHqVjd1KxuFPG1Wd4Oo+CoX9faonh5rif78tsVwmp9q6VYCTwC0d8vctH/L3Kwj4SrEOgqwY8CrB1FWEDmKsQpwKsTSOBWjhUblo0fD3KxCNpOLqUp1cuAeIVmZx8FMYOjtTmDoT2V4jsRYehXOpFnUnsrzdikZ0jsUsfV2KVlebsUkfV2J7Ll70gKdnL5q3NPOVpAV4laR+Y9q0lT+o9q0jX+o9q0h8xWkKf1HtWkfmPatIfMe1aQofxd60lT+rvWk/m71by4iQUZWtevl8tatr650r3K2PI2V7laH+OZTSHxwU7246/7K1uHjgrS/xzK0v6e5Wp3T3K0OPP3KZ54E9idIelNeXmUXa1oDy4ruVkCsg61YgrEzZiFY2fCrG3mCsTeJViZjuVjYrEzoVjj+FWOP4VAxtDXBoH+AAQCCCCCCCCCCH7X/xAA8EQABAgQDBAYIAgsAAAAAAAACAAMBBBESBRMgECEiMiMwMUFCchQzUmKCksHwkaIVQ1FTYWNzobGy0f/aAAgBAgEBPwDbTrYQ2FLvD6t35+JZc3H9a38qbYICvN24vvu2RhrpTZMYkwzy8RJzG32nL7AIU3jsqY8QGKex2VbGogal8ZN3e41amJpl/kNRhqIxEbiU9iWZ0TfLsOFyi3XwqDQEXGKrRNvk2V0FKTwzI2lzasa9I4LT6JDC5Sci49vLhFDKy7Y2wBOSA3eq+QvpFfo8I+Bz+yl5Ow62W/mTsow92gpmUelCvHlUm464yBuaXmhebMD5SUrhpZx5nKH5kI27IiUO1U2QhVENw2kht7B1wAoq0Yb4IwgY0vtWXNjyutl8Ky5suZ0B+FMtZY0vu8xK0Y9v+yjCmqyor78qpUveUALvRTLQFa4VvmH6rPl/3oJt5pxygcXw/VEA9yjDu+yUYW6XXclkj9lMmLwgYfYqEKbtkbPEspqG+zbEbkULdOIxpJF8P+VJMstS4QbO5GQgNxJycKPCCmM1wbhPi8yZxPERHjBskWMTdu5ptMOTUy5nPmmZtwN19yBxt0btOLHbKU/mLCJrLaO/lUxME8XuoVYcez6pqckpkreQvf4Vks8yM2mhqR2/h/1S7wzd+V4UBEBbk24J6Maj0Af1FhjeYw6uIStimZfvNUU/hNrxvA1mtFzh4h/iKFrDh3RfmGvcKq9DZfK2VBx8vbOto/ipGUGTYy4c3j8ycbE0w1Z26DbbdGhhcgbba4QC1E22Tl9uikP2KkIdTGHfDrm7SRl01mqChC3UzEo9q7Zs9UNbSDfMu6odQx6w49c21lkZe110evoqKioqKm3/xABDEQABAwIBBwcIBwcFAAAAAAACAAEDBBIREyEiMTJikhAgI1JjgqEUMEJRcpOi0QUzU2FxgdIVNEGyweHwQ4ORo/P/2gAIAQMBAT8A5WAi2U427XIwEeynHDX5gRuQRiOtCstTyDhNT3F11ZQNnyUnEpasMlkYYbR+JOIkjjwzjzmbEsEEdnLBBltG+0kdFUhriUdDVTFgMSnjyEpR33W8kkdukPOjO8eVitQTEOo0U8j6j5HZS3c6nt73JPVDHmHaRTymWJGo54CH97t9sf6ssrGw56uPhdVFVTPGTAchFwj83UNVICiqI5s3pI2Fizc0XwLFlUVggNo7SuuJW3IaSoKM5BDRFYK1BR1BR5Rg0UN0ajmE9fNdG2BYEoo70ACGpUVYVKePoIjop9LySMv+P7IPJISu8ijH2ib+6+kfpF6qwB2RTiJa00BZTd50sISCBEhG3MKdxHWnl9SCknkjA4xyg7n9WTUtWX+hJwo6SWKM5JcI/aLS/Jk0vrQkJaucwXx4I9DaRneXIJGOy6eomccHOROTvrfkYiHUgMT5sf1YqYiOTOhHFBEI60NtwXBoryOhlzx1dvtj8sV+zqZtqtj8VMFMBAMF5D1y9JPGLqwgLmwnjoqrDpAtTAI8gRkepT/RtVAN7hcPXBWqOKWUrAC4lUUM9Nmk2udT7SrDsmBMoKXHSPufJCNv/mqapPJ2affH5JwuzuEZIJyptOyNVByzymb36W6ylhJ87pwICwLmM5DsqpcikC5U9OOTyj6Sx2se/vD6x+9Y3ayu/wBy3wWAbnvHWhue8dFZucTrQ3OJ1m/gX6RH5o4L83+CP3/ijAgK1+ZLGZyATKkqMidpbJJ43Z8A7m6Xq/B1g7eiY91ae/7tlp7/ALtk7Hv8LJspv8LIhfW4no9bw/JTHkI8briP/Mfy50z22Knq5DsB+p7KuAtdnE60NzidaO5xOuj3OJ02T7DidTG0Y3hZdu4qefLEHoiPOl9FUP1g4LT3+Fl0u/wsuk3/AAXSdv8ACmynb/Cqy/J57+9hz5VRCN+f+a1OwbnE60Ow4nXR9h8S0Ow+JdH2HiqmzJ5rO7j5ijEsoeH8ty6Xf4WXSb/gsJe38F0vb+C6TX0/gp8o8J438LeYo22/1WrANzidYR9hxOsB6sHE6wj7DidYR9hxOpGDJnhZxP5ij9P9NyxcdRH7pae/7tYl1v8ArWfrH7pM59Y/dqS/Jnt8LeYCSQNg7V5RP9rIsvN115RN15F5RP8AayLLzdeRPLIWs+X/2Q==','1'),(34,1,1,'girls set shirts',80,'data:image/jpeg;base64,/9j/4AAQSkZJRgABAQAAAQABAAD/2wCEAAYGBgYGBgYHBwYJCgkKCQ0MCwsMDRQODw4PDhQfExYTExYTHxshGxkbIRsxJiIiJjE4Ly0vOEQ9PURWUVZwcJYBBgYGBgYGBgcHBgkKCQoJDQwLCwwNFA4PDg8OFB8TFhMTFhMfGyEbGRshGzEmIiImMTgvLS84RD09RFZRVnBwlv/CABEIAVAA4AMBIgACEQEDEQH/xAAzAAEAAgMBAQEAAAAAAAAAAAAABAUCAwYBBwgBAQADAQEAAAAAAAAAAAAAAAABAgMEBf/aAAwDAQACEAMQAAAA/TgAAAAAAAAAAAAAAADzUbsKuDlvcSee2026BUyb4zUSKTtnN7qadC+d9NdfDXkAAAAAa8qs94yVx/Nv9Bm/Puv0mz811XP0Ta+VBmthY8xcOq14vtYEc/GUv1H5jV9hsPn3cdXLJGuIAAAxI9DGpcOiDU/Q+H5vcu+voOs28qjaYdOjmLW156nJlbUHSaXt6nXtmlp83+j0DWu+iwdkdF4jSevyAmoADHIUkO5g49O3j+v+XU6Oht+KvsOu3zmYrRNNjDpfDLBNtVdcy4a5VVPtlK4TsI0zJ6KLP6vIDbnAAAxpLuuifkXWWXnD7sCtvuNx6vokiNN24Y+G3Wtq2++jVsxKW/57oaXpLuisqa38qitu7x9434wAANHz/wCh0mPVCzhz+T1IHBd58+z6vqVRhUdPFa9JwnX10mZUVhOUzGNHUi3NNvh5vpLm07rHn7nLW2kR5Hf4oWoAAiyvDnIF9yfJ6kejt4NNPOn4TuNcaO3i2Fds9LXFpEaPBWtt8Sxjn4vpqibNs+94+715ugY5b8QAADz3woPn/U02He3S6em3J/VvlX1ZWJA6aZty8vW91W5b1KTDtfLmOgta7/KOp7uHbCJhI5Ck9N3nB9lpzyxtxgAARvn30nladEOnj9Fh3fO/rWiZ0cFvEmw74bffcTVlq8jXfCm7Jy0btWwy4rtvK6QLXXsUCYAAAQZteUlluLadcqFMdDBnQUbNsOWn176jHL30h748k8982GLAb2rbAAADyFO0kPONLlhRXFFFrOZpkY7QrLKtre29r/bVsNECPF9u7VApfps6C6054sjTN2xZCAAAHnogct2XP022a/eUx6Oslc/3E1rs5dfamyNLwiNmbKUGXU41vM2+ZQj3NbYXzze+bYAAANezQQqixkY71eNlCrrzff8Aynva69BzPUateeDnWqTvs+S7Cba66xpVJ0fbCprb7oFRaOs9gzNebIXzAAeeiHTdJVxMPd857rDroeq5bsom0rpGWmNf7xnYZ7yZNblfKTEseLrfqYkmUrWVmy9rfyedPGEwAAAxyFLQdhQROm8oLnLedjO56Zk1M/LO83donXy0aaK6rpW9FDkzRsN8AQAAAABH57oeXJGemg5+36bG34aY0cVjjvv6HmemvTOskwprEsIlpWZA6OUAAAAADXzHU1JU2FdZ8/TfwYdpeOe3c70GW+6zrN98rDluliGM2nvZpkNsAAAAAAPKm1qIVsqLYYdV3Bnc3aJdRnLz0sLCg6DTKFtrbWJq76m3E8b8wAAAAAHlbZ6zmNPQ1WPV0enX7bOpqb/Vnev62sm3jdWb5U04u7s9lNNvhvzAAAAAAAPPR49HnmQx99AAAAAH/8QAPRAAAgECBAQEBAMHAwMFAAAAAQIDABEEEiExEyJBUTAyYXEFFEKBECPBIDNAUmKRsVCh0RXh8ENTcnPx/9oACAEBAAE/Af8AXywUXJAozxjrelYNqD+y8ipud9BQYH+CLgak007H92unc0UzG7amgLAj1oOo7/8AFCTs9Z3rO1SS5RzOB/tQjJkEj9PKP1qTELh4i2U1J8XNleJT58hXzD3rBY+LGLy6MDYj28Ym1PLapPiMLSshY3XTKBfWsPiYplbXy7n2pZI3YorXIFz6UNzTALre3rTGE3519xUaKTyYpWHb3oLdgPmdewrgx58+QZt7mmr4vmyQDmy5rCx+o9xUw+XwuEZEyrzhr9TasDjMkwUBuRGZb6b6fesPOsy3B1G/iGpHqZw482u6i+5FfKx4dMVickhIDNm00Jr4QRiIRnVwzkkdduorDs8bZT+Zc2JXYetE85o4RsTKTiLFeiAnQViTJHEq4RVuNhuABS4RIpDLwlzv1FxYn/FL8RiWN+FCx4YsGOgJGmhrCYtcUl8jI3UMLfhOFsoYddPemRJsFIjgWt1rCQxI2IEiExld11KWqLHYWGMOXPIxAy6302tUUqTRrJG11YXB9/Dc2pmDlheviEUlljhUASyrmYaEd6XEpChwUkplJLAE76d6wOF4kKNnsL309Kgh4StzE03nrEOy4WUpfNl6amnaRDksDICLdL9qTH8Zojk5Ve3qTUmFli4wAURyOM9+hP8AKP8AalMkAKvISza3awrDPnS5IJB1rEiaeR4iMia5X66VhwBBLGx0y79rVh3bNIoYZXYg6akmlTEAwYYlfzC5kA0svesMkcMSRIoCKLAe3h4nEyGVY0Q5c1mc1kHzyWm2Q8nqaeISKVPXSj8PKrmkyh4naxH1KfevhRvhoh6VsDTnWnAkaO1wym4+1TCNgGEAzlhci1zamCQCQxx/mE3JynMAe1RYidokhyvmeTMSelqzNmDX9V7n79KUNdW5wp6L0J3p8SEVQw59rb0FVllToQQfvSYO0qEpsd6IXOGtqBYGlYio3zXHbwTUgF7MBahCmbmW5OxPpRW1fFHWJUlJAymxPoelYG/BssgFr60Jb5VDm/c0sfMBTLzimB2FAv8Ay/2NXbsau38pppCLjLtUEbSy8Vhyrt6mojqRWextTLa1Yz4uMLIU4V+YrYf+ab1hGlccRxluvkvtSXte328GVb0hJLK9j2rPuCdRXxSDnhZTmHEuwJ/xWBw80SIkx1LMct9ACan5chFRHOiP6U41vRXMKtRz9LUOMfprg5/OfsKsAAAKQ8596UXnFF7sw9abBQzSrPlHEAtfv/3qGIpufCIvUyHW1YvGzYafzHOAujfUOtRIJsszqRpcKel6/wDVQ1jns8Q9aw37tRTD8LXrLQH4GtnpBdgaU/mv70hsQKWTXL4byxaguum+tS4WCVhMVuV8tSgqbjrvVrm/pWMN8Thx/VasP5BTUf2TR0eoNbVH+8c/1Gr60p1WkfNcdvBap45FLbWzXHrWHfOlqcXFEZQT/esQb4rD/wD2CoP3YrEfEAlxCoe27E2Uf81hMY0880TrbLtWW9ZfWsprKe1ZTrUic69STYCjJFFxnvpHv6VGoOdlvYHUmr0h1FA63FI9zbwCKniDDUetW4TXG3UfrR11qZsq1Jd54io2e9RtnbglmBC3uNqlmVZnwzxZRbMDa+cjfSsPjmlkV1SyszArbXKKAtZ0Oh109aOKlBKqUJH8wt/iuO38q18wwB/K2F9KmxMgiLRot7de9YQTsTiZ2G1kX9a4oF+Uam19Nz3pDJFZcRItr38xJ0pRnjEgk9BYVmOZfXW9RtdsttbXFRpl1O58F1vTDLm0pWy2W/tWILPZF3NBck6RCTyG7m2ovTAnEuhJy5wo17UMIqCMXLBBbMTqL1EUaWSOEHZit+tYKH5OIIZFyWZtTt/enhw85+kSLsCNjTRYhD39jQ4//tC+32plWBOPi9114Uet6TEzS4k7hMuq6WBrEMyCNUjzJm52OygVLJDPi1JznhswH8oI/TWsRizhEhGQm63uLAC/pWBnlxUOd1NuJlW46j9KiVcuYfV4cq0WSJchO5tfveishsVuub6/NtrtUmSR2Rw2UG+fe1TXGKw0eHHJe7HW5+9Smd+InDC81gTu2mwqCL5XLGXZrkupAJ26GhwnQSGPlK6ltCATUpMkQCwRy9G1uAKWVVGRCiuu4NyBf1rESTXzI5yhTeNfMTasFG4w5bFsWc6m42HT708IeaLJJksOu5v/ANqLoiWKlCdDn5rXNcaOPELCsmpbvdvWsTw+Pw8oJXLcDm0rDOsWHKsgRru4VTo3rUMzrrK29hYa2JoEEXB8LF4mOFdTr2qXBNi5TK0w0NhpfLf0rDl2SVFBRlUXe10IHagllMumg+obW7+lYWOeTE4cTScwdjdevpSkoY/zBznJtmtYbaUHJJJDJZ+/bpbpRGMT5l2biXPJEvQGndkFyoUXUBCbA33tUWFAlxbSiIlvqF7HqL9qj/egZnLZFYn6SfT0pmyEniIFLZQOgv8ArRKlouGVLZbd6xXGlxksWaQLrZVFlsRo2aoonwk2HLhtHbMfU1M4bHTWX6woOwFha1+tfmheGqpl2CDtaocRHGruhzZiWsDtavhuL1MaKTEfJ996vfXwcdh1z5rGzHUgaisHOJ0PLy3tGxN71xlX8tyQ5LWFt6knLR5Mo4wKqyZtdKil4XxCJXBABYA7k+t641yqRx5zms39Nu9DDA6tqd/uKiAA9jUsCSix7397U2DLXDPcEaj3qTDYkMvy+RbR5ddhan+HYliCjxpZybW3vUXw3EDFGXlQZQPNv7ihhJBm4swII2ArDQImZrX9W1JrF/C4ZxI0R4MrgjOPXfSvl3hRlzNlClQlxZr6b+lPgnWNDA3OCG5je5rDxFY2RGGcnMTblJ7CoVZY1Dtc9T4MiBgalwIE/GiZlcdAbCw60ODLxDIAWj67fapGYTTD5bKttG6MT3tWFwvzOJdhHaELYjub0qiILYdaI3pete9Wq6i/PVxtmFG/eiC5sKsEWw6U2gWrXFY/DTpkfDLfnF+6juO9YWDhRrm1bv4eKPBIl7frQGJinaN0zIWzBxrcjvUas+mvv+tCJIlVEUBR0qT6RR2rY1vWopkz9v7UsZDX0rLfc0ABpUnSpPIKHkWt6B6eHNEJFINDDEsAXaym667WqNQrMANKfoKbWRB+DUD+029P5a+gUtEUD4UrNfKO1A3Apd6cdaB/PX8HNqVr0P2TvTbCugFLoKv5qFDwWo6ait9aOxrN+YKXFmWRo4ozZfNIfL7DvRG96eQxvCnCY5yRmGwt3oMKvV6uKaS3SjKAdaQ3Gc6Dpf8AzQtXS9GgelAW8EiiSh9OteX2qQ2pUuwPc1FZZStt6d0WRIyeZ7lftVqnmiwwBlcAE2FKVcBkfQ6jXvRfLuTXFU/VTHN5b1FhyLGQ3NY4YuS8UKWXhk8TNaxH02rCnECFVnYFv5hpf7U5Ci3YUCkgUo4N1B+x60Bbw5FuKjxfBkljkPLfl9KBzjQgis6cRRmFwbfc0HHzCWNTROpjMMac0t5Lm1gdyPWpJhFwgVY52y8ova/f0p4o5MhdFOVsy3Gx70saqLKLVxkWRIyTmbYWNtPWregoaVFEYzKzSsxdr2J0Ht+DNksb9f8ANOS9rpa41U1gg5RpJMOsUhFit72A21rcX8NqdELXKg2pEEYCqLDtUuBOI+JGR4yAiKVe+jHa1qi0nQdv0rpVqlnjiKIWGZvKO9t6BB1BoIA7PdtRYi+mnp+OOxEmHhZo4s7/AEjpc96wkjyxK5HmF/71lVzZlBB6VIbOaTjZkyZct+a/b0rY27+ETanYFWuwFSlsgyKblgp9L9ag4vDHGVQ4uOXUadaxJZVQoyg5+vUdhUUgOIQdTuO16R1fMFYG2h9PwxWAE7cVGyyjyMRmAPtQ0sPT8I+Pxp8+Xh6cO2/rf8DUUMUClIowq3JsO5q9jTMJJLqbg7WqB1a9umlSGxBq4v6HwWFEWNaP9qG9qnhhkyGSNSYzmQnoe9TyWbD4mALJlJ8p8y66D1rBTYWTMYQoZ+aTvcj8DTSsuICEHK3lspOvqanjE0MsbC6sLN7V8OTGBW+YbS9kH9I2P4Eg3sRpvUqy8RHjW9tLFio1/wA0wJDZTr3qCPgx7AC3KNrA1FYhx6VDjMLlghin4ulgb3Jt1JoGwUdRQ8F1py0fMOlYeRsSocgDT73p7Ouo+1NhowUREUKG2G2tYPCxYVCEGrnM3qfwjEwDcZlJzG1hbl6USLm1qWhSMrqGUgg6gilhjiMhRAM7Zm9SaEis7KDqu9Dc1NclAAfLSG1m/vT4KBpBKqgOp0NtRftUasyJxBr19fDnjzKaw/zOFxLyfmC41QrymxqfNNhyYJArFeRt/wDasPxma8pF83Tai+SMtlLW6Dc1GXOfPbzG3/x6U5sCbX06VB8+cSZWFo5AG4T7j/ztQp1zAG7cutl66bVgyPlojwmiGXRG0KgVJfKcp1toah+HNHiBiHmJlKWZhoCeulA2YGpE0Ujp+tcEPIJFdgCb2B3I7/8AFRLy3YddPEIvUsQNBWViATY71lWMKO1Rm4pIhG0zgsS5zEE3tp0qPjcJeNlz9cu1NQkkOJEalcoF2DXvY9ulCmRZEZG2YWI96ypFGFUWVRYDsBTbUyytMmVmVRzHQFW9O9DVBRUHXxnoi0lYhOLGycuv8wuKw4VQqqAABYDtahXxHGfKRryklmtp09ftSlioJFqXelIuaFfEjiFySKfyU1kAGYke1DVBrfreo9RakIIYA9fHam/eGjvXGaNoFETNnexI+nTc/hKiupDLcGkijgjSKNbIgsB2qWdMMjSuGyi18ovWFSJOKY5C2eQubtexPQUKNB1ZnQHVd/vU05wyFwmbUaXtodzWFGGCucOBZmZm9WO/jvtRP5pq/NS4vExY/g2LpM/LcWyAb/8ANDYXpqmjczJImXTQ5r7He1TRmWN1G/SsDg48FCEUknqx3NLUUnGjD5GXfRtDRiHEEmZrjS2Y5dfSpohKttP/ANrDwRYeFYohZQNPHIp0YSMaygtmsLgWv70irmzW1Oh+1dK4aK7yAcz2B+21GeIzNDnGcC9r60N6klSNdd7MQvU5RURzIhta4v7U7BEZmNgBWGx6YlpFswZTbXY+1A3pHsVS2v6eOaelYmWRcugy2Pe9JuKRgMRkeS8pjJt/QG3/AN6av+mfnJPLMXkGbn8tvahvTqzRsFID2OViL2JrM2GwwLAysq65RYsfQVJHHPGySICrDVTTIo1AqOWMy8POM9r5OthWW+XmI1v45p6Y5btWHcyKGMbJrs29CkiWEMF6sWOvU70SDqNjRjJxCSHZRpzHc9x1pdRQ2FSYiKKSOMsMzbD0G9Hao0yO5zE3N9entQ8c01EB8wYaHQg9aiAVVCiwAsB7UNq+Ix4qaIph5Mp79awpZoELI6k/S4sRb8MJOuIVyoblkZDcW1FCp8EsrCRDklFrPa/Xt96attawckskKmaLI+t1vf8AgHWtjapHWQ/KpieFMQHHU5QaXajvU8gjZARv10AFYtpUw8hiNn6G16+HYo4uFZeGQDt9qG34KZOI6sGI3DWAHtXxKOR4xkAzI+ZN/N0r4f8AMCFTiDzncAbfwBF6MQPSsRgIcSAJM2m2U2qNTGoUdO+tEE61LAkos6hh2IuKaDOrK2x0P3pUy7UCaij4Slc7NqTzG51/Axg0Fy/wtqtVv9I//8QAKRABAQACAgICAgICAgMBAAAAAREAITFBUWEwcYGREKGx0UDwIFDh8f/aAAgBAQABPxD/AN/KM8rDANLaaLgwBH/xHEygO1fBliNjH/gqGFoAOVcVgP0v0Ztf3O59eMinX6YarE5gtfjLQNfF3+sPQn1jHgxLguipWNg2lOvbHKsRA5Sxfc5cbSGRANtzrH7TCfPKfMZwgqwMfvSERULkmQ2MQ8snymQwWAvT65xw3vnNpIOEyfnvBwkhtDX+sIzDoc0enAdTWuXT94LVa0qj5PH4zcQ7P3m2ywrETkDfrJQQQIoOg2vQ4TEQY5aOtpxY4zo0KQdDQvG58ihkhbhx7wfoLOT1iQEqoHNThZaczNlKEhXRTlO1xldcADZpteOchDFL4zQ8CvnuY/rOAaREHBqPMoGbK8uKYRAw1ecg3XWCtYqmlTS88ZzrEAFC2cbT84/49hQvW+t94mBioo18CmtOWOkQqRsOUMP4SJonxonDSNFN5u2Rjt2E4IYCEYlFaL5Zq9uICnAKop/EwjU128pVL73zjlZrlXA0fR24GpU6bypRob7C8YQpSU12hvRHFoZsL2PAyYvp7eQOgkAPziskBE1vinOA6igW0EfAVnsyNcMUro53vBp7WwhdPWjjF4ETGhCrTWiG3DTLF0fEXWFPKEgE1PtJiAOAEMWCgdkLlDAGwxPp6chhoKryVt5u3Nicb/tym2OusMaurluEHVg9g87y55ZQGgq8g9XAyWWSkRIczeLxUhxpUB541MlBQGpe+r9PHOsQHbpAdCl/dy3BshhbCPdx5VGnuM0btDkPu5OQ6s2FrMUt13hmCIt6+EUxaYTQSlw+sIOVNg9JlOuJh6y470uBEbQRyVSL99jjlYCaCniHP27waSGSU1HJVAbS8Xx+cERFHiGb9/dRyU2/3jCKgSkH85D0fXnw/g5wf0r5wS93g84b2i8mAdMYFdBF9nCVjDiR8te3x6yhULv0+GJTAYCCuH/7iNJzJ5OnEkB0VDko2vrvC4hsJUITzvjrHOgjCYTfLtmpjiZQ/eKEG4zdxeL/ALwIUB9mPIqfgftyAgBACAeDJl5Tlm8BTK+7NMj8W0UHSnEdOGqyvA9fEAjkyaPSMTBrUjkKvK464eSscp5xE9vJa8rWGeIZfBgczEaMmRuXAnGOhnmYIfRguPA+K+pH956yN4TbetPxLMsNPAjWCyGq6vlO/WEE0P284DVNTPDj+fH9rn1tYLMELcXAxyaM3HN1eMUejhv/AHFcUJOXjDCGq7cDyfhNCmEbyB7/APveX1yH7M1byZJSMg8mMq8ZMEWEtXLxnKta8xfwJgYkRgStib5lG4AHXs2ZQ6CY9AYYlDQ/LiBjGBxt5cGlNREiAW4iWrAGPLUyDdmQWj3g2G5ROE+CxkMCDFO8ON1wdf8AXOMAMJXi4EwpKeOMKD+IXZG8et5ZRsycKgdde8F4xTbZRsN9TeBoR80Hy8RxI7FW5eDdyWxR4KjfesWDW0pe54/P1k0DwtDuawwYZIALz760ZRMrQAlpX9cJcqBb2RRoZaeTBsgsEifXryYEAMEIlPJmkviE0+7kal5k4PR8DkjgkAL6/wA5sgRKx/r/AFju2kPH24B8oEBAg29uphNm6kkW6t35KOPibBJAdPNXmQmCo2gkyp+F04rX0m0WavR56uEXajCfMd/WMEJOAInhH/OGKM9FfsD43liaXkU9PnZ6MbmEENBYPfvrCfSCKsOnXbxjfIpjB4U3TwcoUoFR03Xvi46YSRRpyPaTCjfAq/4nXxJTDjrWSmEQjdNGsBUFFzZyG9p3jTuER7XfHI68YZ0ZEQ9Lwu7zvKdyWcFeiuAT1UlKVVRRITE+hMPJwidv6yzFkxSLGlZ4yvrgoJcC5+zGKdL5eNIag3TcJ+hq+peWit2YyRgrzHsB6dMSrNBdjGOjsnBxgPwqCkLov91swxA9gVtpRdAtu9YhsLxBf0V6xMNBDeRPz1hoiOxOH4XjF016A1vvwe3DPhvWOmN5cGGSdkdYIiK72wibSPquF9VCCqIM9Dccix7cq5anu4cyqzWalOCPXeUk3KKgl+g6yrPHEBdGhuNdShaMr3w1LvCJWoYNAugienVzmnVFToJzou8Wr8qoeCG+U3vHXUFmFEGsYQLve3nRvxDHl11CTZ9DONOE8j6juq8Jj1VzUWoTjUmd1UZyFKVbzgADYlPgSmQ0Qi8nN98YxsVCM63rjfnjBCLKxmCohrnvBYMpkhO1HmGhygrFeqDHC+8SZjRoFDfb6zjNETOQgvlhnCdpvDXFEnFLs++fONIOCMtbf9eM07IR7FRhtmMXBwkG3qKu2O8RRswbcdBqb55wCJgTTRXfOzJdZ1yD2uO5VDunyqb4UjmlMxSCAo0ni4952FiELDsKmHxMqDHy9JMbhvUIu/HXwkSCJw5rq4aXsHckmJkFQBoa0nMesj8l1DuTvw/jGHLkI9B+zeIYDCw5wAjvCAPeMNDR/WPgs+8WBAnIzWCoGXg84AjE7Ms9hy9GJYaGvfvHd9YlnkctNxt9oeFebg3BSsBPr4komatUYoFopg3BhUAogNHpcWWjQEbNdt7bM4TCAn3jIXbn+HH9mEMcOjj+sutBbut9v6x0ECrATxzvfGPYTwZqAAdGKgwfozlZMdz8fHXqPhyZPIR6J2feFWCQDxhj2DvNf8mPEzR/iuJeQwPWNVwIZuDBSev4979YG/WdL+/i6ZGr5y2OQmDdzg68OQr04NL5wltn3hKb84qfxMD+OP7xgSgug84oXlCp3h29uFtYaVy7p18Dh3ezvGKajNYAI/8Az+IQ68OPXhpS9fYytJV7cGw0gs1PS8HvLAWLx7ycDzvJc3IND8uObL61jc2aOn5XNewdaU3MtY44MSKHLzjOhkHw2MJt54IqRRWf5wSziaxnNaDJMAHRy+cUIASKJN3wc5CRNSZU0we365v1lrACGidjCcN7TX7xVBr61+/3iIKPJN4b2xIF+5jNqfzBoDbebhIGBAHv4YT4lbiPLQo3gHrB48vL8SXLGC6qhO68fWH60o0vr1gB4BFnoxkhF5HGpCiyFwPTjG08RWw5jj2xttsA6ZHuOJwCqHRiQxkJF+CH5cStUfMMEeD1l6mNGuQ9HrF3cFOACbQHwrhjZbQU9PWGmGQNLEdTrrBh+338co5v2FKH7w7XSODd1j3TrW44bIOMEAEgHADHeQoKFOHxl3T2sQij6GuCgEeE7w7EkhPuOA+/5VtoEOZNuQ8uRHGyot2SHE4yhzEQI/hz6mGdSbd9Yde185samxfGIjH4tIN0VZMXdAAbKjD0c/WXq4wlRQF2U3OsP4BTlJXZy5ewbKioWa5+8GQHERrw4GsnCPskWq5woaUAwhe4eMHmsmXbf5ivW3Q3xk1h8mLyTQ1Wr+XDZ8OTlkUqJORwW/JVJ/0xgOm4oG6KfDYzcIJeExRI7F+vWc6I+MNjJDcpD04R+jgcAU42IXWW1cIIpKvfExM4Y55oUTkx0E84VlEFT2k3cZAB2NDk9+OsDRkahUA2PhxhBsSwaLARA9mHgHARZ7mG6toM9BOsChQWKahl2L8qoeBdXK/vguNicnT8CXKmO9m085IuiA0dhy+XHlf1lvLAgFV19twCRYnEdodY8GG6t2wK0b3OXJJctzz7x73g5wnLUBE8iY05Zg4QK4EpQDRl4w0cLZA2zWmT7x2HHAx5hEwe08YiGG0cbcngfHxJTIkNomILNiRpBXZQ2SLmsICkj1dL9ZsYC/BrW+PveKXNsb6A7cPACaIl7G95LkhM5MODGwNaB17Q0hhxMOCrSk5ijs3x5x2uKE4AOBmA1bYM0vrB3oB9I9/LUzwc6coFWkA5xFWjQBIfQ+lecdELSH/PyQRwxZg73AP8/eBJAHLrJKcOHjGgCAAOjWbu8utOepd8Y9uaK8ZrIX7ZqYI1Yrs5H6wLw8TrQDLjHSPw6SpdHvWO15NYkIv38xo4UPWODelKZdiU5MFiwRAcA/gLQuJyCN98OzXG2r7/ADi1xgCMY+n+KbF1PWCRtnJMLW0mwlvrEOuTCAIRrz38/FxUvAZvgDHnNBTTow4MDcRETznKwhLHiu8WkUUPaAw63jx21hgvQB4zrnHF9sgx1033xj7ZFAQnZzDcwbx4OUbN3afPyYp4xxqO0uFycMxDAP4i85eoDCg3eMiUvjG3LLBVuAZfaZyEBhYPW/xlc6Xtyc/QTNgxVnqJximzL7OUAXk3L4caI21UuuR+TWanJB2z29/PYcMIRabwFdoI2CqXxTDSAQnk4YcMZsgmuwp9OcmBApaPGuccOOlKyXlkPeV1IYeaLH2YMGgqwMtGnSHgo0s5nGEkzYOir0bbv318/Bw7cSaBXRBv6y/z4bEEEQqkcXg/xBdO4Kp0DYa0vLjFA2MfWNvRQANM7MBarI9v0V8YTd0uk5iY6nF3xx9eMnoFOiElni5UCAKdh0+n5+DnJyMgZt9mOFqJho86XTzgGMLJZuYNCDZTVq3wXrjARBCidmXQtWB1IGhPPeajhGhhh11mXkfi4xCbHZhg6WEPuaces3BM7+bi53wIVsBQf6w+ggOA4GOj6wyjIpUAV1g1uiTioBqdnrHnD1CyqWMvJ7M4msMqhQSCUVpojDTRjUg4cLMzAZLrZrZjy/MlHGjkvHa4zAmQIOoOnIjFsXHhA0W+xVc1h8tHmuvol6xQ0/PkSZuHzhLMtybOJo4tXupjO4iUJx4db3cZIlZFV0+Yapzjy/fziMaVGTU9ioOExX1AApXE5cUVy4qeThfoTCIKaHkxMAAOgwPCfrJ6JshXZfBdYi8uN1W4Sov5x27/AOBMhkyZGRkZP/T/AP/EACoRAAICAQMDAwQCAwAAAAAAAAECABEhAxIxICJBEDAyE0BRYiNCUmFy/9oACAECAQE/APsTqgcT6zXBqiHVE+seYusjmvY1NS8CFUK2vpkYgIjCxHXO8fGaT7l/bq1XPAjBvEViUWE1OOHmiBvv/Ga20N+sVk20Yna1wG16XXzMbW7oWoYhHmES2gVjkwS74mkrBbPSdvmNhnjcQfHoTmIfM0nvB6dZNyzxGm1QlmDMpYQsUKI2iAlpEPiLdZ6dXSprEULakxtj7DsgriMFEzKNZi2VYiae07mPU5Ymow28xLGIVLDMOmwlMMhO6KjOHvti6LJkPHsf9TR3bc9LixD/ACGIir693qyq4owBUWh08wKo49b9xjSy2K5nGZ9Uw6reId3Jiv23AbXqexkR2fmJkZhxzK/EAm4A7YfjENL1MGMrtmke6jCoPMuohsXG/MJa6m6lzFPSfRQN2+f7itcBzU1CRspZVrAN2DAtdRFw4eoaVbnOYMy7ZhtiYMr2NRqf0JID1E+MJ/ES9/6+yctOYCfMBzGBvEXPHs/3jYW5yLMTImba4nyr2WRvEowo53xVIXM2sYNNg9/Zf//EADURAAEDAgQEAggFBQAAAAAAAAIAAQMREgQTIjIgIUJSMDEQQWFicXKy8CNAUZHSkqKx0eH/2gAIAQMBAT8A/IhhyLz0p8MFOSeAmTQG6LDgI7kWDnaAJ2C6PwI2pzZtSeWYJCGTvtRnljVPJSx0UOKEMw4rRTte1E084xHhoyUkE0TXSRGI8UDBWpLDHh3glil+yU0QNMfdehbmBWXWqbDm15gJ27u5SY2YsNlPu7upYdpJmts1d6eExO8TtIbViZixACzjb/JEJAVH4YTGlHTXMYaLkOHaSXMJM+qiEmpR1YHnoTyCI2gjZtdVFlQvfOFwrEGLyGwbeEGJ9qjeMo4aBaXWoOZo+UiZVTKbkFVM1aCsRBZqbhwk2VL7pJ2oVWWHejGRKGs+IoIXCsXGcMlrha/Zdd7FbL2IXMlKTyHYx8xTYkhP8Xb0GpWFxvbapbL9O3hws97WFuTmZPY23V9uyjCRrAjxGnd22+pT4gjlIBMyD6rUEsmXcImXubv+sqRBFnSy0G8dA7tSlOFpAljYLS6Cr+lERQ50TEBlGPRzWKmu2Blx9C8uHDvNCGfEB6d5Js+YrxitKz6vX8OSmNyPWOkvgI+t1HiMoqsH38VFjMm60bczf+6pFMYPLiAt/j+qLEBg5qx5c42aPd9ixGMHGTAZtaRaTLp/ZQvgzIc46C3aP+VjijknlkDaXDh55YXtB92n5lNTDNTNuuDT5qSc5NPT6aRW7tXpikyjutu9xO9Srws9E5Efn6XaniC1VSnJgTNmWiwallC5UZNALeaYY3exitHvRCLlRk7OxUfijprZxUIBQ6ltD+5E9pAmft3IaKqIJLBlfaWn+lC2pStcRvxRuPkmdr+aljdwucNv3zUchxvUSVGbm+1TMzHRjAvlQ3bEDi13cmiciJxG61EPr4ReicRvpejIi60z+plIDA9rHcnHRVBY4GRnq6Ez0JE9uq9OVeJnom5hVCxyPaw3F/pC/Kqd6eSsdhAn1XffNH5U7VUvAgC9qfMmuYtKZ+p9XepnZ5CcCuFDycmdGQ5ZN1ffn4ItoVHF/mR5daBtTjURpuQkDAbW6vpR+3wW2KNrztutEkzOPJ9yNiEqOiYGscC+dSM7jf4MUoM43JyC7kmmFvLcpDAzJxG1XCz8k834dnT+S//Z','1'),(35,2,1,'girls  adidas shirt',100,'data:image/jpeg;base64,/9j/4AAQSkZJRgABAQAAAQABAAD/2wCEAAUFBQUFBQYGBgYICQgJCAwLCgoLDBINDg0ODRIbERQRERQRGxgdGBYYHRgrIh4eIisyKigqMjw2NjxMSExkZIYBBQUFBQUFBgYGBggJCAkIDAsKCgsMEg0ODQ4NEhsRFBERFBEbGB0YFhgdGCsiHh4iKzIqKCoyPDY2PExITGRkhv/CABEIAVAA4AMBIgACEQEDEQH/xAA2AAEAAgMBAQEBAAAAAAAAAAAABQYDBAcCAQgJAQEAAgMBAQAAAAAAAAAAAAAAAgYDBAUBB//aAAwDAQACEAMQAAAA/XYAAAAAAAAAABRi37X8xP6NFhAAAAAAAAAAAPzmWj8tdD4ZFcbjMfn4/qAoV9kAAAAAAAAAA53QOlUgpmncJKKhXfDIFE7PS7fJ0IAAAAAAAAAAAAAAAAA+H1p1bzburi15hu3BpbeTl+njTe76pUuHR7CipWfNBjAAAAAER5k2qbp84w3G4RcH7Wrdl63c4aeH5e+YZa1I5OQ9lhv6nrWnPNzbloz5Lk26V55IT5F0efWThgAAD4eeaXOmcmxYOD9//PW39E6drSEdsTyffWvDH0/l/vShWOQfoGh9WxyxTmHPlj6x/NU1sunteZ+gTVDueKnbI3uWAA1c9K0tvT2teQqFlrnDu28Yt1y6RFTMRtyy4s+tHLqfcGVtdGy62eFOy5tfIx4dDa0obO54k4SUNy7UC21jnWnPXprv1bOOjqvn3AQdbZqxa/e3g98T2ucY7LxS53Xq0NNw+82I6Vio59Dz88x6PR9jT2cVO2NnV35asNq5tPH0LXVrVT5a0nYqzM0zXmJrXnbLVQ7HMYM/wrkZaYTU2Y/Y1Mla6kNw/v8AwewXzpsNLRe9m3IabhGWI9XKwxhDyczhxVyMmq9YnsJBWaow6HRaXbq9k0I/oEX0PlcUO7WQAGvsCuQF7goZqzx/t/IsV6senlxZ7BuzPP8ASnWrFduU/mrm6v8ARzlNg/OHF8/XsDxTtNkn9o3ROf4ux0GWhr7nqgZK+AAAB8hpmISr/KOscrxXrYz6MrOzc86VYee63y/1+ff0NRtfv9UtHF7jHR5712jSXXtN7q0zRsEOl9N5H1tWQy1wAAAD5Ey0YlXOTdZ5Njv32106lT6n6053yKb1vmeCo9O590Ontxslghe7jKy1a1OVdOa3erZti09o4v2fFwfoz1QAAABGScalWOTdU5Nj+h/ZWMncm7PXKjcahVeoRnG+iceN4rPRaBLQvVPwWXq57VEz0VDtwPZeL9maWYZ6mAAAAjpCOSpnJencrw/TrRi3dLNtznDf1LwXUrnPr1e9KXUtFKu3v2h0K5Qk7htNpxesuzjqPXuS9c81swzVMAAAD5GScYlzbnd9qGL6tYo6WhcmxF0K21bVsdzxQlx1eZfoe0RfQpHPrfASet3rx9859mtVzqdCvXvP2BkroAAADX2BzmpdyeWHnvjoz3BxirfpDzDofmWR/Qvjzao+O8fJcTkOXrHvFuUWRt+SenU7TlT0Q91AAAAAAAAAAAAAAAAAAAAAAAAAAAAAAAAAAAAAAAAAAAAAAAAAAAAAAAAAAP/EAEUQAAEDAgQDBAcDCgUDBQAAAAEAAgMEEQUSITETQVEGInGRFCMwMjNhgUKhsRAgJDRAUmJyweEVFoLR8ENEU2Bw0uLx/9oACAEBAAE/Af2h08LJY4XSNEj7ljCdXW3sP2vtFUYjTYTVS4aWceNuexGY5OZA6puKV4xCPETUPfUteHiRxudP6LCsShxbD6eth92Ruo/dI3H7T20xjFcGoYpKFjAHuyPmIuWE7aLAO0VRhuNCtqpnyMm7lSXG5LTz+i7W4KMHxMmEfotQOLARtbmPouwOOeg15w6Z3qak9z+GX/7ftHbDHsfoqj0KgpXsYWA+kMaXk36dF2VqJqiKvwbGGTimqmucJZQ4ZH8+85VOGVlNWT0nCdI+J1iWNLgQdjpyKw5j8e7MzYTXNdFVUneo3zAszdGXd5L0DEWO/VKkOB/8btCPouzeKTYrhUUtQx7KhncmDmlt3Dn9f2bHsXq6KShoqCJj6yse4R5/caG7ucn9oO0OD4rDS4saZ0Ho00xfC0jMGNvz53WMVvauu7N1VdNHRiinguYRfisjds66occGDyYjOKWN0jcPoGMtcOe97BYE9F2jPafhYYMV9DdC+vhI4N7xvB2PVMxntNi3pdXhLKRtJBK9jGy3L5sm/gv86Yo7DsLkmkggNS+bPUvjc5jOGbAZRzXZ3EqjE6J8k76aRzZS0SQOu14623afkf2XG8G/xVtNLFUOpqqmkzwTAXtfcEcwo+ylfUYlHXYtijKr1L4nRiPIMjwW2b0U3ZHGJKF2FjHv0EDuMdDd1uTSRyX+TInitbUVWZs9NTRDK2xY+nAs/XwVR2VxyvdS+nY8JWU0zHxt4Nr5Tudd1J2YxKCSqZhWMei0lS8vfCY8xaXb5DyVP2Ur6KgpKelxRuaEyZmPjzQSB5vqy+46rs/gP+Ctq3Pma+Wpl4kmRmRgtya3/wBOXT5mRi7nAKoxUtB4TduZT8Yr4Zw++ZmzhyCp8Zp5QM4LD5hMqIH+7I3zWZv7w80XsG7h5p1XTt3kb5qfFo2A8NpcfIKgxatqaype93q4wGho2uoKpszQTpdb7e3lmZE27jZTYk9xszuj70+a2r3eZT6pmoDb6eG6aeICOv4hRNZkGYfVGmsT3vuXAkOzghC+9iQuAeb05sbRq4lUrQI3EC2c381DmhYxm4GnkmVFjo63yTKofbH1Q129pVVIp4y7nsB1Uhc/1jzckKpxENmEUXPdyeCHA9eaOi1aVh7uLUQ/z94IMZxHk872XbBwpsNgIe9ri/7OhIXZitE9RXgB9ssRAc7NaxIKzNHJSPEr+E36/IJg+78m+ikcYpmxjXMNvBUlXl7nK9hdAhwuPZEqql9IqBbYGw+ixFh9F7psRr425IuzVsieLxsKOoHyW4UE0lNK17DqNvmFDWR1AuBqdx0Xb4xuw+ns7ZjiPquysnDxGZnu3gs7W97ELiGTux79eighETbDVx1J6posFyTDeRoVTJlxM/ww3HiVM7hQREcnqnk79uTtR7KonDZGRc3f0XDtUv8AH8ViD8sF0xuWrl8wreoahsgnhMkcwgi/iFi0LMXhEcrz7trjcLC+zdDQycYPmkfa2u2vgmQuAAsGhNbl2/IVEfXNWJi1a13UAKrF6dYfJnZD1CY/MXN6H2Ej2saXHkpyfTo3Hq379FK21QfmAsSPqCiPXX+Sb+rtXVNT0DqjsofhM8EUPyOPdTD61qxNt3ROVSbxALDDZ7B/EmO/SnBRvDx4b/nErE5DZgB03P0VZo+N/wAr+RVRpKw9W/gsS/V3IalD4DVzKbsno7q6h+G3wV0PyOOib74KrBmbGpDfRUek8Q/i/og61d/zoojlmlt5eCjeJG3/ADCq2o4TLNPeOylHEoonc7W+5T+tpYn9W/iFIeJDDJ8vxCxH9XcmHv26ofCC+0UBonJyBUXwmeH5GojRSGybupdY2KQ2cqUfpMXiT9y3rR9fwUD71cgPzVOwi7vIfmOKrI5Hzl593YWUBz0kg6H+6j/Urfun8CmC9F/KbeRWI/qr1H+sRBH4YR3Q2T+aeuihPcZ4fkYgFU6KE3Kd8Jqqe65UZvUsPRpVM/NWvB3734qmpcj3Sv8AeN7fIH81wUjU20Rd3fe3VNvK21ri/mqcerlZa391WNzUr/BMZepjPT+qd7gX2l9hFT6EL7cY6qnddrUQozr+SqGigPfQ+GPFVw0dbksKkzTkc8nkqChLJHTybm9h8j+e9l1JEtWG4UElpDmIsQpm+qcOSiv6dk6a+ZT/AHQrd5O0Yh3ttdUMCraktcQI2797fyTezbeI1zqk3HRqGDuY1uSUfUKWmnhF3M06jVN0cmahVI7pURtIswEIcerVVMzl1jc8lhOFOgd6RN7xGjf9/YuZdSxJ8eqs8C11HC1ldI4c3Wv4J52XNPje6Eua5osbAHY/VRsggwieoiJ41srzzYSQCPv3UGIOwt5mGbhDWVg5gcwOqw3tThuLuIo3Ekalr+67yUdXma27PIrEu0tTTYtljP6PFZsjLe9fdVVDFI3ixkNO/wAioTyVQO6jpIqdnHi4d7XG6pKIxHNLYuB0t7NzbhSMAKeEwfpR/mcpSm6lYViZrajEKd7QWB92+A7n9FV1DYnTxOnLW8IHKXWLrHS/VP7zO869xuPn0VO+fCMXj4b7PintfqD/AGVTVGCkcWA5gxxFtdGi6qZzUOnmcQXvuT0uViONy4iyGmZmbDGxoI6kDd39FhtKW4PRyW73Dv8A6SbhTDuKXR6w13u+1lUijHr/AKfipiouSnwfGcBmqa2IRcEmwc478Q6C297lOwuGLQ07DJFZzKggZjIeZPz+5doMPczDKx8J4VVA3OXM0zW1PmF2epqWtmfNNmfOx2bU6H5+KpMUoqEytqpdfR26k6AG+nyUuCU0/wCjTaxvY53c7mV2mosqnCxSYiaQyiRl7lwP2TyPQrDcRmpJYoJ5HSUzyGd/V0ZO2vNvLVT19ALs9Jj3sDy89lPuVhbvd9rKpfdd4KLWaTyU+4VI3O5o6uH3rtrC+Ts9UFm7HMf9GlYrjb6XAqWsnZLG+YxB7LaktOY/QqmmZieFVtY4y5K0ucRazmggMs2/gqLBocKxWUQOdw3U4Nn6kE+CqsMfVy1FMI3Pc57s7Bvl0cD5J/aSpjZUDg3mtkAy5SwjrryRfHUVD6lrA3O67QOQ5fcixkzTG9oc124PNOaDThhAy5bW5KnbwZZaYHuBmZg/dB5eCwt3ft7WRT+47wVN7zz/ABKY6rDxaSG/N4WJFvo5a8dxwId0At8rqdlQG2MYdKW8wHMdbqCRZNrcTnlY6VrXNi3hhb3bj947myxGWHjSyMqZXh0F3a5e8b6WHRQ4jPQU0op7MklDQZb3eGjk1YTS1OJVradsmlnFzna2A+e6loZqCRjJgLHVpabhy4zX5AG2tsr+qAtyU96atE4cS2RzI3NI2B00+pVB3Z7Ll7SRVHuO8FTbO8UTeSypaWo7R1Uk75nx0kTssYHO3/N12p9Pgw6lpePLJTtLu8T3vB/VYFWVT6JjppnPknzSGWXZuvLr4dVhznvFRIdnS6LtBhlRNUxzUlsxY7OzbMRzWIsw11BScB7jK4etaeRHI9NV2apzLjMUfEfkyOLm33A5O6hVPo9Zik3pJeIGM4MbmH3XX1KfE+mqHwvIJadxzB2KZO5wk9TIQ1+UOYMwNvBSwTVU0d4nsia8OJeLF1tgAqbSpBQ2HtJFVaRv/lKg0jKYwyF1ubSB9VgEQhwaiAH/AE7nxJ1VQGuicHNDhzaRcH6FMp6d8UfBDfR3N6aEdLbWTJYY8zGW4Q9232WnYH/dGWKorY2MN8rXXP8AMn4Aytc+qccof9hhte3PxWHNnw6oqG5LNjc50UnEDS9jx9oW5W3Q9GbEGRvLnF2rCwi1zclejOqZDL6TI25sAA33W6DcKniZBC2Jg0H13VQNVF8UFM9xvh7R6rTaCX+UphtF9FTNn3D2eBb/AHVE/hNdTPAa4OJaL6EON9FUSZY3G2w1WK9rKmghdRDg597ZTf8A1FUfaidsPpFbmJzloMYAuCNh4KgnNVU8ZzS0ua3Qm5CgkqjHM+KQBmZxa3LflfRelVLaaS4if1Lgdbo1Tmxhtp84HDBDxa+3iqdoaGNHIW8lyVQLqH3z4qP4bPD2kixI2ppf5VezGhUzbAKctDsxbmA94dW/81UkTuHHG0Pf3AXWGcnMMx6eCxGGjqq+Sd9NGCwNaQAdT4H8FPhIqss8tSxggHwMpN+emXQfVUQzStIKief8PLWuIIEeawuRcZdvopw2Q2Y4RMLsptoDbU7hMYeJG05crM2Ug7keHiqZXUouFFpOQofhM8PaPWLutSyfPRN7zgFENFUDf5i3msNlo5KdhcyMFzR8tQNR9F2hdTuxSZ8D8wGQuIObVo1WFYMar18zY8mXRp11PyVdhkeFVDDE/uyXIj/dtbb5IxcKpaRAZWTbsbzvv/uqvDJo5Hzw0zmgj3WPv9T/AGUjAzg2de+YX6k95UqK3CIyVY+aj+G3w9pIsaP6Pbq5U7bvuo9lOdE6TLHoXC41yuIv5Im0pI06Khqpo22jIsNgb6eBbr9EZZpKq8tttAPn46lPjfPDE6N+V7NWn/8AFUVmOxiwkb43H/xUbJjM6eolzyHyF1Su1ARFwmHkVVttNE/+JM9xvh7SRY58KMfxfgqZvyUY7qqrKS3CBCLddFTucxyAzTRm11CAGgKsByoXJUWjgg8WGqFlMwSafUfRRfCZ/L7RzbrGKCpqWM4DM1r31socJr2bwnzChwuc24lm/epcA4v/AHFv9Kk7MzhtmVDCB1BCf2bxFh0DHeDk7BcSZ/0SfAhU1LWslZnp3262TA4fZPkp43SMs0aoUVRcnJ96ZR1Ad8MoQy21jPkmwzf+Mr0aUm+T70wZWAHl+xWRYFwwuGFwguEEIwg1W/8Aen//xAAqEAEAAgICAQMDBAMBAQAAAAABABEhMUFRYXGBkTChsSBAweEQ0fBgcP/aAAgBAQABPxD9wUOSEI2tyB+7r7OqRl4IFkZAONngvYxUxY27bcZ/I/uXiPpHLoo9jLE22va8hBtKU7CyLOOs9nX+oY/cPzTwvglRGQSc3zakZzuaEANXC2MUIgVRoBBZLA3WEo75CTMPCwPUQwf2yf8ADuD3Wy1FFZPj1S+DFQBlNUy5gxI8VuqpCNqcBjF7QY8e37LyEavKDKz6rq3eUtpb+WZPI/alsVM+xXIEpWHH1YNbWx8eKZSbXCiBWL1jkCm7YISzGrN4LlfoNUrxuCybUb/BIq8ehvCAloP/ADiCVRHlmRV9DHUFVpk2a1iXNyA4vHoQfS+yad+ogN+zt+J1NhYAhq+q1t9WiVlLTpzBBaE8fWWU7jQcr0ESCar3/SXue7yPtEKRUN4VhfcYTZGn3D3iRUvFNXGJYzyiDUfW8sTQH1uIIiehEDQZ8faaR8lU8CAoBzo1G41q2L9mYBR4RAFCOk+mxulrb2g9m0twB/BGHFXpHiItVBabVgtSb1BtDQu+nhgVKFHU0Lf23CZJozvflzOZs+65LGD727lthVq7zCpYYeJVyyBiBgrj8EMQRCpvhJhUIjdUzT/EuCVd7DPXrDCWP0qiKdOIPWz7xeWnHgZK8Q2HGvE9HZe9tRChzimZqPa+0zk9OW0sFPMG4MOib4FCUOI3WXRpj1MXPYt8vPiYQz57i5ZlyRvdb2VM2LFXzdy1cY9w+isHeb3HALgrnDr7v5ll0ik4X0DiFvSmS8QYnBWopdjJsgqJUqGS9OGWlFkYU8DKEGYAL+IQQeVdsBo5ZqSkF5qUy1Z11dypOqfeXZ2V7Uy+t0e362KiBswjWw+6QT2Pt/UJOWDmoYMniBQPMKmczeAIYrphrVzENY69Jki8zY4nHkmZ6ShumV/4WB4CWy4cPhigUz/oipNqh+qicuVod4MPQB+EwnGIfL+5oQ5eRYcfj+I6IaF9Tau46t03CyairnxnaK0ioblGXdRe+gsTglY9kxxq/wCaUB2QoE5FPJf3BJw8nX6FRNfLTwOWINkFPqj8kxDph5mD8DNrxPWIFH0SmFyWXtOmPL3NEVeh/EvGMR9xLVKFLzHfkMzviVl6/Es/7Fots4hzCpY6si6KD7nn9FRM8IpVonJN/wAWH8wCrjdVZx/oZQnL+xP4YX2Ir7iw16UCQUy6izCpYNHkywvD8RcdMyczBUCPN1MbBaGxZazhb9JVWRYfBK9YCviqFQM8erhH6biNbHUgODGe5lrhWsKEfxAUpJaeRx8SmczxMXPlUeLxFsGYEZr61FW7aiNXalTej8QqUllfMDAzNY2PbDdvT8RRcOEFzBVnSzHrLPxz1pdv6ksghiC4jWREhVhTt7u/5jh1aOnMstE4nfBfWovgmXvgLYGwFOAFrnUvdTJNvZLx9mBDPqwCcmMhfwxypG0p/UVKa2TBR4lpd3EO+5wYEX3CLQAXwP7ilKpUcWN+X0EuENTA4iWIpFA6vNeZdctxNrll+ZiEC/fE2lM5KN7F3RhlNdDcGg6xYG4WSFydbNrXZ3CRvTIHcOqo54JU+qgboF3sQcRSaF80W78eupvUzvGZt+Ze8BwuplHDmA7zz9M0iiAMFU5T7ylL6lgp3GWmbFGg93lcVelDuHJYExZcNxmd4x/hjlUZOkUidKyTBrDLCW17VFsQcxQuj2iTrvxWXRh8Y8UC07V8Qy63ZBc9S99p9R1Blg36QR+PyMpTzMmhdZqKi1ioTuvhgkL9iAo7WrXEWxoVQjmNI0dDnCwKd0JANAoRYqzyWcs4ANPVjbGOfHTmCvZVUQoH22ju+VURZJwfK7m3o5pkxxLHLTH6bqDLMU84hxxULBG4IPyiAou8Btjz27WhGdCNLAcW4GlspW4xqEswsRFixHKQzhLwACdgRBMFBWLrUz/ACikB5aZeWHaatIdMSCeaGFarVeJYokc3cRPglhxqUWdk6+m6m7PvX4lnvKXGpS+DmV1FbyFrRSu5Y4FlLzN451LSgqgCQtuzkAI6uRsoQ6oQAVgNpzXJZwZbuNXEWK3miZLURIsqovKOzekifC9UrXMpeK1zedRmkFlIqvZVju4733DIfH03TDlmD+f4mKPKZR2xfMfU/Hr2Ti+VR7cm6sFMaHCy9zoiuw51SyjTKbDErhc2nzA0Y6tCAerOYi5k1xMjRYsURiYbGBbxbGsMdRsWBlKmDIhDxXLrCX7g6lpOzWoLszEWtVEK13kd7ILLVrogkfbH4+m6nKK3/wA1FYrzAfb1IEJREX34YYCywC7pwI9MFUhQBj0VlAcVW7IhROu5c4N4r+DD2itautF84Lm+gCyeFmktLbzVOrCpXUI7unvnTBMFY27m6lOgNWXJg3F9B4tsuSq7VbWcblioHDFbdj8fTdTnLB1+OYy96RmEzYhPmK2F/ZMb80qVuVQUds0auvWpbOAK6rCgkGZ7R4ZCAmBkWoeNUBlAPiYGbpeaRurW+c6ioti8Ugb2iU6xTgJfzsou2Z0sv0mqshA16JiJBfcQ7bx/H03U5Sxw901MgIwcHCW8weSqeZds0ykyAKTJe9Qme1xRveOaIbtEqQLvY0pjszE1dImkshMMARgXy16j9GyVsYi4w0DT2wayuAKAM2S98O4Mj1HD/Cn1efYfpupznqYfdFs8SozMxq+3UM+YtDAFvbNS11aUYwHmiZBlVSyhtDWtWzhpcVdW3crgN9pjqyDSdUXGxZWv6NfoX4ycIqxqTA2CHqanH1i2xKY3BFDQ+H03UW5WbYG5m0FP0griM+Fou7FwAIDQ4l1sKpk9MAe4gd72CNDytqY2stLzc3VJaE9Sehfavy2i6Cpj1Say80Eq8girTMkEI8GZ+l+m6g3LVeW/CIF2PMUouXPcIxau+I045vkl7V9oBpPS5rEa/wABDJCBeJdV1T2TM9iBIlQi7kbPMXy9Ppuv8IBJOhCzXcwgo2JGGrt8EuXdSVxsBD+Y0Qu6PzAxqeQwyGGlYkpLCHyOmIOkb0UgBT8gMcC2dSSq+GBiRXYj0axWPq0Sj9CGI4j0EW4ngnggOIJxAH7ipX/1D//EADgRAAEDAgMFAwoFBQAAAAAAAAIAAQMEEgURIhMgMTJCEEGBBhQVIzNSU4KhojBQUWKSQ3J0kcH/2gAIAQIBAT8A/PHMR4ppRfteQeX8B3tRmXcrP1Q6SyVgp2ECyTPmmLJMW8VffiRUQjyx3/XJSFqYU6Mc07lapBIzzYtKZsk7p+tDVj52cD/DE/rluVtXHTAzPzm1of6zWFSEdbh0xnqlhMD+V3dSe0T7rp1XSkGIT/4n/VQ1nnLED8w2/c2fbjzZTUE/uziHykqVtgdG3wKwov5KX2gI0/ayfmRrEpG9IV7+7SCP8nWF0ckPrjLnjj+1u2qpYquIopguFYjh0sAVkwagKSKUPeEh4onvaA26mTp+y0kCPmR8qp8Lf0jVVc2oZYxEA/t3SFE3rAT8yyWKU1XU0ptR1Gwl6NLF4FmzrybpvKqGeYMaON4tno4XXeCESeIZLbbuguZSoGuHPfy9YK6lUleQBeqadmOWFy/qaFJiDUtRsqnMRK2w7Xt4d79yuYxbN1PHpzUD+r3+pAocOjkq5ZJD9pb9rJsOhgDbApBjliK4NP70VJEZxGQ6o+RGICJqDl3+pByqZzaM3jG41h+I485HR18EdnxgL6KWUKOoi9J1FsEvsePN4cOKeekOOykmvtPX+23uR6hUG+76lyhmoKyOpgE25usPdLvbwTSxGwmBsQqrpxqwBjC+zoPK36oKGHDy2UQW36/mLj2Rde+/Mn5U8UYuZiGolHh9GEu3CO0vG279cuGauJhVxEVxdgNkRb9urNFqTxi62YqxbAU0eSZrfzz/xABEEQABAwIDAwYEFQUBAAAAAAACAQMEABIFESIGEyEgIzJCUmIxcoKSEBQVJDM0QUNQUVNhY3FzkaKxwcLRFiVEgaHw/9oACAEDAQE/APhyPBlSi5sKk4HPjiB2XD3KVp0OCgtIy6fRBaawea40TihaI9unWXGSyMOW22484AAGoqwjAAdLiG9P8I01AZEeNT847Jr1R10OKqS27vqEXmpn+lQ5KzGt8IW0+VjNq9IqcaBy69Kk4Zc3vGaIbeTgzAt3vH0t3orZdfW72dAuaL3XKdaF8DbKjwUmX7h6O7L8SKlYaiwYYtuDzm8KnSIyzUqszbOgbFW4S9sBrEoxMvmidXkQo3pp8W6FeEfL5Mg82tnlsY8umS1H9pQeyUQ8M6NOcOlSmx5s6iLezHHsXVijKHKeX6DOpDG7LMej6MRlliJHcA7j3g3+V7leCxOy+o+dWB+118eo68T+umV1FSDoox5w6cW0qbH1vfWGpcShU4F3zy9lipsoCIga7A+iy8QeA6GULwnnpLTWz5ZtP92o/BDqOvTKntocIYEQOVq1dHMvypcRhPuc29+2pKZWFUPXFNKw493IVV+OscxQSkPNxj0HoM+SB1sm+4XptFPTu6BLW1oydmt5NvWt73ySEerW0MWPHNmSjWktJ1s9Dw3FSkOoNzYt2J4xUUeTh0Nr06fsrlgB1hrCSzbMaxaQ/HeeZAtJcoa2UHJmavi09zcRT+amX3SBzs53fzWHg69Iim4O9Dd6wPo+BeOVTYLgyFfhn37ALUP1JT8I8Qw5lJns+76fZKsMZOOvE7q2kCybyhrZX2lN+0Gsaf3EVtgRuJ1KknLgiQgGoV/8tYbj5hiyRjYv6mjtZcc0Xw5VMWM1hMqdFj2GXXMdXxfdWEYq1iQiy6fPtN+TUZ1pd6KHq/dW0/F9k/o+UlbJhnCkfaD+VYql0oD7OmsUi74AeEuith1gmAx1xBZw7zmmyOzvEmSLT8nFJ4SIkM3HN25rC7SP+lrZ+FOB+RJlNG1aFgdX586iLa9W0/8Aj8pK2Rb/ALYZr8v+iU8AvuOIvWrAiJ/E1ZcjqSNAZa+jcPuqlQMViNzp0a64n+v3hTo05dhkyS6nvt1lnSEi4Vg81ybg4vOFcd5B5q8KRbCEq2jW5uMva5SVs4u7wEV7RlUdRKRlUBhhu8xDUdSMOhRpLj6MhcbZU2yy5KscBshz6wpSxmWo5tNAgjRaUyWsYcvjR+7dy4e0c2FDGIAN2D9d1er+JC5eDtnkp+udMbY40x762Xjj/GVHttPdbMHY7BffXqw8jl6AFf1NL6wN/wDaPGHT6jdSJjkkQQ/hz//Z','1'),(36,2,1,'girls set shirts',200,'data:image/jpeg;base64,/9j/4AAQSkZJRgABAQAAAQABAAD/2wCEAAcHBwcHBwgJCQgLDAsMCxAPDg4PEBkSExITEhklFxsXFxsXJSEoIR4hKCE7LykpLztFOjc6RVNKSlNpY2mJibgBBwcHBwcHCAkJCAsMCwwLEA8ODg8QGRITEhMSGSUXGxcXGxclISghHiEoITsvKSkvO0U6NzpFU0pKU2ljaYmJuP/CABEIAVAA4AMBIgACEQEDEQH/xAA0AAEAAgMBAQEAAAAAAAAAAAAAAwQBAgUGBwgBAQADAQEBAAAAAAAAAAAAAAACAwQBBQb/2gAMAwEAAhADEAAAAP0MAAAAAAAAAAAAAAAAAcmXetB5vm6rPU9Hw1/svWvOy0V93HB8xOXtrnks2d9g4PVz12RVEAAAABS0pWyglrwa7Onvw5He3zoNjaWhicszxz970tefBXX6KDgVuu92vE+or500M2OoOAAHOk59suFLmr6WmxPz/Swhxde4jzi2eqhziydawcHT0UJ52Xuwy7zk9jnIYNYLJ3/Q8+HLV10E+asOGMjyEPqfNbbulRq9qfPN+n4HTnNBtiXay9uc6eaXjSHuSVQ8/jtxd7w6Pp683F78s8DlSWzHY12xUhDgGK9keR430DzW23PY8tfsl3dOTDznSp04bO9PahY7KXOJY80xndzm4tbT7mfS5VzPWbYaQhwAABXsQHJucLXbXPWgsaMvOXaVtHVteeuVXdytwOnCuGGbl6c/auc7kRs+gW/Iek8/0bozXAAADBng0tdePh3tevty8Po8npy7Vj79GF0+0lzPdw4O95LTjo+vg70Y0uR3PPVW9PiX+Nqy+96HGu+X6twUXgAPMdjj6M/Elu8j0vOs36EkJQ1ejz9Ffdgo7VaZ73MkhP09TmTUTjuYhnk2odHld5Y4/boXQ7Fytvnu273mu3m0Whm2gQed9TWlzyll5/0vMnmpd+2HaoXo8eqHWK53mJYrVV/Lz0+JbTLc8/Ldku0bHB693So8iGnt2uT6SM8X8bYdQRkABX8n7SKcfBeioS7clubgen5HSarczaaubkHYw17m0ucin6fMnnY/S8+VfHmqevtz4stvO9QOdAAAA41Tsa2VbZmgrtitV5zZpkzpuI5NcDGcGlmHbvLKKTncgAAGBXzEbwTQl2vPXNt2SPYMMhluaY2wa4j3JWMFjNecyABBPUGM5MRyak2uJTXbXU05fJrc9e10/F6c2/UJOL2peAjkiVV7FO6YYGZddyQADGRUzZqklSzCT502NuT1eO0eE7NCzV9PYk8z2u07+++YfS9HkS154K/NxtrMa74kEgAAAMZFLFysb4zgcrqbJeMv97jR9by8c1/Tpq/Q+N2YeJrBNFXTrNBdMSAAAAABirZrmDBttjY02Ha82+ru7OqOmudTFqrZJQAAAAAa1rNUxnXY2zqM51wS6Z2NNtNTbVk1sQTE4AAAAANadymM42MmTVsNd8YNtQ012ya2K85YAAAAABrUt1jGkggzMIcyiJLg01lyV8WRDZjnJQAAAAAAAAAAAAAAAAf/xAA6EAACAQIEAwYEBQIFBQAAAAABAgADEQQSITETQVEQIjAyYXEUIEKBI1KRobEFYjNAwdHxUFNg4fD/2gAIAQEAAT8B/wDAXqU6fmYCfGUOpP2gYMLjb5DYbz4ml3dd4GVtjf8AyVTF000XvH0j4iq/O3tCIIhqJqjadIMY43QT43+z94caeSfvMTVxOLqJRU211tLDN6CXtFr1ANdYlQOOY8atW4S3teFatcd9regiYdF9YKFOcGnOEnSPTNM3XaB0O4h4R5iVOiCUaHeJ+ptzOAonBS87u0NRNfSLjOoiOri48OtXFLTnCRVpNaCubGZ6n5oWfrA5hdib3hqP+aHWawTOwAsY1ZjDWfrC7HW8rkgXEpLxNYPwaN4jhxceDXr8IaatCSbk7yg+UekpsKhY+sPblO84bWvLGZSOw35TI0FM2iUidJVw5yTC0clNb9ZVqGoWGwvKB1HgVay0rDmYVFUX3jKV3g0pt7T+kLxKTk/9wifDz4cWnAUbwcMAwVEtvOLTMBpteBEvDwwdTOJTE46flhxAH0z4hGpEwVs9JfvCCZQWyRqrA6RKgqDT5sSp4hbrKblDDkrrpHolUNuk/pT8KlWXnxjOOYarnnLnrDB2I017eUIusVvwnXmJTB4VL2lOmTvtGcWsI+0wyaX+apTDjWPTNM+kVjTNxC4ZftMMhz1rfnhBhUzK3SfDsRDhzbQzgPFw55zhrltOGtoadOBKU4dP95VWkpv1ERKbhfRYzBBYS8SnfUwfOyAiVaJTUbSqSouJgsQppsbfVOOhgqUzDVpgRsQLaQ4htIartOK4EzvbecRrby5m0qkiV71EEwr9xT9o7EylT0uYB4LLeYnCEqclphaRpIyk3715t2GEgby4bblEPYFPSGk0yWvc6iL3xoQfaVaTkeWUqblRpOGaO+xaU6dzcweG+0pU1bOT1mSmouY2Ip5yiU2JHOFi4JuBf7QUAHubRGVKjoRzgIAzBbkRcSOdEifEj8pHvK2Iq5fw8syVKdL8Q3dtSf8ASBv19Z8U6d1l/SJiU5fpKb8QGAeJU2MFVkdpma63Ohv+s4gLeUdPWIbE92KB3lNssq01HeB1iN1B+0FRmHmN/UCOtR+Z99JTCUwTldmsNfbSVa4dWuxDLpYRKltcsDcZW/Msqp3Q2/8AMoUqlNQyPaJVvo+h8TEYtFuo16mDiq3muTteE4gi2QGVEqrvkA/WUM9Rb3NrSq78lv7wBu7rvvOBTO4+5M+GCagmdxatje8ruyPdWt3Rf19YlNnfSUMIianUw01SoxH5P3hRVTvDWUal6Tcrc49axXTfXX/WUT3BrceFi8WQUC+Xn6zIGB5LbSUCHZr7Dyym4bTmJizcaf8AMwVTMLbMBHRGbykH0mTXu3Ihd/QRMn/Mr0RUT+IwqbHlEqpTpoFGpEprYa6mVCACxj5nGu9obcJU/Ne8q/iE+h09pSP4NL2itbTwMTUes/CTy/UZX1OnlHdlKoxo5ek8uVh1mH3rH+4Sqouo/tMoLkqkk2hxFH6mv6WhxQvpRJ95x2J/wDExPUZfcRXut9CPSPSV99o1LLZl012MSuCLSoRUIHIH94CG35zh5u6Pp1jhaVRbAWPrFq/hU+ohqKZSxGViG8vXp81diEmUuuh7vpKlJguVfQ3jg0HDDaFxYvv3dPaYeor06jdTaGnVY5su8WhVDZnUx1Yi4vEDc837zMwPmH6ziOTsD953iLikVPUGB3Oh0J5wDKtid5YHZbC4hQZM/PaI+g9z/MChwwzatvKn9NUte59pSoCwvGpJcjQG0ZO9YdJSUogB+V1uI9M0zcbRaoLZdBGIYWKsftHHBRyuq21HMT+m2FFLWN7m8zN9S3HpDdW7twPWXFQaqDAg/IIKY6CWEqLXJGXL94Kq5QHsGiBn1bT/AGjUxbTkP2lZwMq8kXMfflKFEMFzHltKaqNlAjVABqdtzsImJB8uZvYafvFa7XsdYia35/O6XlWmUuVhc31a5t/8BMtR6btnImBocPD0gxN8usY2P2hGutpTXKv3vDf7xH6ix7azZG1b2sNZmrsFznKBzhxIBGSqzfxBS4gJbmdYwNBrrtmsRKeIOUd4j3ExPmAPfJJ0mGpNV79Ty8llMG2ot4LLeYvCkglYCBhqubTKP41iVRw00PlEp1M9Qexh7hsduX+0AUy2ms02M1WFz0hzMb2t9rw0b68K56s0Km6gIgN+U4TU/KwjoHDnqJR/DqZRoOkGHz4mox01/X/1FUAWHhlQZjMMpQjkZRpo9IbjTa8V2p1x3dQbZR0hXiKQRvBTA03mUAQgTIRttCCR5Yi2EbQQDQXhQGNQOVgp3mV8/e0sbRBdVvvbxcV5ZhVfIL7WmUXvz7OfylhACTc/IVVxYi8B8V1D7wQQwfJpNBL/ADDwy3YPN2GLD4Q1PYD4JPb9S+8PYNvCYxfL27fOTD2/WI20A07SwFo+LFNWOUmxtExtRjc29R/E+Pw92BbYgfc8veDtM3g2+QfMwgPaPP8AaHsMJAFzHxAeoWB8oNhKNLEZatU5SpW4XmSIDUytk0JqftKX9PxGFL1K9XMXe/oOkoVk7q5vTXtM2g2+QD52EBhn1/JjGK0GiHKD92mFxnGwZyjyjLe/8QsuGVdNpUxDYuil6bUtjYkHWfhU7OTcwajsO83g6doHgsIrXn1facu3G5eAb8iDKSJiVrDLpb9ZhFKYVCaYXXyjTW8xvDasiZwahbMPS0DlnSlT9NfSVaFIV6VPzMd/XpFNxtbsMG80v2AeGVINxFuSby3YJiaeek6joIaD0KQRd7bw1Pw7uVU9fpmLTDtc1KwBBzLa5sRErDQIPMP8QnLe3K0wtIvifiM97jKL8vkG8I1gHi8+0djgW25fvMRhuIjKDa+kfC4vN9ORd2Mw+BCUDxu9Y6RMMAlIAgBSf0PaYIP8iOzcywjIupI+mBRly8pYdh7V8UwQweGIvin5x23+VfFPjr4p8dPFPjr4p7LQgyzQXmssZrNZYyzSzQA9YBF8UzKZlMsZYyzSzSxljLGayzSzSxmUwD/r/wD/xAApEAEAAgIBAwMFAQADAQAAAAABABEhMUFRYXEQMIEgkaGxwdFAUOFg/9oACAEBAAE/EP8A4ES5zgq9gpQqwosT6ECoALVaAg4rBrh1CbMf8JxBPDbB5YHTW8f27irdb5dsFVjTiBtZOX18TBN7ikBy4QNA97RJISrAAysCFCaRb8RtsUTSOYaRW6p3L8CGET3ie5WAGi+rxGtwXGI+esJBtEsKLKEalK0adkr1d9brzFQYCFBUagRRL1XEI2Ut7o7F8RQI8Z/2BWq6yEBCgGoIsg7EowKXjrUsTfD1PbrjS/wdWHjbWVWixQelQRy8NwCl0lkbVNWxTYMSirGILKyhqm4EGADQ3HBUEgbThBizGEIaa6ykLshfli1CzL8wn7IVYswHB3ZdhVlXliZGhlhCpG0FLEXiAikVKChBTTFRNyJHCROYEswFWOBRIuyMQUUMbRQgdRSxLtN8OyMIKF1kwwb+t5npnQ6sShy5esGUIagU8qqGvVPsQjZberZ+IoKaa/MBWuIghELuUSGpSLTPCQSiIGXiBuBaTLAI0EXJS10MMQUE14hy2KfxFBEAjgOVHGLlrEMQK0x24A1XEui1s+laIBg1SPUccjqFIqbt6k3CIGg2Ue4SkRB6Macwu4u2qKmKLvESquCMinFkqlI4JUWAbSNfxb9oMERzPuytRQBVhkWyXuD2UigdgaOp9KWR4Cxi6xXp6eYVTnJM3QWyclzDGF1R2IdRGzcDViXFtKZBQgA2PIx/FA5QdjrLwqE/cyhDJSwfBVRAg5Iu7W7QigGjyTLNlAHljwtELCy+DZwQAV9SXGQg3HUV5nJ/5DKaprrURiG692iCmxiRq6rJLR+DcJgjGgBzzcUw0doEFjFBTUbhgWINVrKUowgRTOYGrtCyVcwFERbq2OgPBAPYS4ASomoLw6I3dXSlb6HSIqDMmPAg7LUANhwvtcRalLUegLOIcGrFqLrAAU7dYRU8NobhlEsHWgNMBgLUqZDVXK4scEAe2c44jdAi0wAWq4gaGqgoO4XaQHWiWDTtuDma8q2+LiDMBEatNTq/EbuvjmHAsMmpWWh6ho+0K1NaopbXUFsxUK5eroEoREBgBY6rVVCg0ram/kYsbtrlYSEw0NEANe6gO8JgSKLfTB0DOu5Exbgoo4XwyzXRbbpuGLNuDdD2dVKcVMIZsOTv2gjdvYpE+OJSLRyhrs7j+O2lB4Ag6SBVhRpRxEjgIJn/AHmWgtVobFszpiHSjUdN8jGTqVqhAXwjGvYZFsZXAK+uHx7mZKMcJ4esRVFDBlOKh1mdWteZQ3pWoK8guIKQBYVtTqB1mtarat+0tMYFUBiuA6zAXGsoVemMSxbJktIl6GxxY9HrET0IAwLSkrxW9tKsdFKsLoOgQV6Gz3tiAQVoA6us/EFCvVGirvzDYIHkrU4s5z04jlqQE5oePEMnsKAqgBaugjR00UbPJ2JfQEsqKfPMKkuEHPD8S3uXUAflhsNQG1bUNWyuuBeE7nSOL3DhT3pwxDVBRaKp+WiWTJXmm37wIFu3lf2OTkyk0/5D4RS0jdXw813iRkKnRum2Oy7Mro+Dgi9gbz+PsRWMFgdBwfLEWuQFoxVxDhECw3Q18xXAlgPiXbacj/PYIoByXLwQD1sf0u4LLtT1cQFBoMDSoZ+AlDDLqXdVbBApAlei2MYARdq0BjF9WtQgW10EHwcw4TNWErwVUHlQuxI6BRHSInetQyCza7CJKB2EM/eCrSLKUX/GLEopSNdcxmCYg8jr4iC4DUa1Tj8EoLgAoFBHLnLL1rUgrDvdXCoKx2dgcnW4JQhixdj4/cTKlkGfDuQRpGx5PpdApe6w1MSBTWA+VzEqFLsJZ4gyNth/P5GUqJGUAN0edxxCDEcN8sYh3orQHADESarlcB4DEAU0eEf1F9UNgJT4TYrGvkleh8gWZWpHQhPh3ERl2EVfkFLgWi2rlXwG4BExwXlzzA2lJD8uYgiFLUUXkkuCAyKMdrz4gQ4c2TL3YQOBoAIoQW6B/YCmQAHN/aNVafg6fSDCRiV8j/O8X2UBtv8A8jQC8gr93Hs1tUfKHJ1hQSVtwLgwgpi/6GKwaGQUX2gZZcCD+ZllNt0rDq1+C/3A2gCPN4DYrzeGJBM5EwpyS/As56dl7ZkEjQd9qYgH7YKESBKINynV8wUKQoo/saIVgmD5dwaqd1YH3RdhwYTJKbcq/wAqwKPpYBRIuKx2a/MO7gCpgF0EaEQIBlXwzLuBJQLd6JVIoNnwYuWWfwKX5lwU2tUaeczlKeF4uAtI3Dz4eZVtxLYz1WlmyLBt90F+8RECrHK6mZeFKEDS8A+CP8xsHHZ7X1gFBOhH8m4ASXXSHTOqjQoBxFHljU5HHMAD60uGHEwMN32WPaAza1itmBbchR2gnQAMO2LuMElTb/Nu/TqRlRylJApBEamI4FML36MasCnHMFVX8IfuKt1VZYHQdQU3NwrfjNRRRXvFwZ2QYo1bRVX5eZxPVR6jZEgyqKmzUNLRaF2nhV/AlAMECj2jUSPs5k4XvFGiwQqv/IkWVIM21R0qE4APCdHskfEr6vXtWoAIZIocGdnDC2K+hzXzFgr5LjMIAtgFVH/AlJAUAtMwtpReRiLhYacVm2IKitgpBRHvliqJgvzAD3Dn4jKyUQGgLFXWa8xeI4DBi1BuWdYBDKuKIIEA0b+8Ul0RcMrCEIA9xxFrAho4WO1giqC30v0R8EHUBFMCVEzLpI3cVQbLPZWiXYJd0RUSOD0CCHpUMei9CGYlShbjueDBLtYgwRLPrWiM4iQ4YmYhYjmGoc4lV9BElRzKiiGrQyegqgiX9QLV+ozAsOlsdQgINKMqNBQXAcsqGGoZXsHWXAqDQYFaF/uB1+9diKgrcIURw5PV0RSDRO0XBBuBbBSfTxFGyA4fkiUyqmnyllhgILLjtAAtegRLqAoqsbiigRWh0yuATUMVLExaiiqmNbhGgFDRgSUctaArVrr65kFTZOTtHMBZolGX6ksijZDYEuDR8MoW5dsuOYhaCvBzL+mMluXG3+HEwnMCpFoChGSqoKuldxBQFUGGsWYgY5qSqDqI9e8QCcl+iygCcRInbAtSWAASjL7CWRRsgCnjZEzxBikaJiGwyvzlS5bQVYsLr5jsh0aWstcEsugZuljeEHxA4y0Ua5WxZFkONbdOgSttIKRIszY2AVXdXEpZTl9pLJ0gS9fAJhGcph9aBRrIyhrEAKBO18QBDeGipvfDK4TNYyRoIMtrxElVRlQxI3aEVhtIXn8Ri5ZiIqU4IIe4hDCe8ESOoohHWQphZdLEpWRootLzRUcSjTcq+MFKxjQ7eSFLnrXEfUKUGdB6LBMESOy/ddMP7LqLBRLYhQmgRrvFG65v5jUBFCOqu5ixVErs7gFoBdeim5VNk093Ri35iqZZYPosFljFqDZGMYszC/d0Z/sW2vS4MWKJEgiWJGVCO793Rl4YHqMfQeIkSWkX0omK+7oxfQIEPoGLcSJ6DYzZ93RjA9Bly5cuCSybIOxjTO8dvu6MqyFrzAuGNG5h3KfJDqkrqgQwdwhFLtJlsJtWGn3RZHqpO6zvzvvqHdnfndldfqHfndYxv/g1KJRK9KJRKJX/AE3/xAAxEQACAgECBQIEAwkAAAAAAAABAgADERIhBBMiMkIgMRAwQFIUQVEjUFNicpKiwdH/2gAIAQIBAT8A+hVHc4VYnCE9zR+FUDpaHh7fticNYx36Vh4UEbNHpZNz60r7WZemBLCMDpWcqz+JFrsB7py/0aFWxtBXaR3ReHz7tL6UHb3Qgg4PorTdWZemYVhiO6VsyHxnPWG5/wAlhuce6zn/AKLObYfGF7gc6YqnVqf3li82xsQgg4PxptVhoeEPUdu2OK3bUfKAIPac2v21Q2V47pzkguH2wXD20x7i+yr1Qaahkyxy75Poovx0v2w1VsciclItNY8YUT20w6BtNS+81oNJ1RmrBZ47lzk+pa3YL1QLoHbM6jhmjUiGlV3HVK6yUyVnKqbYrpaX06TlW1L6q6NIVrO1oz4OOX2ywOKtUW1CuNOmNY48pQUs3nEX2HbtWJkjdpQgJJ0y1OtiPRQFB1GKUdNP9sKkiBl0aS05VQ3MatT4/wCUFZU5VpkN3Qb7CV2ImztG5RbacQqdLD4qxU5EpxduOmWsErYFt4CBvpjbHAjFgd5WdfTiNTYT0tEUHUit1RKCXw0tNdWoDujMWOT6K7GrfUs5i3BmaWqK2X7WjOPygcGB1UZn4kgxeIBOW7pfYa+pfKEk+/qWzSjKPKE59WTjH1BOFY6YzHO3Sqwb/Mo1/tGfyfSqzDcxVH9Tf8jqQFJ8vljaICr/AMv+4gRBvLH1HPzc/v8A/8QAMxEAAgEDAgQEBAMJAAAAAAAAAQIAAxESEyEEICIxMkFCUhAwUXJAYtEFFCNDUJKhscL/2gAIAQMBAT8A/AgE9oKX1jUhbaabxaRPfphpDyjIRzgeZgVzMH90CuPVMPpLEDaYP7oKX1jqB2hFuQC25mxWFgpxmoJqHyWaje2an0WZv7YWqQKb3aN1HaEW+KMpGJhunbwxgGN4MZmkLpNQTUE1BGctsILIIxub8iVPIzBT2mmJ/DBsZisuszTtlLrLgdUZixuearXFPbLqhPEP/M/ti5q2REbimbw1Ia9U5BmxlRkDL1bReIqU9w2SynWz7rieatXY5LT8SxLkXLeKUSpqY5TTYG5bKLTQ74yuDSNsZw1Gn3PU3+FlTBeyysz42DdpScBFHJXuRjCHR2JgFjFQhrhYNVtv+f1g6TvU3+39IXDjFlhyolsfVNwFLeqOjuL06eUGui7rOFepdkbqx+LKGFjKqvR2PUrSlTqNUUjwxrnbLqiNkLnxRcGG0rZp1QPTUMGV/ujsVCuy5LNcYdETUqbnwxECCw5HQOMW7Qq1Eqo6spSJcN7olM9ysNMiYVG21Omfu+1sv9R6GKMFXb2zhEzZkb09UAA2HM9IO6sfTLW5rLe/4cC+wlPgqdNC9b8vi+p8pxHA8IXVT0e3Hzlai9F8T8vhADxNG/vWcYaLHBl3VlaVaKPp1X3ZeqftBy+mT+b5aMUdWHpicSlcLq9Le6VqvDFVvWdvtldw73HzLtMja39f/9k=','6'),(37,2,1,'girls shirt',30,'data:image/jpeg;base64,/9j/4AAQSkZJRgABAQAAAQABAAD/2wCEAAYGBgYHBgcICAcKCwoLCg8ODAwODxYQERAREBYiFRkVFRkVIh4kHhweJB42KiYmKjY+NDI0PkxERExfWl98fKcBBgYGBgcGBwgIBwoLCgsKDw4MDA4PFhAREBEQFiIVGRUVGRUiHiQeHB4kHjYqJiYqNj40MjQ+TERETF9aX3x8p//CABEIAVAA4AMBIgACEQEDEQH/xAA0AAEAAgMBAQEAAAAAAAAAAAAABQYDBAcCAQgBAQADAQEBAAAAAAAAAAAAAAACAwQBBQb/2gAMAwEAAhADEAAAAP04AAAAAAAAACM0KJRueB3RxHW5m7u4XqOd/k/yN2ztnXB36UAAAAAAAADi/L/1Loc+a/NeL9MuZfzPg/T5z8s9svMn3XIDv0oAAAAAAAAAAAAAAAAAAAAAAAAAAAAAAABhzAAAB8+gAAAAAB85xKfSNKjzE5RcTaJSU6lKYdGU7VvclqCr9HY/z7JV4evcIuFKt9O6dDx4IxmpfnEnyN0ae5TSHOAAPGLnMrLJy236mjVU7/zTqltu9JREdnyRueTl52Uim9Q59dOoyHh2OW7++j569bXy7NcKrYq/JTlH2+kTHe3NGSefOHOfNLzDu6PJ+hR+30M+zA5kY2Tw7Vl2W+VO05seGRi5KqrD8z65FY5vXnPd09uMrr2ssNqW21S58S6vo1WmB369Vnv8hW5Kuuaae5VVXoC2ViUobNI1rZup+jo1nR6H6R8wM3l8yn2ypb1mi6yNTs2XBOae7qU14N2P2T7Trjyq63NPUST2b9iz12YozSNFvdNnLoM5Q5Gmmdl4iepq8wc9ihVRoK7VDXt4DDzMZt9ftsbfaLTjkPtenJStVk0trD5lgxes1VMRneZS98ku9Kv1EpaLr+W3uBg+c6TUNyTVV2Z0euRltfTF54GvR+gaXe/k6Y6h52+nY9b7IU46phtmjO2a1ImRpomZKDmow1Me1qxUblvaeXb/AEbdvfJuNdfp0nEysmNzcuMYSE4YvPDnAHz6ISv2imTnKb8VknOOp97gNGmp9Dr8enf7BVpzLilK5I8ytt2PEfc7bZPc3dPNlpdf6hD3aLBPxknmyhGAAAEVzzoNItt2JiEl5Sz7ODchDV4x3Wj3aKX0Pilvu0ym9TLXbbhtcLY82Gb8ecmbP8ipquSlbd6Mk4VBHgAAENT7dz+23c3oTatusu/zmxwhYK9taXe8wsMVo7N3RqvMdCoz1jYQUKblngYGK/UizwclmstWtNFIQgAABB8a7PxvRrrstDbu30ZeOvunVnplisML3sXHzOrZPVuVbuVNMjrYqHTTbK7F9I06PuWM2q6JK6cn6xnpCmgAACJ5t1Sl23UCWlZG+/Ph97dVO29xRqYZSMtsqVZvs1ZfXeOdq5pZdIXbgPROy7LXdKaqokb/ABUrkxBVSAAB4iph3sL6lxC5ZUQsZbne1CRnhCYrAIH5Pu9p2e1CufLINHeIRBwAAAAAAAAAAAAAAAAAAAAAAAAAAAAAAAAAAAAAAAAAAAAAAAAAAAAAAAAD/8QALxAAAgIBBAECBAUEAwAAAAAAAQIDBAUABhESExQhFiIwMQcVICNAEDI0cCQzQf/aAAgBAQABCAD+JfzOKxzRrc+Lts6+Ltsa+Lts6+Lts6+Lts6+Lds6oZTHZFZGp/xPxGCnJY1Xka07rErWrbDyNAs8ZEZJlY+RLWXh4eB+dfhP/iZb+L+KM8sF/Fsi5O+LKT6OXyRcNp8hceXyt+ZXhGEFixPZmeabjX4T/wCJlv4t/DYrItG134R2xr4R2xr4R2xr4R2xr4R2xr4R2xqhisbjlkWl/pYWIGlaMfrBBAI/gWchTrKWlv7xuPN6fGSruOeCWSWGk0MShcfm7sUfFmLcuIYkOmXxTj5RfoEkB8pj055t7jqQwvJHvDd+fvNJC2KlzcO2MWsEeWt1oB6mnnMfb4CfTZlUEtlfxEpwzPBQobhlyPtI6QuhXVahDGCR4l6LzfEokVkE80Cky37ULligs+G1YhCWXhnLLhdyTTZNqxvZep0YNca7kLcFfHx1UihhQ56RY4EYNViKAJjrVqACPUN2F5TE30GcAe9u+mQSSGDdeJjqILEGCtt4kJpTrIo6wynngz2IkhYnJ25rMrJWhis1KsImyVZZqizx5LH1JveOKmjBwYsbDEHnW/Y5hQLsDBv8+VnduxfjNxF8cxGJjlIQhIozIincFlKk8cgoXfLGgf8ASTxqWdVGtz7lCo9Wvs6dGqOrbnrzWMfaqpt1G5ZTSrRhASi95WVc1jJzB31j8dBHGQXgBj97GImIk9NaoTQTstmSBK11mAmksypGuA2VYmCy5J/FVg6R4/s6PzcCtUcGhZhDlBSlFnI+2fxMtvJ1kEl2KrKsEGPsO6cN/UkAamsAewzN50gIEqyT2vI21eiNZXV2dXtzIcZWEOVkXV7NullVhwV+w19jK7x2YFJCqnuIh3j4IXxk8TLE5/csYrCuwkaAokwirCRkh41dciJRrHf9WpQpgfme2YLj9dtWY55pStqRUnmmMMYecsY3WvEAIpR0Bb+lifgECWcDkmeys9njWVqqkPdMdcFWcMRYWe45WlA1m5Kw/LkinSTVYiPIxsDYiKMEbnhSax5A1OnJI1OSBE4ljR0BEaSxuhJUEayTqiBjVyleFCDbzkXiZRlbs7XwBsyGVUZ2ziOY/kx0zidu8UzzdWWtGsju5ikMZ8T6usyknVuQshArU5IwzOGWxDKjZ2waquo29k3ewgbB16zREx5+vKkDGEZeyzoj0MjGYOmp7cQGqE6t7B0BHJYAqRqJuvKFiOuuvCk6zs7ktyUmMLBKkVSat5DfxNaaysxx1yvCnVczYjjoKWw0jWXljs45okQR6E0cYUNk7LQR8rW8/gj812DsCRJX4nDG0FMRVVd4W9942UaUFcHeaO6vG3siY6yB7eVhmCobdaMTK4qOwYGGPmR+NUkVVThfddNyCRqQ8Op0jc8DU5/aca3HNKFdDjJ5jEQYsg9UOopZKKzG5mpUlst3XL46IVhIIrUcMyI2OdElcmPJPPJ4zjqzTulqbTqCODcq+xIeD3IGZBhgMhzTO7yyHBMWyUQ1h68lhkRMi7R2nAnvVrGMiCY6QCUqK3btyazqCFER9uNTLwOdOvJHMX31O3CNrc6WJ3kbWJpsaTsq4+aRZyYm/LmWSfBZKs9lQmbuQycRpDWMkyRm95aju8W16k+XnadwAAAP6SIGBGrddkfuueZJIHBzAIilU7WryPknI29ClWo/bOxObryCCu7y8CuO1qKOOCtHHyNIVV+BA/KjUi8rqRfbSc8e2Xy3hTgXclTtloxjLaQPHIqIkpadM28bdwNtTzJl3qR20fygxusMI7CrjLuQsmCGjRr0asVaD9E8IdTrO4t5InMeQiWYWBrYeMAFmd6UcIKg3cf6lpCfyRUiU6pYycXEYFAqDlj8/BqMSo0eSBqUcc64IQnW5KzyVpJJJJjE/wAu2EjkfxyQpPVydqvBOkAV2koEI8tpRakju2IneOSR0jTBYePGVuD+k6swB1Os1tSjbnaU0MRDj6pjigVgoOjHISAJVUcBp8pWjRgIs0ttVCdmf5jUk6kAxnn31KgB1IQASc4jPSlIlwrI/wC9iKCoqOiVBDJNKcsWyMprQqHLoDHtu3lasU9fbu3pKA89v9ZHI1diHBOnPXqAzePqSJF6KRcnBeQCzFIxeTUJvpYDVqV9zAos15exLCs/IALgHWbsLWqPJr85mumJdXBI8iRnCV2VJFawinzKWxKQxStHLXkhsLxtxCuPUH6N3+06s2PHZTXncsoYIXfgWoFaJwDRJDqUks4pZDqPcHrLKxvTsRyICK86D7y2WDlRn5WmnMZiVITGy1oFEaPqqgESkWQzCQCWBTGgBrgSdtYhPHUVfpXzwp1kDxeUiBZAF7V2Qe2jGHYEpDGSDq3WJiYxZ8vBaR2xmWuyGOMu3apwozVkW0DGvFbaWcisDdaPVaOSOHg0pOa6nXHMrEunsQZwVYAY/t4B2+jkD8p1dSMyKzVnBXgQAKTwnsQNRkHTMv2O6cPHZqyAVLdujKVFTLSuWQ2VmqyEtgrqEhDdrtXsiQY4pJWdkqNxAoP3IAccLrIWlQ++Kk8lVT9E6yB9jq2oYpxE6+RADaEYYGvKs0asEHB41KwPscvJMBxqzTJvqWhihROupMRA9GNo0wd1JnljoSHIY4xS4SRBBZQ1JkeDyBHRyxDPK6MUywmEnLbYctSYH6B1kT7HWQvRwyOjQWqzzgJkSwfokGasY2dYrcGfrSqjJNkq4cc5SP1EXlW2ZhMy6nuWq6dZtmZ2u7mCYGvKHKFJxOWhnW/J60RhxXx5gGCysVus0jV7AJZly8YJYnazf8WQfR/81kfsdbj+a3NzStzQ8sLeYtyoglTKyTUxFZarLGnkUrcDgiHOWY0jjeOeKe3PLHlbososZxOArPKs8i5CjjAoAuZB8dNOkUjCJfLXsY25dcmShNj7LmHCsvRS+ereSm8kezXDVH5+gdZAex1uFStqySLURjUCpCBYjeeF8E9WImVcczkJPjqSqCMrSrgJxA1CDkiaCF3dj2lhHmjxGWxKVGmsY+62cDzjJ55MlDkYKmKvRQX7UpnSvZSJo5aduifJELsWQx8vGw7UqZK3Sf6N5SQdbhx0tlQI4sRECo0uM/dQtFDGFXpPVSRxqWvGIkBngjZeNWMbGCA89WrCnCZbJCFGVMFh5czk/UT7rv5D03p0t2JqsyTx4LPULqcDFCKo7+lnec1xzVjME8vTCY30+aSdPozpyNZO5BWsFZJZyXJjgDvGocTqHA0OhKs08h9MSiXnbqC9yFQRJaWCUKgTb9aWbmzNPXoxJHCemQV2mzu32kV5EGOsx2UC4fIZRSgMu6ogYo5MfdrWT31QiQdWH0WXkas4ihZkWSYYbHj7DF1QOAMTVB9vRKBwHxqSAqW2xTZixj2niEfyBMPXT+04isx5aTb+PlKl4sBj4QQku3sbN27vsjAOYzqPaGGR+6ttTCSceSTZ+25CpapjadMcQfS41xrjXGuNca41x/vD/8QAOhABAAIBAwIEAgYJBAIDAAAAAQIRAAMhMRJBBFFhcSKBBRATMJKhIDJAQmKRk7HBUlOy0XBygILx/9oACAEBAAk/AP2TxujoOoLE1JdNhzWfTPhP6hn0z4P+oZ9M+E/qGfTPhP6hn0z4T+oZ9MeE/Hni9LXIISYPVS8X+y6bKD4PWJpKMOk64vVc8+iyHiNWEjSYygNQJCvstj3M8Hqiyk3B01DWeuA3sbFbmeGNOR4mR9nDV0iPXrWx/W36o/u54TV646cx1NOelKZHpJfaIfvJF9xzwX2THT1YJBjb9o9W7W1P1f72l/Z/ZU30NURCUUZGyOay6kIpFQQG7K4zXSXTSgFnSx3232azU+L7SOpYB8cCh4zUo6QUiEpAUDKraOPLJdU5NylQW+bXf6v97S/s/svgtHXdMSLOPVQ81n0P4T8GfQ3hPwZ9DeE/Bn0N4T8GfQ3hPwZ9D+E/BnhNLQJoyIHTacX/AOF9WDqHMRFPuER7n7DqhXY3c8DcuHV1dw+Rnj9ZlKrjGXRHpvcAoMXTeq6HcK88PtQ2Fan83hzXdKRyaggfMsz6Q8M+2rHPGaCnIakWs8Vptcg9T+WQnqJdD8Avz3zXdHQN/s9JYQT+J5lmtOOrLwUZFSYyjapfsORjqSifHT0y9/JzV6JLXTM6W/Ts/eSAC1WgM0HXRp1pNaY/w95ZNHptP1Y/llb8Vzkbktr65EqkfbJBEtmjSbVmkamml2NS/Dw/LAgJVp0vzMhoyAGM2Xav775HRitrWo/4TIaJpMZSHeLZvva5rwl6aUWd/PjNHThLV1CBqzOuYvcOCjNyPTEvuQ7uFSeEO9d8kMlvy3ySHW7S+IfbyyRHVP3b59vuXHq0tyScSTmvTI1p6lK4tEqc3aS7xearJABlcBPazf1y9SjaQbnlhUgOork75A02RzHs+uTVFJF8bVtmyhCDtvt8TvmmKFLzkaj0sPDR99pTziLXz75G5G8QzYYCq741Jf7Y/E6hGsslVfpuT3dpyP8AiZIJimUsfiF7HOWVTWQ6ZVZtV+uSCXNd3JpaCD3c5qkd/lgV2f8AvJnxC/Zz2F/he2QlpLZIdj5PDmokdQp/9q2cjORXREhu+9ZE09IbNL9+flfkZEiRjUQKA7VkQtszcqsQIFK5dRivo9slwlJ2bxuQUyctOz5ej+koy2U5D0yKBL4StjD90Rzhin5YBFRfat8FC4gcVmjOSxvzbyDTuWbmGeWOw1T2yF32TqHPAeHknnCs8Pp6ca3NOJC/esoSOcsd89ced8mUL1HmZ2gZzHaOUkm7eF88q13yRXnf1uS7Xm4HHlkDEBijiWbu/OKA1J/xlpGfxH9s0+gm7LwZIss98ed84caszeucPbNKJF36sclQc4tJY9sESPveQTqliim7kkFuSd8kEY877ZTpjy9/bILF4JcY2cRf8P1vxI75sm+/bJWGNPYx3l/IMd5zbf8AObHVaBu4ox2Uz9edZIEMe2Bhs52yvqkRj3yYx7hzWQOpPiLvfIBKKJ5ZIjtVG2Sq4X5rt2MZEtmuL275O9uFvCjs9sN3YKu/TK+0r4g7emH1SOqtv+sunvky3ZMkSelhE4r1zaSZJtOMmB5+eQZEdl8vLKB71vebVz9RTju4YWI5Kgttybzeb7bF/lkojdMcs6E6Dz83NRNUjsrY+mQDUaJKXkll1tb8GbRi9+7kWor9kP8Ay/6+sw3P54XW723883rfOxJ/kYKHL5HnilSQyAakJEU7mTS4707ZQPK9sbMM3rfH6vLGoRNsgrXwgcpzgiDslOdR1yuk49cmNafVJNwvzzUF708OR2d+ru/PF2rqf8YMdCEx1OxKXaBgAbAdv0DjBVETDh/LCw0f5XIMh8SWuQkxZKKdssFpwAHl75F6vywrf9As5yQI1IXt55aXanD88FgRRvgHGLe6m97ZC5jLpsvnEhDUpmpsHfKQnUv55IVj+H1zxQk25LHq6Y3vK8h0wgUea919X9EweoLA7nlkHlKSk9MhxLTgPZN3KTprm8D7MikSvzwBrdyiDVKc4cd8vb9Hps4opyqQH0byqlpVTkWWj9mKLwvfAsHf2xD7SfTDt8B3yYQ1SDAq764m14spyQo36pdonplOvqU60ud/9J6H6ZhPTmtyYOz7nF5ber1W92ssMnca4wUOxxgEo8GRpvc8tssXtj9XfHvWSiVaDg+cm/XsY9IgWcmfrOj8Xq9QZJikknK9qe2RCAdMa7BmpA6Y9HTLZ9zJx1NeqiG5A9+8vuu8qDI3RviXWSenjJoXQXy+uQ6kluVs3mm6eoHuPzwo7Z2+rULiXV8pkBEel4/nmlazqUjfbAY8xzggf8jAjOUlHv64KSbQMgm592h0v98/Vd1DI0Vzezm19675b/pAzwkmKLd2L54GnGNKXu5xxeSN9jNli1jJbySx7h2k5TZuuAYbylEPlvnY/LIC9qMvb7s3QFvJfCY7XdHGbh2yOB1G4JY+jnho6UxalDYXISjCUt1PhzUCQbSU5ySyg/Jy0OD3xCJSN7OUg0P1cG0T1eX+W2PasLXCvL7u7r/OS57YZQc4Y0vGSPtDeGSlUZVLTvlyLEaod/neRnqQlK+r9498kJLY9TycHpCzvZitl24Vu5ze/wBUUldGP3dicubWb4NmGznlhkBv9W+cj8S73lMikXPjk77G+DDpdzs1ka19MU82uckXAX2MfhuovnkwTnfEUaxX3ePTG0T7uQO1W0U5IQQ2e+USSuec0JEXhNxyY9q75IR25vJsUCkd83mSKe+acgNxrb03zWg3G4Kh7xxErNEH/wBiI/8AXvnhZ6OvqjpSHaKNJqWbdqaydkdOhqg27e1ZO1lUvTttklGNOb3v888/uyyMj8jG5G8b98lag2Zoy1WVkZ3vseWbJKtu5jJMhdFZsxpSupzTmPUj8K3mogbUxRvIeI8RJ2jGELV8i3PBQ8PMjcNPUeudd2QbG3bJk1kWv7yln8+2QTUhOcISJrEeKRyMol3IrZvvk+ecXqDYOb9Mlcr3O592NLZ5cZoRJLyK5oznFkbD0meD1NjaRFU9bM+2I7UJtz675KZ3LjeR1hEbIc5DVnqpSVVueGRaBG08+fPPAwEKip8Se7kdLT14x+O3cPdyE4+AhbLURDVDggbbebk2Grpz69LTUOqGnMmEZf8A1wTS1NdmwkJKMVt+Z3jk/tNOYUxbHJstPlPTJqxN8jtEX7uNvUsit8h8WK6Yl7ZLpK7cZEitXRzgqV2wOpOXkyAi7NbmTBDdlkEXhSrPTCU9DTmMoy/UXtFO5k3T0ApjDaz+LJOnI/Ue/wD+YEdZ6ftdJ3thHp6o+d5rShCbf2U94D3ryyICO5vka6yqOHfnBCelNn6tfdtLJDAXlVrbK3dmsTbjCx748G3lkemRst2Oa2nF7dcg/LnJdc0sQ2MZSBvovb3yMNPTOCEQ38/fFYnlE3MdUiKnG1Yyt3ihSvpkjWIm8JlTr0chPQTkkbZOE5Lt0p/jOXt934aE5DYtjfyzw0B+eaIHpeaMTIgeQGMgfJrJ6/40zw1z/wBUpMnIZBc0lTjdzSQeS1zw42U2u+eFRg3BJyM0El59TnhCfuufRmlZuIyinzEzTYbVTOUv7r/8Av/EACkRAAICAQMDAgYDAAAAAAAAAAECABEDEiExECAiMkITMEFQUVIEYnL/2gAIAQIBAT8A+VcuXL+XUqVK+2qrNxChDbzUi8LPUN42FALLQjHwGiqq+2WrNWmNiH0hFdiqzNQieGWpmoQKGbeHIo2EQoy0YVQbhZky3sIppo1k3GCsqgQijXQC5h8dpkXyuGtO8ybmxD0B8YN2ioxaZEUJAvjYhXbeEVEPlF3hW0hVw0KqVjKo64RbQq1UJ9aaLWhqhx2Y9Dx6YXuExWt2EoBajm264VZd4zssI1izPQKEy5dK0PV1UlWsT44K0ITTXA7niFWXnrgYaN47btMS1zHdB/qEsWs9iC2lXzMTKJkUv7YR5TDis3HpOIWs3Ey/mObdu3FzDCZgyUaMfFbWIRS7TMdui7x+e3ELaAeVGNicHaIKbeEMYzum09U+EauIKaZPW3b/AB/XD+YH/rNat7YCJlvmY0YtD4mAeViZxWXtxEhtoXaWwgDHeKWmv6LEpRRjBagBA3mZtT9oNcS2ltAzDiFmPumph7prf9prf9prf9oTf3v/xAAyEQACAgEDAQUECgMAAAAAAAABAgADEQQSITEFECAiMgYTQlIUFSMwM1BicpKhQVFx/9oACAEDAQE/APutV2tdRqLKlVNq/pM+vL8/hJ/Exu3rlGSqfxM7O7bu1erWlq0VW3fd63sbU6jU2WpftVv+w+z2sPXUp/cPs7rCMHUp/c7O7Eu0mrS5rUZV3flqI7nCrDUVbDTei9FmNy8y/wBxTVvsbas+naFrFRLdzN5fTEVV+GZV2UbY9Q6rCMdfBVWztgSr7K7HwzUhRFVWbBaNYoG0RRTam2xUZflafRtIjbq6EX9qgR3/AMCIcNG3E5jBWRQPVCMHHcBmaYqnE1C/a5hKbVLS3lshYe4NB6otbluFltarVkwDy5EK8cwjEQ+aVjfDVuqjI6vGVGTiMMd9K7njVHZgQ9cP8MUrsYCGrMfAXaO6i3zLC2FiWbrWEKgKwEY5bvoVwd22Pa6zatibjPTwJbdtTA9XerFWyIdUjVYHqmWDZgstPAhVl6wwTTOuzBlrruaUp/uXvUOQ3mhLM2T4EGWmJSyrLVNnIXyxhKKdzx9qHhYTlsyq7HWOcux8NRw0MJmmtCtzLacnIhVVTIlx7lj9fDUGLcQLzgxqXH7ZWMNzGVjtj2W1+Uz1T3TYzEGGlnrbw6T8WEL1KwW46LPeo/BWIy59MvLnk+aVVszR/Kf0xAS+ZqV22MPDQWD5Ea15lhAGPMUtA+OF9Uo2oMNLkXbxFBQZKy5y75PhBI6TLTLQMwhdz1aB3HRpvc/FN7/PN7/PCc9fzv8A/9k=','6'),(38,2,1,'girls shirt',50,'data:image/jpeg;base64,/9j/4AAQSkZJRgABAQAAAQABAAD/2wCEAAcHBwcIBwgJCQgMDAsMDBEQDg4QERoSFBIUEhonGB0YGB0YJyMqIiAiKiM+MSsrMT5IPDk8SFdOTldtaG2Pj8ABBwcHBwgHCAkJCAwMCwwMERAODhARGhIUEhQSGicYHRgYHRgnIyoiICIqIz4xKysxPkg8OTxIV05OV21obY+PwP/CABEIAVAA4AMBIgACEQEDEQH/xAA0AAEAAwEBAQEBAAAAAAAAAAAABAUGAwIBBwgBAQACAwEAAAAAAAAAAAAAAAACAwEEBQb/2gAMAwEAAhADEAAAAP6GAAAAAAAAAAAAAAAAAAAAAAAAAAAAAAAAAAAAAAAAAAAAAAAAAAAAAAAAAAAPh9c+GEtkLHW2L5D63093P3OP1xylVuxefVtQAAAAAA8nyL5xVF9vnOHTj9eDXSKjQ3bf7h+F2P0iswXPYqs9hC/Q6lrb5Pts6O0+01z1+YFtYAAAHyP2rSgp+Mrz/eqrfPX1GxFrp8jCkqdr6wxmituyLj1SjX21BfZR9p+c6/Z1tGO7xgAAB8OFBb5Si+m+zKLz/f4WtJYxs6zYEuVc1z95h3+/OmY/eMn6xTWcbnidLrsbpoz3fass/ReeC6oABy6RiBkr+i5fS84nY/mfO6elsqyyjZKkx/CufIq+7Fh74+sxk9eXqUPlXcwIype3Sqhsfo99nrrscPuOjpAAeYEyrxnM/I3XgdyH+OfqWAq29fMz8vWs79KqVF7k1FthOiwZxY+/tDiO/wCeRl2V9KO0oLbv1qwp5m5ydCO7yQHz75OFBc5Om6nkQ4nnvQQPzfc5nNmu7cp+pKglQpEs+bKkvs4rb3M7Bjtktx+c1v0GBaUKE7H3+eut/Xe0Tvs87RSqq17nJC+lz9xyFhdbg+Z0pNJZVfK69FD7csz2UzhJ0cYWypL6+yq0uR18oUGyxmxxi/8Ay79W/M6s7Wut66VU/D77MSnsrOrs9rT6aTJ6PoaMsdTn+IUutM1m5kLz/oONROrtfajV1nXxns+v3hq4wmkzemuty20xO0nXS6WmlRx+i/mn6n+d1Q1dPaVWYWlNdVmJWttQ3+5r+LmknX6+kefXf48WntcfTdmeXaN570MOH2q82d+E2PTPZQbKp14YzTZzTWX47Y4/X2R5O1dCP6/ht5j4a9pT3+dlmxierKvMK+zl5u0+bSqtbKbuXS3Xa5UH85/TKjEvzPlq8xx+1TRJE/M4/wA7NHY1VBpMpVHO6nNauV2G2GT11mPlNc0UX7bm9JWueyWsy2Lut3S3MM8bCRD6GrGtqrRzhF08eV1ub58dW3rQolv4MbH29ZRd+RdPnXy3p9ZiNvkYQodNTXeL8brcls5o2e2eMP2b3V3c+ZWZjZYyN33QUl7Ceg9fbX0vC8+je1QAAHj2K75YoTq67S/ISxs7SIyxkvUGc3U7r7DNTInfZ11yxZVXaeljl1LIBnAAAAAAAAAAAAAAAAAAAAAAAAAAAAAAAAAAAAAAAAAAAAAAAAAAAAAAAAAH/8QALxAAAwACAgICAAUEAQQDAAAAAQIDBBEABRIhBhMUIiMkMRAVIDBBMjNCUUBwgP/aAAgBAQABDAD/APAZPCw/98tlTihejBVl8mD2A+naY/yDrbIjtT6gmbiPrxvM8XIg/j41RuLRGJCsCd8tecZs9GCjB+Z9Zn9g2Ji7oAQQDv8A+Ax1y+VOKM9GCrk97saxol27HJzcgr432Y1RGogJZq5eLmUMtmRy7/WsgX3PGyQ+R99KaXL7S1My2fi2YrnfLu2t98jk+PM7ss/PJL5T0l8L6C2Mtc2y6vi56TcY0dcl2GOzeDsEpsEAggj/AGE65aoG/fOxzfxZp41YTwWQY08lHJC+GMiXE21lYzY5hkRlumZgpkEPMKa1Hhsfa6ti9hXxupI5Xts2MNI+l66OR2+RkSpUI/S/DJfiZvmWLToaTmXX8t1YmUypBqnmyzKuPtwctzZ8d11wf7KvoHnb5VfOGPLW3ljQnl0C+T9NSh+oWmEmwc5H5wPpVHNv1AGk+IkqCtn2mT16Wj+vOd+X+O4KpK6QpPjfFutExcQtQYPTYOJvJhiIgRUx5pYsz8uVWRzHXTwssQmQzHWFKU8a2W7HUHsvZeauDPDykyEJU7P+pjzJpoH3yzvnZy1jQBO2+uEX+tQ1OuncpiA1Ba5Sk5YquQ6PG7Jjb0Y/ruIvPSIVvX6rTIVU+y31Oo+uLua/U6fpL5/cPIgSmHNj5BTFA5yHV9fSSfxRlVdTx3Y9dUWUeGCardqqfJevyVKh/wDpA/0nlToHmfXUnG9cwvK+pTUpz5E1VxsOSEHnXkQSboxfmRZ0kl1nugD/AFSdfE1Id5RSdAKEecpJJtPrynGKVP2KqtKcEchwJ2CYoY+S+FFXGU6aqownjI5FMlBSU5SYh8Ws262iFtjCDwSlUd6DGZa48BVirwYtMb/n/QTocu+gedl5VtCZoVXHo/8AcGkiHw+VkL+ElOngvWhZ08lO0NNZP3tT9KH6Li7UJRCmL43AJ54pjMlyCGbUPryRIl/ET+vI8T9h80WVVTdAPrSddbo+5pOwnuloiZnk+OqQ+pcTLNUAOSjzhF8YgDrayyKyUjT9fShNFoNf6XOuZL+jxwuU2TWgZZ7drgxChPnFwM7En5+Iwnk8JR1oCavQYjT/AE8Zvsf67JpIFzU/eQExmqa/rAfXEsKk0YGcDRah3IaUvGdRZ6EpEOrirPuaerfY1NzRHNQ7ENI41myreQDR7TGAXGM6a50lpUyL/wDg8aiZiKEeX+Z5U6B5nXWc3diAMGdWWgoVE8crRHiiFE+ZZsF7LEZT586YF+nkwP6hR2REWgFh4VlKcqEM1sbLE5I/tczGyROQfxb7YWSMmUqi1ldViykCV43YQIH1pRbOMZlIACWcYpmQqfXkahojlWm1lks987pYs3lJtP1VGdJliZ0UKpx5MpPMZ2eQLEE/5MeXbW+d3Sf0qtBtSGosLAlENLfiXCACPyqv39lRYD3jCEEwVQkcHkmVTxZRkJZEMaojKUywIXAmqlMqgn5igZcbIr2CZL02OLRUvlap48xw883Cxonai+VHErKbeVf76sahKkhhQmcjIgnsloqgxAJ+RrJZ0CMEp1fhZ8SND+pju9JUDgjnXOVUIzeX+bnmQ/8APLN9ubYuwK2p9mCz2VlGW/3w84v4JjSwH7PLyLDzdWe9XfwIEpmuKKVY7AAfqS503W/q4Fab3xkCzzEU+vhrficNC/s+bi0i29/EgcrLzch/461P3PZ5Tn8nUmd+tvWiBmy45CCpDHQ7bIQxxz5E/I0o/XB9nnTsSxTXi2C7HCIvock7xyJTC/p72Nj/ACqdA87DIEY1odnkAn4ueRbYa7P9r/YwE71tfFtJ08E6Y2Pa5h3uXXt43yXbRRVaXxyJP89ifr7OEh/HRN+wZd745ANhz4GNYl+do4lmSCnXPgya63LrxVZekzSPTdbYS6Nz65nS06gcyGK50IAAHtbxxsTzv6x+on5SojMV5gUUSjCinYLzyKOxH14VEpjTKnY/wY8sdA87mxETNCPMIDjJTIAZuwqlKwvRmVexvU1JUgSxkWMKXA1yU2TrO0pr3noB08pcz28+3yjvnRk/hQOVprKouhz4Id9fmNzvjrOh658OXXSV46FOsxV/nkm+vqrJzOI8OupzPcj5D1MwOZ0jmdd8iSvvnQhaJGdCC3UVpRT9q65XcouWBfmC4DBAR4/4MdDmQ+gedjkTXsUJXyfGUx+wVfy5cu8avkqG522Qt1V1crPLXwxcKQ9cgPPrbIPZywpxcRT65Wnlm51N86Yag/s8yW12FB758DGupyufIvWep3z4Wd9ZQcy1AxMYcyV8Z50+Z5I6vrHHvnZS8flHTvr0IpLuu0i43Lqsc4uTm4THxfrHCYolc7NkpJpog2kCoynqjFuKwZQw/j+h5Q6HM2pSdCD7ajynOhJq93lFo5FwQwUDJo9KHxykpkvSTJqee3lnYKDmIVQiXOy3NJge+bO7n+OdUNQfmc+s/JO+fBdf22w58lAXN3758F0esc8yV8sSXM1B+J7Bd8SJyuigm/zdkfPtvj9h652o/c4F1HvsJAdrV/LxPWV08sZ0PKM86M5YGcgFm9YqPLDctBA2vL+jHlm0DzuMl1aUkUkos5peMTumSzrjULBWpkA1WV7Erwh7ZsrIQJsPs7bGXkl8suYA992dLQ8/8K86wAQb1zsTrNzfXPg51i3TnywFckHQ58AqPwWVPlk/bFeXmz9l2C86Y/tOvVv47oGGZ0Q52LA4Vaa99tizenXFh76h3Pn9w0tHMsbzXyoFAokghKHDujZDLr3/AEc8u3OzyXvY/h2UlymPebIhelTDGyXDkl5rRw6ZPjrHu1lyHKlRhr9nezGvWAPPNB1zvj+nU8A2ANb51wIgTzsCTl5p58MIVbDfPmKAMh58HdlDjjAEUHDMDvslSNc6ximLic+Xnwy+kPPD755OPv3kt+J6g034v11PDHEsjRN1orzVNGcRKuV5o3uVGZasw8Cp2oP9KH0eZtRObtvXCRVsnGnMrxncYwCMHtkukxC9Qpdyr3ndnKpA/scmwPrqRvurtzqBu9m58h9TPriezMcwQBEehzMP7nK/9/EiFdxvnzEbWR58Kp438d+ta+w8ykK/IeRXwxn58yANem51zls9Dvksf7MXsMU711mRu8Yuh0xaT0r5FkgE8XtNQHAUylOp/Ni0Yq6MP6VPo8799xCeZQUq4tMSUmbGcbPCaHycLGVlZy75BZ8OlLISclBHAWWtc6Rd52e/OnH5LtrnyN9JyI28/fMMD6BzK95V/XPjPq5HPlw3CJ58RYrkA6HCP+5ztJ+Pc4r69TAMMsA+/mTfuOm51rgZ0DyShexygR66VXlXIlcct9k8fyifMsBR5JOvgwoGsqOvMGjTY/Yw1yoOjzsHtk52SjgCIdK4yzhpOVs85QaH52ykSFZ3q355za2XIFyV7TYiRzoEJ/FvrnUjWPT1rnyJj5Ab5AbcbI5iqRE8uP3NfQ58cADhta58qG8bG58aPjk2HFH8nnbyJaVP+cdRvKHPl+jfqeYJK5mMP5Fvy5ztzPVI5ciybWsnRpLIgzxjG2VSsSAyWakq/YhXkWaU0X2/FIZQeOnMvrsbI2aTBOV0VU8xjuPGuHXEnWH0OjX8xJzXxZ+ox6XW2W6Ec7BdkDR50SlcV21zrQRjDnyE7trR5iDZY8iP02HLDeUw1zpPylTrnyfRTFXR50hCdk3JHc5NzOl5Y9RrmGd3rz5WN5PVkjmFo5MD7BoCc5hzJj9uGaa9qXRPvFSyRxr1VGx56dOqpSEp1fxMcSMVAUE/01vjJvjRB/45TGBBGvWV8ewLMXbHUMesTEwTJASvYKfJTs8wkM8Ea3zEGoAfyO+DNdgo2cGb69g8iCFO+OpOW/vnWIVVOd/Mn6N++YGpdirADmFYXxkb0OUTy+1CPWIpDzOt8+VhRfBHMFWesG98cKcsEEc65VaLAgEYXU42HARXbqqqoAUaH+Gua4UB40wf+OZ8QMTIIG+Z9NsRoEwbWJEEaPXgtiMTztyEuWYEjFdG0RviaEn0Pb0Vcwgg8wSoWA0ed3NfFSTriWiMyfsk9DXzlSZ1txoBgPaT040PXy0n+4Yw1zpCTpm42vOZ3zrAAhH+rXGUH0RsP1+GxJbFkeHr8Y6H0T0OvxgNLJV5lfHOvygRSbcn8O6uZ2v28T47gJvQc8v8M6i1UoyOGX41gr9fiag36KVlCtQ8b4N1j1m7O+8bqMLG2ZTKl8PYIV+JgeJ21OW6zByNfdjJQp0/XTGkx1Xg67C9foKeJKc9+CBf9mua5rmua5rmuaHNc1zX+Gv/ALo//8QANRABAAICAQIEBAUDAgcBAAAAAQIRACEDEjFBUWFxBIGhsRATIjCRIDLBgOEFI0BCgqLRUv/aAAgBAQANPwD/AECha5NCG6b8snGSM0Chpxj1CSNnnku1SG/bBpLFH1/CMZSd1oLcjHrZxf8Aoju4+M/0h613cpUrR4XExYnHNey4RBZbCUNUemdcP7WwA972t5GfW+ZEdepk+a47rWgcqumNGrvddlyLUFk/pj4g58QxhAdMeOrVyCx6W6Q7uHeK/Z8sf3+NkAf90jveTCNSb6UvT5U5yxTtaHcK8LcZEgGqvcouK9capVbPQkmCiL2T0cYMbtt8kzqoBqj1zigN72LTkTrjxdKQmjQScVIwlT0FX0tYUSaq/P2wlc3sVe8NwkOn0/e5ZfrlddMT7rkRH3q6yTJS9XrYGDKn+KKxZMdUt9j5ZPqlxpsru3567Y/mzgy03XVHyarTjDqSNhN1Z6GMLISvpZTM5IkLI1Uh77VrCcmA9oE3vWSt2XWu6eoZyWkF0My3JjOvAvvrAWrb7VTg0+urv92EmF1YFm/fJxAe/fvnUojd155DqFHahtc4ro3Z0a75xxQWq00Vkb21WnWRZUrY12rDqpuytVrBlX+D5YyUd3XgY9SO9+RgqSuzvorHQjfjp9sjGREDaaa9XGXtZ5/uJV++QRdUDbR6+bkv755CaUboute2Skko2D0411m9+eA9SHfVOsjIFd30dxyK26VQ3rINWO1h398hJLtu4d7chKitIwpyEpI3uw3eQlV3asO5vvnGMJXu5DW/W8Z0l7oUT5ZdNaEk0Dhp+X7drIrbXgZKqQ1VbXITlFwkk73uux5bbxlKo+tb36VnISYEnRe85Yyey1f6qrwvJ3erpS3Wcgsg2ll188nqVbSzeT3yFl7PPGifT3L75Ieqtprtk9Nbq++ckbmS13dXnIai9yzT73kYvySu+WV43rf7fFJiN1Z49vByIxtdDo8PLyyNpVC2bc5Ukab9/lWcdt1rsdsgKNlaaKwi9PrvvhfSl73rEl0nnu/oYj00bbbP4Ml1EBdb33ybcSv/AN9sky6TXf8A2rG2KG23WcnFyAer2vP0y6PWHk/fO11W8Ziey1r0/aC7x6k80XR8jINrVUjZvIcBV7t225KF8bV6WzOuS0Xry+WRG0S2v0uccEd7T+1vIW6sStZHqIqV20/zeQaLKqjXbtZkOqlqqKpMjJbTVFI3nGy3VAHbfrkFTVJTV5CILsoGt4RZR21fZc6xGxovxfLImnyKwUv7fsvJGz5930yUQStsbvQ9lxBG61TeQSFGtW3WRjx8cI3YsChcYyTTUtXrOTqOeLKpRLtYpqslOcJckPH9Kjenqzi5YrK9giMV702ZxHGRrVvLT9Kx+Jfh03TUAa8qO2ccebmm9yjWz6GQkyZVaWrTfjnTHQBUnVN+GNirXhrOktut2b9qz8qEuqrFcBV8xRr2wKH18EydyH6v7MQIQ9fVziPZuqayEZcY1qtXV/wORmnHC9foouXjY5yMVPUQ0Z1/E8bK2z8uwT2rJ/8AD+cn4DqxrDn55e6AZPhD2aDGaS/8NZL4z4nkT1az8mHGfNtycl9KgZySny3Le+srOKfMgqj0JE+jkmXHy3Gyo1sfGRnEA8gaC9Lfg5x8YQm5LZXoDpyPj4VXb3v9iMVqrcnFkRWqoq31pxtCtvasiX7t6r2w54ou23WcUSftQrj8Nyzffl/3c4/guQMZ8+dP+DI8/PjPma9UMeeUflAyceUPd1lxgfORnK8583jJfcznZcm966Irn6ovH361sII+edUSMruzsjgRr2879M/tPC7dXla/rmPThMqI3QtB/wDclcQNDGCy3fhnICN1Ru/e8ecfc/MIn0MkSie1BicED5yyPw/ThycmMB+hn5/N98GePLzv1yXKX6iuErflLPz4C+koI4fB8te7IgZ8NzxnD0eOOE2cX5av0zpA3e93WTd0XbWsY3XiP9bDpi9632wDpKtLt2+ucZqBtaNtZBRTV9jJ8/Cfx+rJcfX/AC4z43+LcdYT5MOOOPNy4dWdfLhKGE5/fDl4F/hMfhOY+ZMc+K4+PkT0RhLPhpShGaWIOvezJNla0vY9ssVu/HZWRj1EffvXvWJZ/SRa98Z3JDtH0PHJnyEF36mTJTIeAuM6PUsCsJTn9aMYQh/nIC/wOLv+MZTw4j7Z18mXLPzeXCl+WdU3Dg45HvxuPF8SfSLnXycL7cgp9Y58Tw8PIJrddCZAKU1Vd7yNnt7+2M0TtZfhhEH3r+nkW3yPXFQVukDwfAHCZ0xN0FfXGXSF0ouh98IrXe6vZhxx+u8Z1eU/XWK5+vOnLcZfcw537Xgp9MSVY8c4/QcjzfER+X5ecPPxzHyqZ/iWQ5ebjH01MMTpPNbdjnJtatutXjpj9f5wjUvDY9v6YSRb1VIZONdQXuzWJqK6Gauj1cCw89u6zjgQBKrVtZGJfyMjbeaMZOVLOrFlimPO4SHFPmVkOYPYRM/O5X/1DOXha9HpKcg8XIPk7i5KVx9S9B6mFKePthEkF6asHNI+p3+V4l/iH1yTJZ1V7Kb83Ou10DG91jIFGyI33fLJkUiasBfHtnLyTke3YyEHAxmZvGK383Ot/Fm5r74xPtkeWKfKefm8n2w+H486eaAeXSsjCqa1VXd5HVVsGu/tjJsdWD/nF9rFde2QaHzPxEmyPRoMagt7Ed25yRI9VXptd+AYARPKjRkUIQu1XThEH3redv5cZOM3AfuYQKx5Pw6nDnfsZWSQcJTPam8OST9Qx4AfkpjKL7kinITeOPys+uchuXrWlxJCff5mRG5eXlv1yciI+F/7/iaLaUK1WQST6bdJgXJULsabybaXQtbcb5CHkevpjKqyXKGMnP1P+MI3nSH0x5MvGThyxT5mMMjLjfqjjOX1Mr/Of8w/9seKL/Cmc8zXqJbkQa8T09nAu71v7Ot4xo8+23Jy6rruqX7fj5mnJv6oumsl1EZtugob7VkSowLbo+7gflwU3RuWMrx5V/gxiL88I5o/DrXGeVJyX+Kc6TIxl9EcSEj5hm/vn5nMJ/5DhwFHzc4Zxn7xqnAa1dC+neseSV6sS3eu2Rq3xcCi26/pc23Gxt7ushBBe73VfXDFk5QfTEMZZt/BlhD7uWfUyslH7lY8YL6jh/8AcObkX2sMeOZ9TGIJ5lVgtdW8PAKP2Tjll4i189ZesNP4EcdGLhDGUAKe+RwHLaw4x+uE5B7quMkv3wA/ce6wMO36TPIKxq0lTl3XUYlNyvIrSSq7yHZswK2DkZDqjY2Y93qVc9fwChkW1l3RYXg2be+Pf/QF/8QAOxEAAgECAwMGCgoDAAAAAAAAAQIAAxEEEiEiMTITIDNRUvAFEEFCcZKhscHhI0NQU2FicoKRshQwgf/aAAgBAgEBPwD7cJtqYmNw7mwqQVEO5vE9anT42t/pxFdKKXPFKuIq1RZmyrCAp1WKpdlyQLWDMA+9oxubcXalHF1KYtKNUVUzDn4mrytVm7MG7h+cK3Foq5dUb2zabU1PbFAtYe/y9cUizbUwdco/Fst3052JqcnRYwbrxerv6YN3ymttfhL239xLm2vcQEjN+mU+zMPUD0lI5vhF75afXEF29M/Ce3/m+XAinhs3u3xfw+G+EG3amga8wTm7IeYZianKVWt3tEYKWY+bGd73zQjTWFdi8y+WC41DQVSBqs0IuN0oPkem/Mr1OTpM0Jv/AG64ptTYdrZl9Yej/ibqR/bBpSWLut6IBeUxanFYlFI7265hnz0l/L4/CFSwVZbyGMeGHij6JGH0Xqz6pZuP8RT/AEiniEUi2swNSzMh87a8RmJqZ6rH9stCdW/TPOWPuj9GsB+hWNpF3RTreLwd/LKT5HVh3tAb6yvU5OkzeIQnpDBxLKhlTo4Ohj7ovDFiGwvEHV8phKmekv5ZiqL1ksrSpQq0+JfjKIzMPWhOw8XjWVDrKh2Fg6JhHF1gOzBuhW2Vu0i/OUqVV+FZhaD0s2ZuLxWj00COQvmQq1oosVj3Jjg2WJchhALpeZTkiiYJEfD0Sy8N/fzsidiNh6Db6aerP8TD/drDhMOfq1gwOGBuKfvjYTDsLcmsTC0E3U5yFD7tPVgCqth9t//EADMRAAICAAQDBQUIAwAAAAAAAAECAAMEERIhIjEyEBMgM0IjQVBy8AUUMFFSU2KSgrHR/9oACAEDAQE/APjgGewj4W9NzXCrDmvYlNj6iq56fwaKDc+XpleHqqOy8UUAx0CoxaaKAisU6enVHdSNKS3DVuc5bWa3yPjw9fd1qvqaOMnmeULZ7HphO2U5SwTG06l/kviw6a7VEXexZYOON2GZw7zEDbVLk0WMPDgEy1PF2bOMczmIRnyhWEQxSc51VTFL0sPAJh00VKPreAZjaaQJtGOW8bhXMzJDqBWdzupVpWPZ7y1NQsXwUJ3lirAJp3Uw7nss5SzyxEGer5oInJhGHGwl66bG7fs+vMs8X84BPfCNpZ0S3y5hz1Qfl/Myo5/1j+ZMYmYVh6e3C193So9UXltByg64eUccDRxqpmGPVFGd+XzRNmH1zlg9pLV1BhDtKK+8sVYOwcs4PMjco44GgGdMwx42+WVb3r/l/qMdLNLQDZHmITTZMLclT6isrvps6W/7Ln01EwdAib2NG5R+hog9nK20vKfPX690s6or6hl+mXWVp1NMRajnZe1LbGZVLcOuaxoWVHjaOdpYw0yth3cfhdhKWzuUy08cvd1tsAbq8Wt/1xb7V5WPDisQedjz71iP3GgxmIAyFkF9ueeqNfaxz1Tvrf3G/tCSdz8b/9k=','4'),(39,2,1,'girls shirts',200,'data:image/jpeg;base64,/9j/2wBDAAYEBQYFBAYGBQYHBwYIChAKCgkJChQODwwQFxQYGBcUFhYaHSUfGhsjHBYWICwgIyYnKSopGR8tMC0oMCUoKSj/2wBDAQcHBwoIChMKChMoGhYaKCgoKCgoKCgoKCgoKCgoKCgoKCgoKCgoKCgoKCgoKCgoKCgoKCgoKCgoKCgoKCgoKCj/wAARCAFQAOADASIAAhEBAxEB/8QAHQABAAICAwEBAAAAAAAAAAAAAAQFAwYCBwgBCf/EAEUQAAEDAgMDBwkFBQgDAQAAAAEAAgMEEQUSIQYxYQcTIjJBUXEIFCMzcoGRobEVQmKywSRzgpLCJTRSY6LR0uFTg/Dx/8QAGQEBAAMBAQAAAAAAAAAAAAAAAAECAwQF/8QAJBEBAAICAgAGAwEAAAAAAAAAAAECAxEhMRIiMkFRYQQTQnH/2gAMAwEAAhEDEQA/APTiIiAiIgIiICIiAiIgIiICIiAiIgIiICIiAiIgIiICIiAiIgIiICIiAiKNiNdS4ZQzVuIVEVNSQtzSTSuytaOJQSVDxXE6HCKGStxSrgpKSPrSzvDGj3nt4LztyieULUGufSbDMiFKwZXVtVBd7nd7GE2DeLhfguj9pdo8Y2lrBVY7iNTWzDqmV9wz2W7m+4IPYuB8sGxWM4u/DqbF2wzg2jfVMMMc3sOdoffZdgA5mBw1adQRqD71+bVawyw543HPHqR3t7VYYHtntBgrQMJxivpWjc2CpexvwvZB+itwlwvEWy/LVthT4vhs+J4zX19FTTiSamc9o55g3tLrdo71xxnlq26kfUyx47UQRSyOc2OFrQGAnRrTa4A3IPcABIuASPBaZtRyl7J7M10FFimLw+eSvy8xT+mfGO1zw2+UDjrwXhzGtvNo8UD212PYlUNdoQ+rkIPuvZVuAxkGSqk0uCG/qUH6MYVjOGYuxr8LxCkqw5ocOZma82PAG494U9fnTS1kjZRPE4tlzkgg2P8A9ovRPJ75QLGCnw/anD4oaZgEbKqiYQGAaDNH3ez8FOh6NRR8PrabEaKGsoJ46ilmaHxyxuu147wVIUAiIgIiICIiAiIgIiICIiAiIg+ONhdeNOXnlBrNqtqKrDYJXMwXD5XRRRNOkr2mzpHd5ve3cPEr1Zt3jLcA2TxbFHG3mlLJK32gOiP5iF4DneSwvlOZ7j0j3k7ygwxH0h/F29ykkZmWChQElrnDeCpTdQ0jcRdWQZSOkN/gq6ppHtzPgGbvZ2jwVk4kOuQvocMhPcoDZmm5+cxSizmwSyEEW6rHFUktU6WFjGgudfs1VtUTPihLmOIcejfx3rnTHNE02ALm36IsE0na5O0PPYNTUQwump5I4msdKWtzvsLX0H1VRJd0ZEZ0O8dy5ytztAHWA3rAegC0HVBhguCGncFKz5W5juCwsba/evswvG3xQd1eT7ygTbN41Hg+Iy/2LXPDbOPqJXaB47gTYO+PYvWu46r87YJs2L1EQ6uRzdOzRe5eSjaA7Tcn2DYlI7NUGHmZz/mM6LvjYH3oNtREUAiIgIiICIiAiIgIiICIhQdLeVLjHmPJ+2hY6z8QqmQ272N6bvo1eRqx37MPaXe3lYYt5xtRhGFtddtLTOncPxSOsPkz5roatP7N71I+YeczXeKklpjJe0aW1CiYZcx8LlWQCDgHBzQewr48aWFtVjnicyUPjsD2t7CvrJSG+kbY37NylCPNZ8m+4A+a5ULspey9je4B7uC+MbpayzQROZJnsDpZQlIc/Tio79b9/iskhNwOzisbW2KIZI231PavrGB78h33B+a5t3aLJCy1RE7vNiiUbCjnxmrf3FwXpvyTMaMmHY7gcjtYJWVkQ4OGV3za34rzHgg9NVP/AMT3fVdreTti/wBl8qtBE52WKvZJSO4lwu3/AFNHxQexkRFAIiICIiAiIgIiICIiAuEptG48FzUTFKhtJQzVEhsyFjpHHg0En6IPEPLZin2vyoY/M1144p/NmezGA36grQq8/s5U2uqX1tbUVUhu+olfM7xc4u/VQK/1JUj7hQ/Z2niVZN1KrsK0pWcbn5qziFyg5PaLKLOLBTX9VQag62QcGjVTGjoKHGekpzB6NBhkGqwu0cs0m5YXnpFBnjNxopVOLuHA3UODUKfTjpeKCuwXSFx7yT81bYBiL8Jx+gxGM2fSVMc4PsuB/RVWE6U9u7RZBrK4FB+icUjJo2Sxm8cgD2nvBFx9VyWqclOJfa3Jvs5WON3uomRvP4mdA/lW1qAREQEREBERAREQEREBaPy1YkcL5Mtoqlrsr/M3RNP4n2YPzLeF0r5VmIebcntPSB1nVtdGwjvawOefmGoPJNrGw3BRq/1LlKUSu9S7wUjLhwtBF7Ks4hoq2i0hh9kK1i1AQJdG6qvmPSVhUaNVZKekg+xdYKyb1FXQdZWTeqEEafQWUeTepNRvUWTcgy0zt4VnS9YXVRTHpq2o9XBBX4bpAfE/Vcr+nK+UItE4cT9VxB9K4oPX3kw4h53ybOpSbuoq2WO3c11nj8xXbi85+SViFp9o8NJ6zIapo8C5h+rV6MUAiIgIiICIiAiIgIiIC80+V5Xh1Xs3h4PVbPUuHjlYPoV6WOgXjbymMUGI8qNRA03ZQU0VN/EQXu/OEHVPYolZ6l3gpjtGqFWH0L/BSM9OLQx+yPorSm1YFWw+qZ7I+isqE3YUHys0aqx+pVjXHQKuJ6SDLAOkrO2gVdTesViOqEEWp3qK7UKTVHpFRTqCgQaPVzSb2qmh66uaP7vighU+kT/aP1UeM9MqR1GSD8R+qiQavKDuXyZq/wAz5ToICbNraSaDxIAePyL12vC3JdiP2VyibN1jjZrK6Jrj+FxyH5OXum1iR3aKAREQEREBERAREQEREHF/V8dF4A28xE4vttj1eTcVFdM4H8OcgfIBe8NoKsUODVtU42EEEkv8rCf0X55hxkIe7Uu6R8Tqg+S6NUCr9Q/wU+o6qr6o+gf4KRNi6jfAKbh5u8hQoR6MeAUmhdlqBxQc8R0aFXDrKyxbQBVcZuUEyl6ysG7lX03XAVi3d7kEGpOqjLPUG5Kj9qDlCPSK5ozoFUQ+sCtaQ2cEEOsOQy+0fqoVKe3ipmKGzpfaP1UGlNigtoJnU8kU7DZ0Tg8HiDcfRfoTRVDauip6lmrZ42yj+JoP6r8898duwr3RyV132jyb7NVRNy6gia48WjKfypI2pERQCIiAiIgIiICIiDS+WKs8y5NtpJr2IoJWjxcMv9S8LM61u4L2N5SNX5vyXYq29jPJBAON5AT8mrx0zrEqRxqToq+cZo8o3uIA96nVW5YaOMzV9JH/AIpmj5oJFshLO42+C504tMCsLnXe495JWaHrAoM+Meqa7gqmEq4xLpUTTxVLEbOQT6Y+kCsR1fcqymPpArEE5T4IK6oPSKxN1XOc9MrG3egz0+kmqsac9MeKgR6FTqY3cAgg4o71vfzjvqotPuarbbCm81rgLWEsUUo/iYL/ADBVTT7wEFmD0AvYfk21vnfJRQRk3NLUTweAz5h8nLx0DoF6f8kus5zZbHaIn1FayUDg+O31Yg72REUAiIgIiICIiAiIdyDz95WOIc3s1hFCDrU1rpSOEbD+rwvMcfau7fKtxMT7YYXhzHX8zpDI8dzpHX+jQuk4xopGOp1Cl7Kwc/j1PppG18p/hYSoswuFuvI9s5U47iONGmjL3wYfIGC9rvf0Wi/ZuKDRmm4HgpEBW5xckm3BsG4BMbf50f8AyUmHki26DtcAlH/vi/5INMq9aB3Aqli6xXbNRySba+bPYcFddw0tPGdePSVC3kl22EmU4HIOPPR2/Mg1CnFpArE9T3LbIuSPbZrwfsUkcKiM/wBSsG8k+2joiPse2ml6iMf1IOsJusuI7Fvk/JJtvnsMDefCeP8A5LiOSbbncNnap3svjI/MoGmxjRS6YnO1b5ScjG3ksYP2Hk4SVMTT+ZSGcjW3cbhfBWnXsqoj/UpGtcplKG0uzlW0aVFA1t+LT/2tMpx0l3Byq7L4hg3J3s6MVhZHV0k74pGseHhrX5i0XGnYF1CzolBOZqNV335Jdbze0WP0Jd66kjmA4sfY/J66CiNxddi8geLfZPKngznOtFVOdRv8JG2H+oNQe0kRFAIiICIiAiIgIiIOqOUrkUwjbTF58XGI11DiUrWh7haWI5QAOgbEaDsK6pxXyddpqbMcOxHC61nZmL4XH3EEfNerUQeLqrkR27jJthEU1v8AxVUZv8SF3P5OmwWJbMYPjEuP0UlHW1VQxrYpCCebY3foTvLj8F3UiCOyljb2BZBCwfdCyIgxuhY4bgsLqKIm+UfBSkQR20kY7AufMR23LKiCOaSInqhc2wxsF8osFCq8UZE8xwN5x47To0f7qqrJp6hzWyyE3OjG6D4LG+etftpXFNmyRuY8Xjc1w4FciAd4Wo1clVh89PUU7iYjeKRhOgN7gj4n4K3p8Xe9ozxG6pT8mJnVuF7YJjmGnctux9XtPsRiFNhcJnrmmOaGJpAL3NcOiL6biV5tpuRTb6pksMAfED2zTxsH5l7J+0xlcTFYNOuu5Z31sbSbNc5vY4bitYzU+Wf67fDy3hPk77WTZfPqzCaJnb6V0rh7mtt812RsZyB4LgVbTV+KYnWYhV08jZWCO0ETXNIIOl3HUd4XZdVtBFEzM0NI1AN73WuHFazaDHKahjfzdJG8S1GTQZQbgHiTp8Vnf8qkdcy0rgtPfDfzqSSixGb0xbw7V955l7E28VeM1Z7ZzSYZERFqoIiICIiAiIgIiICIiAiIgIiIBNhcqlrqw1LHtiJEQ0uPvf8ASk45MWUhY09KQhn+6pcMmtWspzq2W7PlvXNnyanww2xU/qXGCRxYNMxDsvEDipMUbmkynsOniscUfN1D2SAtc/Rrm62OqnZ2lpaCDl0txXHEOmZcYXMnPMTMzNkOUgqsqGyYa9wOaSEGwf2jxU0gwzxv+6CDopRIkrnC92uGYcQmtpidKjDqltXUAMddjnhpsdDbepddiEMFPVggBsYdu7rf9rJWsZTU752RRiW9gQALOPfZcG0lPJSiU07BJM3O5rukD8e9Tuda90cb37NZhg+1YrURLena/wB1oPb/APi2vZ/CYMIoSIuk95zSSO3vPH/ZZ6NjOczBtmZcuUC3wC5tcYJnZ+oTu7lFaxHJa0zxDKWGxc5u/Vywx3MpzA5Rre6kPeHgBjha25RKiQRxBpdmf2kC11eVITqaS539Ht4KWRY2KqaQluHzTH7zg2/DtVpDJz1NHIOIXTgt/LHLX3fURF0sRERAREQEREBERAREQERcZXZWEoKLGJOcr4Yxubr8VSU83m2PU7XGwEhCspnZ8SLu51vgqLaA8zi8TxoOcC8zPbzeL7d2KvGmzMYJ5XOuQQbgjsWJ0jxJleQ1+awBHWHBZ8IGcSO9y5V8LXFr7kOabghTMbjaInnTgHl7D0Q4DTTvXONwYcxBzAW3LFBNIGyGcOLQLhzAL/BSc8b6czNc3IW3Du0HusoTKPWjniYyAGN6Vh2k9pXGgc400ebpZSY2nL90dhX2k6cmuvepEEXNVVU1rbXDXNYTYO7yPkmvdG/ZmprRZraXSQ3DrZSfHRfH9F9hcW13LjDZxdcAE9yn6R9uJe1j+gAXAda3yUCpeS611llOWQhRpNZQO8qJ6XhaVh5nC6aEb39Iqyw8Ww1nvKpcUfmrxGN0bQ0K+ohahjHBaYp88/TLJGqR9iIi73KIiICIiAiIgIiICIiAo9Y7LGpCrsVflid4KJnUJjmVHCc1TmPfdUW2rubc2Tuc0q9ptZlQ7fsvSO931XlZuaS9DF6obngzMlC1x+9quNY+7rdyy0p5ugiaOxoUOQ5pvFbT1pjHabRs6OoUTELCwAA8ArCAZYvcquudd6T0mvblhusqv2tGTdfuVDhnrVsTRdgU06Uydq6pFio8Rs5S6sKDewKie1o6Ras9O6xkXyOH+ILnObkrlTNzxOb2hwPzVJaMVS/Nik/tlbTSH9lYOC01zz9r1Le0SuHzW4UZ9CBwUYJ3Mq541WH1ERenHMOKRERSCIiAiIgIiICIiAqfGXdEjiFcKgxh1yBxWeWdVlekbtCFR+tvxVNtyAaUjiB81c0fWVHt262HyHusfmvNy+iXdj9cNxYb0cbh2tH0UdjbyArJSuzYdD7ISBt3tWrJNd0YVTVRu8q3qTaKypptXFTYok4X65bGPVha5hXrVsg9WFanSmXtAq9xVcTqVZ1O5yqnnpFVt2tTpGm3rPhwvMB3rDJvUjD/AF7FWF56VAu7H6/hO4fNblRn0Y8FqUbLbQYh+/ctspD0R4KmDiZ/2TNzEMnafFF8+8V9XpY53WHFbsREV0CIiAiIgIiICIiD47RpWt4q68oC2KU2jK1nEjecrHPPla4o8zjRjpLXdvTfDpW9+X6rZKMaFart069M8fiC87N6JdmL1w3WiFqJgHcAs9OOmR3LHTD9kjPALLSjpOW0MnOsNm2VRIekrOtdoqpx1KW7TVMwr162UdT3LWsK9etlZ1VpjZZe0Go3OVPKbSFW9WbEqnnPpSqW7aUY5FIoPWN4FR5NwUjDvWqvutPSI5uXaCv4y3+IC2KkPQCoqkWxyrPe8flCu6Q9BRi7n/ZRk5rDOOsVyXAHprmu7FPlct+xERaqCIiAiIgIiICIiDFUm0RWrVrr1DvFbPV+rWqSnNOeJK5vyJ4iG+GOZlMpBZl1p+2+rLfjC3OnFolpm2mrR+8H1XDn9Drw+pvVIb0MfhZSKUdZQ6I/sjRwUyA2aVvDGWCsO9Vp3qdVHUqAd5VZWjpOwj+8hbJF1VrWEf3lbLF1QtMbHL2r642uqaY+lKuMR0uqWQ9NUv20p05HVqz4d65YGagrPQ6VAUQtPTBWn+2Ko/jH0CuaQ+jHgqSrN8Yq/b/QK3oz0R4KtO5LemEw9cLIsLz1Ssy7cM9w5cnsIiLdmIiICIiAiIgIiIMFacsDndwJWpN1matnxd2Wik4iy1iHWceK5PyJ5iHRhjiZWsYtEtK2vFwz9636reWj0C0rakZnwtHbM0fNcmaN1dOKfM22kNoWqZEfRKBHdkYUqN92Bas2KpOhUHsKl1LlEPVVZ7WjpOwf1x8FskXVWuYR6wrY4uqtaMcnaBig6BVG/vV7ifqyqI6ql+16dOcR1WemFqkBRGGzgpcDvTMPFRC0olWf7ZrP3gPyCtKV2jCquvFsaquOU/6Qp1G/QcFWvcptzELR56AKzN6oUcn0azQm8YXXhnzObJHDmiIuliIiICIiAiIgIiIKvH3WpQ3vcFQUwvM3xVttDJeSNncCVW0TbvK4s07u6sUaqtdBCe5afirecxKEdjZM3wW25gad7e1azKzPVtdbVp/VZ63aIXidRMr6TRrLLJGbMKwzaFg7LKRazBrooSjTG6wO6qyzkDtWB7gGhQlY4R61bHH1QtcwcjnN62JnVGq1p0xydoWJ+rK18mzir/Ej6M7u9UFxnVL9r06fDq64U2m1c23eor221G5S6EAuae5RC0sGLADFS4feY2/wXKlfZwX3GWHzrP4D5KJG/K5uqWjVkVndWxRm7LLNT9UjioVPJdoO/RSqZwJIW2KfNDO8eVIREXY5hERAREQEREBERBruNQ1Dq1zxE4xAABwFwsNGAxwuCFtC4lrTvA+Cwtg3O9tq5dRrShexpBAJ4ELHQ4dzjpHOF9QthMMZ3xs+C+sY1gsxoaN+iimGa23JbLuNILcOYQM2bTisvmEVrXd8VLRa/rr8M/Hb5V7sLgcdc38y4OwendvzjwcrNE/XX4PHb5QqXDoqc3Y557dSpo03IiRSsdQTaZ7Y5oWSizxdRDhcHcfiVPRT4Kz7HimPdBGGwaXDv5issdFDGOi0/FSUUfrr8Hjt8qrGYM0TXXt0xr8lRyRlriDe4W3TRMmjLJBdpsbXsuDKWBnViZ8LrLJhm07hpTL4Y1Kmo5TzYbbUfNWlKHlwJaQPBSgANwA8AvqmuDU72i2XfsIiLdkIiICIiAiIgIiICIiAiIgIiICIiAiIgIiICIiAiIgIiICIiD//2Q==','3'),(40,2,1,'girls shirt star',55,'data:image/jpeg;base64,/9j/4AAQSkZJRgABAQAAAQABAAD/2wCEAAQEBAQEBAQFBQQGBgYGBgkIBwcICQ0KCgoKCg0UDQ8NDQ8NFBIWEhESFhIgGRcXGSAlHx4fJS0pKS05NjlLS2QBBAQEBAQEBAUFBAYGBgYGCQgHBwgJDQoKCgoKDRQNDw0NDw0UEhYSERIWEiAZFxcZICUfHh8lLSkpLTk2OUtLZP/CABEIAVAA4AMBIgACEQEDEQH/xAAzAAEAAgMBAQEAAAAAAAAAAAAAAwQCBQYBBwgBAQEBAQEBAAAAAAAAAAAAAAACAQMEBf/aAAwDAQACEAMQAAAA/awAAAAAAAAAHvyPmj9AvhfAH6zfnvfH2ahwPOn24AAAAAAAAAAAAAAAAAAAAAAAAAAAAAAAAAAAAAAAAAAAAABFrsrbOJ6bK2CL2okRVs2856PK6Vp9pUSBgAAAAA1+VhqI4uXryz8ZfH2un4ue3QNXc2Z/cImx7evf2ccZG87m75KS+HZIpb84AAADmd7zfP0YeQWY9GT3LcxZGa+lvfFau3a8xh7njuY+ZCjYpyZfT7TnOj7fPDZAAA1ml2Wt4+zW7PUbie3kkU9c4zI8o3vibPq21/P/AOgjFkbFn56cd03z/wCkT3863juo7eC0K4gACBuip2qPD3Rzsm5TY83s9I+Gc/s/dvy1Z1m87n6S/NW7P1Rl8D+qr6RFnNfLvp3z/vY9OW11c3bxdSL8wAChf1OXraVupx9s/mcZZgsQ7Pw/5V+xvz3XL5N0ONqudee3NmVPoPB/p1d3GevHfk97r09+gr2tffm7nKtZ6+MABoN5zkdoa00XP1WYpYty3DPAz34B9++AbP543XbdxXL4d0v0vj9df+hPzZ+k46+wSxzfNw2aU9+w1mz1l+fq9lod928QMAqaTZazl6acHkMerbYTR1zniljTH8u+m2m6rZYmZc50fuviP230zzF7lc/U2NOO/U63Z6++FrreF7W/LKL5jE0lTOvx9uol19qe2/iK4zxyRFW1WzypsM49zJ6PWWJFJFIaPGSpnXqqdytvLW9Zye4vh1Ivgo3tPl06N7V8fXosvLeukiliZNFLEV8UOXfjeaz989TLhliQZxjV67b646qHIayTKojvpKN7t5HPb7nI6tLtdFz9VLe893F8I488Z6ywSxFKtaprv515iSSOQzwzjIoZ6hnqttpt49PjZrtq63Z0svot7yHWdfFDoen8y+Q5z6LpI9HPdvDavzadjnz9fmHuLadG7r5q5PVnrLWWEhnHLCYU7lYioyS7HUUdt7fm5+r1l2evMdLKvzhuAMchRw2LK1cW5K5in2bK5KfpjNBJuxp4943NG3g0V6+ThmbIAAAAAAAAAAAAAAAAAAAAAAAAAAAAAAAAAAAAAAAAAAAAAAAAAAAAAAAAAH//xAA/EAABAwIEAggEBAQDCQAAAAABAAIDBBEFEiExEFEGExQgIkFhcTAyUpEjQoGxNGJyoSRAgjM1U2NwgMHR8f/aAAgBAQABPwH/AC1lY8uPJU1VT1kImp5myxlzmh7drsOU/Yj/ACuOYMMXx3o+KmlfNQRw1faPEQzMQ3JmykLsGNnoaKPq6kzx1Ja+LPaaSkZOfA13N0ey6KUfZ8UxyWDCa3D6CWKl7NFU3vdubPYEusFh3RAmm6K9qw6pzyzTjFwZXjNHZxYJLO2vZPwzHR0PxbD6Xr4521k7KVpd4zSCa4a0k+bPl1XQ2hqaGmrw8VccL5wYYaiHqcnh1yNzyEAqnw+SbHuk3a4Hmiq6aijbf5XgNcHgW/uuhGEtwekrqZ+FTUtQ2pkEkrvkmZncYyw3N7A/9TXPa35nAJ9W1uzS7+ybi2Wslp5mDYOYRyKbVQO/Pb3XWMOz2/dZm/UFnZ9Q+6dUwt/Pf2T68D5W/dCtf9APqEysjdv4fdBzTsfjz1HV6Nbc/snTSu3f9tOG6xSnkPV1UWskF7j6mKlmZPG17TvyVvVW9Vb1T2ljsp5XHsjc6BMFhbkOAu35TZMqnt+bUJkrX7fEnkyCw3KOoKHcmopaaV01KLtJu+H1/lUNXFLpezhu07hF29sxVwAi8usBqVHGRvv3D5Jriw3CY7M0H4b3ZnkphvH+qHc3UtNDN/tI2u9fNdhivo6Qf6l2Zn8x9ymxhuwsrW7k2kebkUdQPZUrrsty+FMbMKKhOjh6ofFqnBtLMT9JVMc9NCT9IVMbSEfCqD8oRUZyzEcwuaHdqJ46WF0sjgAOZtqdgqOqFXA2TLlds9t75Xcu6FjEvV0FRzNmj/UbKnbkgibyaE05ZGn4Ux8Z4TeF7HcijzTe7juIGWtbTR9W5kBBfmO0lr+XIeS6PVTKebrWyh8FS8RyBuzZPJ1uXl3Qsef+Lh8P/EqAT7NTPlan7hQuzMHwXG9yhupxdpQ0jZf6Qo0eOI18GGUklTNfI0gaC+6mqIJXszPOWpees6xth99EDHE9hjdbMQw2ADR/KM2twsIrhUwGFz7zQANfrqQflPcaukYy1GEyf8/L91Hs32UipHaEfAkNmO9kUN0/ZP2UeyxOtnoYs8dIZudj/wDVJ0lxKwaykjZIW3tZx05hVvSPFAYtepBju9oGv7aFTV1TUTyNmq3vj6i4LjmaCdrt/dHqrMFW7LTuDvFHmy5r6AKaCCPtMjHvaYmh4v8AnDuV9ioMQnpZy81b2F8XWB2W19PkumY/isQzvyOYPraGknf00VJikNRDG95ELn3Ijcdm7XJCDr5TbdDddJW/4ekf9FXGf/ChNwPZSbKmNn/AnPhA9U5DdbqTdN2TwDcEaWWK4RLRSCshbnZHIXtANiy/ve4uppopnR9aZnsBzvNx+c+l8uqpqvL1sWRz2hjrhgzFr/quV2xstP1jcoYHAA5PCHOtqeTv7LtjqqSoLgwtYbWe/Ky21/8A2payfIWPsGN1GV4+Xdp8TTy0VMaUBtSGh4kkBgZONj+bZYb1eKGeKB4tC45XW8MY9Nt+SDQwWC81jzOsw93o9jvs5UjszGn0T9lEbPQ1HfnPjHoE5DdDcJ26CcrAixC6QYbRYOwVccz488mVrbtsPzHfUj0XaYrWFRchpBy+BhDvUeV03Ke1xwu0c8HwkEOsPX5vVBzXRZHXdUOu7c2IGl7Cyqqdxd17YDkzt6wZdwPvsqKgbieLxRQydXC1pe9mTQBul/U6qlpaeihbDBGGMH9zzPrwO6xf+Bm/T91hrs0DD6J2yHzBRG7G995u9x9UU1DdefByC6e001VDh0ceUZZHOu7bkEcGqQGOtsLuAf53/smYM7s5yyOdMAMrOssLehCtX0skbnMJYSI9X5yPYFUbqkGAuhm7OX2zAtL7+ds2g9FgM0rcTY500Dw4GBxYACb+Jv2tY8TusZ/3dUeywf8AhIvZFFUxuzvONgTwcmJvmhvwcmLpWZn1wibYMEIcSZB5a2ylGmMcjAR88eaxeX6P1aRayoejErzJ1tmRktew3DgQR+6xHo3U08rp6T8VgbownxDn73UFU5zpI3suxhAfzadtWqJ/Y5qVzGMydazR4u4D6rafpxKxbXDav+hYL/BxeyKPmqN2lu9MbMPrwemFN+U+6G/ByZuqvBTimK1ElV1gprBmQG18ovf2N0KSlDoXCBl4mZIzb5R6cavCaGtcHywDrQbiVuj7+4WJdHansshhqHSzde14fbx5eRty8k03aDzHByxHxUFUP5CsF/gofZFOVK6z+9UHVo4SlNOy/KEPLgUFv8Aqp1p6hv8AIVhAtSQj0R2T1Gcrwmm7Qe7KbyOTlIdU0aLyHshvwKO6BR7gR4z7SDm0rDf4eH+gcHhclTPu23cJsCfRakqQ6J51U0vUU75PMDT3TARFEDvkH7IcCimleXwJ1hh/Ajb9It9uDkVSu1HcnNmW5lBSnQrd4VT+LLSQ+WbMf0R24lFDuhFHhU7Kh8Id/WeBTt1A6zv1TdRxqT4mj0Xkpjoo9Xqlb1tZNJ9IsO4UVdX7pRQVQLhUYu149UPJFPTTaQeoUDrsHGU5pXfZFTlR+EPd6LD2Wieed15IcCjwHeKBUurSqPSRw9URl0RRT9NeRVM7y4OOVpPIcCpivyZeZUDMlOfbgOBTkEO8UdCjq1R+GX9URdodwKcFTutlQ2UoLmEBEEbhOKkNyomZpG6bIi0J4BHg/gED3Dwfsmnwr8/6qMXZb04ORDnHQX9lBA8btsmiw4up4neVvZOw3xXEml9rKOmyFTD8M+44+fB6vqgm9w8H7FNKawuJULfCnQZnXvZCmjG+qDWjYfAIBFijTsPNdnb9RXZm/UUaU+Tk+klPJGinJ8vuhST22H3TKWVvJdmk9F2d/MLs7+YXZXfUF2V31Bdjvu5Chi9SmU8bNggAP+wL/8QAKhABAAICAQQCAgICAwEBAAAAAQARITFBEFFhcYGRIDChsUDB0eHxcID/2gAIAQEAAT8Q/wASluhlN1TcUVYl64nJaU3VNxE2JAVAOWg7sTdaKtIj3QP+LT9wg1L5hGK9fi88qjiCjnutNTufXJiVmDLQHuiakFtMHUBdzCYMXPsgo3YokLwtGdUIlhFhBxVzyIf5Gr/5qHfsHM7/ANS6HnOY56q8RSzY4aYANG9iQ216E/8AZIls/YllhXizCko7MVRQpZgs9MpS67QaIfvGoLgW6PaWth4wdACiEEOiFd3ZSu5sg8qBskv3R42+iW7voIJVtObCuSFirLWP+4IDIAMQ7Rpa+rj6lIADmFiv2KL/AOslPKisGoELzKuu/HZ8TsY+acnhb2lqbKio3ZHJHtYALSU50QIbdc7jliijlqZFF/kIAAHRAjD3YHRw5IR3Jf6lAVdZYzfx6l03y+7h35ZUDz0owfvSSnVTSKPpMkrDRaBoeruB4f43+Kh9EXdQGhKlStxvja+Cy4LGMxcp2/Vt26Car4jPbr+YX6YX+NdOfwNOJoAFY6LKkzzsx+q7wCsyGpf+sXsmBUXmYldCVCNBqLVZTVrKuAUJqbsbOR6UXqJGUSPVftCAJa3HnvSGQf03eGj+IZv3A+5PUZXkWeulPweA8hC0Wla4oGiBhFKlZpXbtPDfVmcyHXnw3MvMTBvMt/in9GDLLicqx5wTVoicpYDNHoz0cs2pXaowS+OgmuTbcKn8Q/jIVsUq0AWqYWEiDiEAVpdmFh7nzGcohq4S9gT+p9ITX0/pRd/Q9uJr8R5PmZv1MQdgP4hqHB8pslfAJjRlgi2cI4SpZxEu5V1aH+CBRrfsh/6CNqmpaNwsEPHuFscF9QVEU0pCJfejdIqAgo6pZdUSqCANUwRdJATReCCUCjyRSWNUpHHmYol5z+qVgfTTdKwX9FVrdvqf6TdKxPMypfMxEQsFRPEYM8naZAADLBFd4DstBAbCKpjX0aNfDYrCiqYKFgWLkjoOFu7MSrYgpeio3mw2suK6u9RVhClLOWX0SDFCochfpZZKENCNJFNhLw4AZV8rthh+ZWf+eBnnQTJSqeyMVHk/O4OP7Z/pN/TZzgTaKYESkSx8TKIoWbeQWIpBDGbnbgESFXNy4AG03EMKhZa0MJXAhkoIUW1oyMHpInSVFaUKLFCNGf8AoyAAohgszk5Q3QCu1cr1c3eB/UZ64ww69kv18fnnrdD4xOcOV8yz6kcnPMME0upxiNWNYXQJSZ9L2ioFggZEvV4xZycjFM1n4Q1Cqga2LhY/LUMRHDa2mjHzfPcL4y2XmnwdNESL2L/MV+QytTBXs3K0/IXuBZmOhmQzlgs++lqnZ4ioH+gqUoF5dxDioBExRKXH5QxQMILAg419yJSeQhteTY94lTLRcFRNCg6IApxsRrIPWADw0l/ROZ8TeLEnj8qlyg/3O8eEubyc7lT+zpoxSRBRgZIBpt1glJ1so06tPKzJCmxGhAodz8w6pIa1ub1JsiYacDnDrpqsCZMZK3OsOWYtdtQ/H0IVi4mSIWgAYcTfDqdMQFyo5hnnpuouITRHtAMc/wBcszpBLRCIdn4+qUHxKB8TOIyUNFhGviTRODowMwVcGLnZidKYmF4huOmN8R/NMAVG0+yOsMwMuldmblr8Dc4TLtPLbKE3L3KmzTPdYCMhYFeVBbNvwdETKGq6kYObjCTLG2z8knDDhnOVleEh1rQ6j43KEqlkndgQ9qfjS5oxohlPwECTYTllkOOqswcRUmp4gpPnM7yvaDKN6IdL3Otva2fljgQhwxsPJ9eR0Qyj0e44ZGeZkE5hCHVeiCs7pFj2MVi7l9BlE4qPc8kCuoIvTT4j1Nh4i8Kk9xnzIU3G04nr0jSx66EKzMYjNZQwfAjvOXLD2OPTqaQlMtTs09czZbydBT5GHK8xd2XqSkI2f1DIcTomTFro5zbceZcKx5mOji5oxQdnqfekhjw+ouGWyQrbNlMVteKfjEdiHfa14xcfpR84mJlgeY5DDJheqTiViM9MVqDn5ld+JZkIQp6mbkl6lU/SXfdh7lUpNpSE8BcsmookYeiCUgy9tp5wgJS5FZfZCvoiBHk+5qy4YKZdwxGVYgQy9XHdQ2nbLAcMpqbVUYbAMhK3wkQw0kUF9o6ghy8tzMB94DQn6FQCMzRT5jjAfqdqXFfkSWVX7ZqXipCQxKN66zC5VnGGn30JV/5Z/wCZKWF+CC2/NX9QVDL27WG0f/gL/8QAIhEAAgEEAgIDAQAAAAAAAAAAAAECEBEhMRIgMEEyQlBR/9oACAECAQE/AP3G0hTTpdI5LwN2VxybENO90J3olail6fab9Cyq2RZKt82E7rrJ5F/O6zKRHXTQxUsxYGjizQvnIjvpLQxUWcGDbJO1PuLfSY6x3g5MUrL4jd8jPuqLVZbL1TonYbvTco0jqrYs1XX7Ug6S0Mgs199Ur0W6TGQWPBHY1Z0Q43HBlrQt4I7JK4oCVunFHFHBHBHFHFHFCSX7n//EACoRAAICAQQBAgYCAwAAAAAAAAECABEDEBIhMSATMiJBQlBSYiM0coGC/9oACAEDAQE/APvgV26WNhde1lQKx6WHC4F7ZVd+aqWNCLjVdEYMNphBHawAk8Rj8hCAe5kwgC18sA9xhFFpegdhwGhdj9UuXK+C4w2sw8cYpVj87TqxoRTuF6sNuHH+zGZhTX4AWagHEviE0ZvEdriNtm9YDfIj84MP+5mHF+GMW0Ht1Za5EOiJu5gg5wf9xxat4Yh84Ooe9H6lXwJQG64h4qCL/Xb/AD0IosNcYpVgHEPcEYXAAOoQDwYqheoID/Aw/fTKKbVRW0QnaLgNwQ+N2laZhwp0xi2WLybmdqWoIIPFmoKf20yC1YaYh7jEEzteRRBBAPHL7IjblU6EUaiZNnEXMkvdksypUHjmHwNMTheDDmA6WMdxvw3t+UGVx9U9d562SetknqvPVyflC7N233z/2Q==','1'),(41,1,2,'boys shoes',200,'data:image/jpeg;base64,/9j/2wBDAAYEBQYFBAYGBQYHBwYIChAKCgkJChQODwwQFxQYGBcUFhYaHSUfGhsjHBYWICwgIyYnKSopGR8tMC0oMCUoKSj/2wBDAQcHBwoIChMKChMoGhYaKCgoKCgoKCgoKCgoKCgoKCgoKCgoKCgoKCgoKCgoKCgoKCgoKCgoKCgoKCgoKCgoKCj/wAARCAFQAOADASIAAhEBAxEB/8QAHAAAAgIDAQEAAAAAAAAAAAAAAQIAAwQFBgcI/8QARBAAAQMCBAMEBgcGBQMFAAAAAQACAwQRBRIhMQZBURNhcYEHFCIykaEVQmKxwdHwI0NSU3KSM3OD4fEXJII0Y5Oi0v/EABUBAQEAAAAAAAAAAAAAAAAAAAAB/8QAFREBAQAAAAAAAAAAAAAAAAAAABH/2gAMAwEAAhEDEQA/AOjARARARAQQBMAoEQggTAKAJggCKgCKBSFAipZBLWRUUQRRRRBFFEEBSlFAoJZBFSyAFJcXIBFxuFrOKsah4fwSevnGct9mOO9s7zsPz7gVhcA1D67halrp5e1qapz5Zn/bzEW7gAAAOgQdBZAhNbpqtdieNYZhjSa+vpoCPqvkGb4boM0hKuIxD0mYRE/ssPgq6+YmzQxmQE919T8FbSVnGGNWdHS0eCUrvrztMstu5p/EBB2JGhPIblVskZILxua4dWm4WqpcAiYWyYlVVWJzjXNVPuwHujFmj4FbcNDQA0ANGwAsAguCICgTAIIEwQCYIIiFLIoIioogCiaylkAQTFBAFEVEAURspZAECmQQBRRRB5Z6c3Tdhg7QHerZ5Cemewt8r/Nee4FxLi+BsfHhda+GJ5zOjLQ9t+tiNCvorE8OpMUo30uIU8dRTv1LHjn1HQ9656n9H3DMEvaDDu0INwJZXvb8LoteTsxjiziiU08FVXVV9CyD2GDxy2A8yumwL0VzSETY7ViO+phpzmcfF50+F16vTU8NLA2GmijhhbsyNoa0eQToVqMF4fwvBI8uG0ccLraye88+LjqtkVYQkKIQoJilKC8JghZMAgICYBAJgglkQFAmAQCyNkQEQEC2UsmspZAllE9lLIEspZPZCyBbKWTWUQIQhZPZCyBbIWTWQKBSgQmKCBSgUyBQIQgQnKUhAhCUhOQgQguARAUATWQQJgoEwQQBMAgEyCWUUCKAIqIoBZSyZCyAWQTKWQLZAhPZBAtkLJ0CECWQKeyFkFZCFk5ClkFdlCExUsgrIQITlKUCFKU5SlBcEyCIQFMEAiEDBFKEyCIqKIIiEEwQQIqBRAFCEVEAsgmUQKhZMggFkqZRAqUhMVCgrIQKchKdECpSE6CCshKU5CUoLgiELJgEERClkbWQEIqBEIIEVFEBCigRCAqKBRBCgmUQBBMggBQsmsogWyCZBAhQKYhDkgQhCyZCyBSlKcpUCFKQnKUhBcAiEAmCCIoqWQQIoIoCoFAiEECZQIoIoopZBFEbKWQBRFBBFEULIAgmQKBSlIVhCUoEQKeyBCCshAhOQksgQoEJylKC0BMAoEwCAWRsiAiAgWylk9lLIFATBGylkEUTWRAQKijZQBALKWRUQBSyKiAFSyKnNAtkEyBQKoiogQhBOUpQKUhCcoEIKyEpVhSkILQEwCICYBAEwCgCYBAtkbJwEQEC5VMqeyNkCWUsnARsgrsjZOWqWQJZDKntZGyBA2yBGqsspZBXZCysIQsgSyFk9kLIEsgQnIQKBLIFOUCEFZSlWEJSgrKUqwhIQgyAmAUATAIAAnAUATgIFATWRATZUAARsmARAQJZGycNRsgryqWVllLIKrKWVtkLIK7IWVtkCEFdkLKwhAhBWQgQnIQIQVkJSNVYQgQgrIQKchKQgRKQnIQQIQlITkJSEGQAmARATgIAAmATAJgEAARATAJgEC2RDUwamAQJZEBPlRDUCWUsrLKWQV2QsrbKWQVWQsrbIEIKrJSFdlS5UFVkpCuLUpCCkhAhXFqUhBSQlIVxCQhBSQgQrSEpCCohKQrSEpCDIAVgCACsaEAATgIgJwEAATAIgJgECgJgEbIgIFsjZPlUNmtLiQABckmwAQLZSy5yq484Xpe0EuMU7jGbO7Jrn/MCx+K834v9IWKYyZKXBO1wvDTp221RMO7+W0/HvCD2oEFzmhzS5u4B1Hj0RsvlvAsRq+HMbixGhdaoYTmL7u7QHcOO5B7/AB5L6S4Yx2k4jwmOuojYH2ZIifaifzafwPMaoNjZSysIQLUFdkpCsIQIQVlqUhXEJSEFRCUhXEJCEFLglIVxalIQUFqUjRXkJSEFBCUjRXFqUhBeArGhQBcP6acYxDA/R/V1WEzOgqHzRQGZhs6Nriblp5HS1+9B3YCcBfNnB3GPFNHR0nEFRiFZiOHx1BpKqCWQuadA4Xvs4tJII5tK92r+L8DoMIo8Snrm+q1ovT5Gl75dNQGjW459EG/ATALzzFvSvg1G8Moaarr9Ac7QIm+Hta/JbThD0h4NxJUtpG9pRV7vdgqCP2n9DhoT3aFB2ICICITAIFNgCSQANSSbALwL0k8cT8QVj8PwyR7MIacgazQ1JH1j9noNraldz6V+Lqekw2pwLDpDLidQOzl7M6Qs+sHHkSNLDYHwXjtNTNh10LyNXfgByCBqbDH2aZsrnDUAHRvf3nv+Cz4Ke3sPGnIlZdA6O1nXP3eK1/EGN0lDAHukLWuF2ZNZJR9gcm/bOnQFBVXwsAeDlzMbmcScrWjq4nQD9aqrgrjOXA+KKaPBS+tfUyMp5IGjLHMC6wA53BNw7S3S115/i+NVuMTCFjS2nzXZTx3tc8zzc7vK7b0PTYLw9xTT4pjjXSBjSIspB9XkOnaFu5sL7bXvqg+sCLEjoULLkav0kcMU0rWCtlmaT/iQ073MA63sNPC66fDq6kxOjjq8PqIqmmk92SN1we7uPcdUFpCBCsIQIQVEIEK0hAhBSQgQrSEpCCohKWq6yUhBSQkIV5CQhBSQkIV5CQhBc0LjfTJh0uJ+jfF4aaJ0ssYZOGNFyQx4JsPC67QBOO5B4n6AYcNxLhLHcDrS10lRMHyRFwu6MsDQ5o+yRvyNl53jDaqjqqjCKiZxjoKiaNjToA/NZzwOV8rSu59JnDNXwXxDDxXw2Oyo+2Ej2sGlPIdwR/A7XTvI6Lg8SrnYrjVZiD2dm+qndMWXuG5je3fZAZHGqw5zmi0oaXttvcbj4LUQ1lrEPOhBBBsQeRW8obWkaAbh2nffv+K5c01Q+tlggifI5jiLNGgAPM8kH1F6JOM28T4Q2jrZc2M0rbSX0M7NhIOp5O79ea1/pD4/NM9+E8OSZ6sksmqmEER9WsP8Q5u2HK5XivD9PUUcjJYJn+uahpieRl0sQHDuOp2HeVvqamEDTYhzjuQLadAOQ/RQU09OIi4uOeR+r3dT5ppskbS+RwawW1WTIY4o80ps37/DquNx/HJZqr1PD8zqlxyAM1ycrC27u/ly6oMjGMd7N4pqNhlqXGwj3DTyzDmfs7DnflssK4Np6mB9dj1XNLXON3Wfz5Ac3O2Fh12G6r4ewBmDU7aqsHaV0l2tAFyCQfZb1Pf+C6ejPqzXVeIytY9oaY4m+6z2vMF2p1G2ulroOCj+jMMbLBhglku4h08zMpNtxl3Fjp+CWGKTFc5pcNfXEblkOcf3f7rscTlwXEMSZVVmExzZHC8zyY3ytOoLmjR3Le+67LCZKWooo5orR5SYXC2Vze4gaD8m+aDxbD6aupTN6s18bWvA9TqG6HqOoK7v0YcYyYPxVCJZTFQVj+yrYn+7FyEh5DKba8x8sbjicDiF7GhgfFG1khFrvOpu625sQtBT1LG0sV/Zze1pYZr/APPyQfXjXNexr2Oa5jhdrmkEEdx5okL5VwnibGcIi9Vw3Eqqkhle0ujjdlBLdbi+1+dt9jdej8PemA0tK+DiOmlqqkWMUtMxrS9tjfMCbXGm290HsRCUhc1w7x9w7j2ZtNXCnqGjM6CrHZPA7r6HyK2WHcSYNide6iocQhmqgCRGLguA3LbgZvJBsiEpCuISkIKSEpCuISkIKiEhCuISkIKS1IQryEpCAhMFAEwCDn/SFSir4D4hgcWjPQy2LtgQLj5gL5fDcrgNWluluhX1Nx00ngzGg3f1V34XXyzUPPbuz8ydRz/IoMtpc4B8MnZSaAnLcHp5pez7cP8AWJXvJNyWkgE94CrZK9rbBocL620snbPA6QgjK4XGuiBpsVfSlkVJSRPDQ2O+dzLgbbHZVN4grWkWogeelU87LLZTRSMzMyu0FtiArcjgTkyAXGm2nMINFU1uK4iTHBAIAQAXhznHp7xW44UoKPC6tklQS6Yg2IFze3Lu7+9POagXayLNqfaOoAH6KqYWRnM72zmBc47ub0Nxr/ug6t9XFSMFRK5r53Nu1rDcMufdbfy1/R0lTO6okM0ty1r9QNRkdz8dPmNlgxytabn3dWG2hc0/Hr9yuu27Q+QNfYxOu36vI3Hh93VBm4fRCplfE+cRysYWWBzZrajf5eC33CdSaGtkoar9m2oHYlty3LIPcdrprt+S02Al7qtkjnOa1rS15OouNu/n15HwWxxiLtaXNHoWjUN+tb9feg0WLYXjU/EdQ51Eahk09i9j7tDSbBrti02028LrsqLBKCnnc+jp2ROkBaywzWcL6NDthbx3FrrRwcQVRZaZsM4cy+aRhBbYnp0sd+7ZCp4gxCZkmR3ZtuJrMsSdgbuOo/G3mg6bHMTw/DaNrsVYxzJh2jIC3NmIFnDnp3g8t+S81rMVpm1Us1NEKane4ZGPeX5d9L+ey3stVDVt7DGIfpCiYc4ZK8tcwO2MbveadfmtjgdBw3hcvbwutM12hqQ58jARs3Q5et0HOw4HjdfGySKima0kdm6UiMjpYHUfBdJBQV1MaRs9M6fEMvaOngd/huBsADvfY3C2FRxLSwtDYYHym3ZOLjkY7pd252WkruI8Qq7NbL2LXDNkhba5HhrsOaDusM46xrBiG45LT1kVtI5HZZgOuZo18wujw70pcOVcgZUvqKBx0zTx3Zf+pt7eYC8KcC/MQMxH7TU5ut9dh8EXsDHW1y73JIuO6+9u4IPqajq6aupxPQ1MFTCf3kMge34hXEL5Vo6mqwyp9Yw6plo6gaZ4H5Cf9j5r0Dh70s4lS5Y8dpW10I0M8QEUotvce663PZB7OQgQtFhHGfD2LAerYnBHKf3VQeyePJ2h8iV0FrtDhq06gjYoKiEhCuISkIFATALBGJR/wlV1ONUtJTS1FQ4RwxNL3vds0DcoBxawv4UxkAE/9pJt/SvlCrP7Y36rvuMeNJeIMVqYnVc8OH7U4jcWhreRtsSed79F59V0dS2c9jIyqBOlvZdugshdYbAk9fzHNZkUEU7CJWi+pDXDuvYO676LVMkkYD2kMjSO6/3K+KuGTK11sxsL3H6sgasp30JD6WV2QgHQ7I0mJyPe1r2hzibEg2sNr9Of/CGI1LXU7G3c6+3z0CxWN7GI3P7R2r7HYfw+SDoRLG/2YzYH+JtiSO9O0NIBcwEbgEBw7+9c22ocw5g7KL2HK/f0WXFXPbpfbU62N+Y6ckG9EML/AKo0Gpb0/X65qyKhpxuLtJ1GYi/zK1sVc32SQCBbUt5HncLYR1DbNJc7XQk+0AOWqDZwMZHo1jW/VOlrfBWzvBgkLr2ynfXYfrn8Vr4aqM2s+99Mrb3JHd1WLXV5lYWRWaCO0Ltr2Oo6Dmgx4z2Yzxm1g2Qa7tNgR8j80bNY4XDXNiI3GpY7qR4nXvUbZrPaJcI35gCL2Y7dGMNy5XuBu50LiDyOoJ87/qyB2Gzgx7S7I4xOdcOAB2/X3KNBIawuDSWljhmLdRte/kka98rbXt2rSCS3QOb8eWiL5mva7JoZAJAQ64BF77+fy8EBaDLZwJu9oLTlBdmG9ra7fenOVzXuDmge/qdL8wSdTz26Kp7tXdm27j+0bpy5jT9eym7XKc8Zazs/bYQ4jK22oA16/egd9mhmTNk99gPQ6Gw108e9VueCQdZLaj2ruynqeXLSyEebM0xWAaczb2JLTuCRr8O/ZWMpYyWukILm3Db6AA8rIKHWsMpc4WAIaCNPvVgp53tucsZNrm4vfqs1skUA0ykdDzv03ssWeuaDYHKNt/xQI6iY0ES2ff6rht5LLosYxLCRbDMSq6Vo1yxSkN/t2+S1UtaLWaVhTVoudefgg9Cw70tY/hzwK51PiMQ3EzAx9v6m2+YK9j4O4moOK8IbX4cXNscksL7ZondD1HQjQ/JfKVPIHPqah7WvZTx3AcLjOTZv4m3cug9E2OT4b6QMNnlme6Opf6rNmO7X6D4OynyQfQIFzovPfS3jYp6ePBowXGVonqADYmO9gB5i58AvQWPPKy8P9J7ZDx1WvljLixsZj1tmZkbt53Qc60xRVEbXNcLEkNlN7joLclksifAW1Qyw0pdYOc4OAP3rXtgbUGJssojLSLE6Bb59a7CYW0dU+VsJaSyRgDmuB5gEWKDHaaCQtLJ4JrfVuY3fO4+azIxw65zW1hqYOtowQfMHVYDcPo5XesYW19adSWgNjse/cp4K3GA/sXYczKXZOzLWusRytuEGfNgvClQA6DEZWvGoLbHX9clhScOYWAeyxibuaYAfndDGcMr60CR0tFTyZdGBrWW8bDRaJmFVsTwanEImRczEe0dbuAA+9Bt38MteL0uLUrnHbtGOZb5WWO/hnFojZtOJWDUugkD79P1ZYsLpyHGmjq5o2byBt/jbZbSgmxCU3jqI4SBoZpciDSyw1VG7/uqaancTaz4yyw57iyyIZ2kmzx/De+U9xv8A7rozjeKUg7OeaGqi2JDi4fMC6xXzUU7i6ppGBx3LABdBr+1fI2ztHHa45jv708b7gvF8rfbaNxYn2mrPdh2FTNvTVj6Z5IOVw0/EJZcFlhAeyqpZsxuBe2h5XCDFDtmkghvsXOhcDsb92b/lQFxaC83LmFjgQD7Q2/V1mU+C1tQC2AMd7GUm5tpqCs0cJ4uX5RFDnIBDbkEEeAQajMXDM3RxAkaOjxuPgSUBJYktGXTtmjQ3B3HeO7uW+PCGNMaS9kDLPD2sc4nU7/V6fJYR4bxRjgCaRuQlwJkdaxO1g3wQat8gYC5o0Yc8dxa7Sdr9NvmlEobILOcRG7OCHHY6ZfHl8d1s2cL17rEV+GRutZjjI/S/L3Up4Mr2t9vFcMjb1JeSfkgwO3bG0BuWw5Wt9yqfXEC19NtdRZbQ8K00f/rOJKZndFA533qfRHC0GUz4zX1B5tihA/FBopq0lts3ULBlrQL+0B5ropm8KRE9hQYjVH/3ZwwfIFYsuIUTCTRYHh0HR8jTK4f3G3yQaAVD53FtOx8zv4Y2l33KPpKx8gD4uyFrkyODQPFb2aqxKopwHzmClI0FxCx3gBa/wK1cctPC/tBJ207PaGRhLYz1tu49L2HcgbEWCjp2UEb8783aSuGl3Ws0eQvp3lZnCmH1FTj+GRU9hO6pjy67EODj8ACfJZ3D3CmOY2O1oqF7WPNzPO7swLnUlx+5tyvYODOC6Pht/rU03reIFnZiUjKyJp3DG8r8ydSg7JlJIOi470i8Cz8QCmrMO7JuIxERnMcoey+mv2SSe8E9y7uaWaniMkj4C0bhrXuPwC08/GFFTOLZS0EfYePvCD56qWupXVOG11HE6oheQcwtJERoRpqRpfS6ajxF8NGaaWTtqfYNLg4s7tRt3f7r1rjLFuH+KMOdS1LpIJQ8SNnhhGe4BABJ94anS68lxXCKiCT9g6nrohf2y4seQO46g91yEFtHLh8XaTCqLKm2gZDlDuocNrFK3HjTVAmhoaYSN914B07xqtM5zYCRO0M6Bz7/AIKuCdkhfkNmNNj7cYBPg4oM6srJMRqnS1RfG6Q3c4tNvFbfDMFwlt31WNdm46skY73fFh38iuedj8TmilLpH5dQwZR8wFjVNZTtabOId0Egv8wg6ObE4o5y9tJQVUjD7MzoAM3eRoPksaaomq39rPEWg82NyjyWjp62nmiLwZGtAvd0gF/DRWwcQh4FPabID9dwAHmAg35pKfsGyw1rHSc4nssfjskldTua20DY5Ru5jjY+V7LS+vwFzmyOLXtcd5D7Q63sjDiML3S2NmRkXJmb7Q6gEa+CDZktLjZod4pmNN9CWeRK1cuKU7Z2Nime4G2VzQCCfzWdBWwuLGyslbm0zONgXAbIM2LtA7SR1uoNlsaeSKMtM81S0/YkLVoKStjnDwx0oN7B0gyhpv7t7Wusulx4tp3OhMTmsuHtkhY83HiDZBvxPWTSAYZV1LhsBJUm4+JClbDjkEfa1lSWs6icH8VztTxAyOFk09H2UcnuSGBjAfA5Vg/T8MgGUzOBO+ezRr3NQbKWplLj+0kJvf3ysaSRx9+R1t/acsSoxSjY12az3a+8533FywHYyC49l6nG3kRBcn5INlmjcbM9s/YGb7kXxvaLyMEQ6zPDPkTf5LWnFnVLWtlq5oW39oRsLtPiAuhwmu4Lhp4mYnhuMYlK0HOXVDYWOdffK3Xaw97kg1E89LFH2jqjtG7ERMtr0zO/JbLCuHsfxdjZcFwWrma62WWRhyj/AMnWaPJdzgfH/BuDlrsN4SjhkG0jrSP/ALnXK6IemjDXjXDan+8FBzWF+hjE6t/a8RYrBGTqWwB0zvC5sPvXf4H6OuHsGY3saQ1MjTftKizte5tso+C1TfTDhTh7VDUjzCsb6XMEPvU9S3yCDtJKNthq/wAFQ+h6F4XNw+k/BJ9GwVh/pjuttRcVUleQKahxV1+lKSEHYCNnIKGnad9fFYorqb+cz4q0V8A2mZ8UDGigdvFGT3sCU4bTO3ghP+m38kzcQp+czL+KYV9P/MZ8UFX0TSc6aC3+W38kwwah39Vpr/5LPyVorqfnIz4o/SFP/Nj+KBG4RRA6U1P5RN/JOMLpP5EP/wAbfyTtxCmOnbM+KYV9N/NZ8UCjDaa1uxit/lt/JOMPpuUMQ8I2/kh6/TDeZvxU+kab+c1Apwihd71LA7xib+Sqdw/hT79phtG7xp2fksj6SpR+9HzU+lKU/vPkUGC/hTAZNH4NQOtyNMz8lRNwNwvOB22A4c6x0vA1bU4nS/zT/aUv0pTD67v7Sg0Mvo24PmPt4BR9bAEfcViP9E/BDnlxwGnDu57x+K6g4tTDm/yal+lqfpIf/FByk3oj4ImAEmD3A2HrEth/9kn/AEg4FAsMEZb/ADZP/wBLrDi8PKOU/BKcYj+rC/4hByw9EPA42wGPzkf+advom4IbtgMH97z+K6Q4yL/4LvNyQ4yeUI83INIz0X8GM2wCl88x/FXM9HfCDPdwGh0+wfzWxOMyn3YmeZJSOxeovcNj8LIMdvA3DLPcwOgH+kFa3hLAWH2cGoB/oN/JB2LVR/lgf0qp+KVh2kaPBoQZbeHcHj9zC6If6DPyV0eEUEerKGlafswtH4LTyV9Wf37h4WCofV1Lt6iX+4oOnbBBGPYjjZ4NAQe+MDV7fiuTe+R3vSPPi4ql7QTqL+KBx5p2gc1AB1TBo6oCAOoTgDqgG+CYW6XQQNHimDW9FLt5DVHP9lARboiL9Ahn7giHdyA+SIICXN3I5j0CBrhHwSZieQRF0BJdfZC7uQUtzUy3QSx6o+aGXvUyC+6AG43Km+xRyhGwCBdgg42TWuhlQJdHNooWWQIN9EALrpSOaOUoZCgUjXVK4C+id7Ck7O2xKCpzUjgFa5h71W9iC8MTZUGjvTAIIAmAQTC6BgQEQQoNQmDboF9lEW5JsgRDEC3CmnRNlRyIFFimAUDVYBbkgrylQNKtATAaoKchUDeqygz2e9KW7oMYtSkBXFuqrIsUADQjlQsiRogXL3qZVCDyUDSgXLrugW96fIoWIKiDbdKQVblUI02QUFhPNVujKyrJHIP/2Q==','3'),(42,1,2,'boys shoes',66,'data:image/jpeg;base64,/9j/4AAQSkZJRgABAQAAAQABAAD/2wCEAAUFBQUFBQYGBgYICQgJCAwLCgoLDBINDg0ODRIbERQRERQRGxgdGBYYHRgrIh4eIisyKigqMjw2NjxMSExkZIYBBQUFBQUFBgYGBggJCAkIDAsKCgsMEg0ODQ4NEhsRFBERFBEbGB0YFhgdGCsiHh4iKzIqKCoyPDY2PExITGRkhv/CABEIAVAA4AMBIgACEQEDEQH/xAA1AAEAAQUBAQEAAAAAAAAAAAAABwMEBQYIAgEJAQEAAwEBAQAAAAAAAAAAAAAAAQIDBAUG/9oADAMBAAIQAxAAAADrsAAAAAAAAAAAAAAAAAAAAAAAAAAAAAAAAAAAAAAAAAAAAAAAAAAAAAAAAAAAAAAAAAAAAAAAAAAAAAAAAAAAAAAAAAAAAAAAAAAAAAAAAAAAAAAAAAAAAAAAAAAAAAAAAAAAAAAAAAAAAAAAAAAAAAAAAAAAAAAAAAAAAAAAAAAAAA0hO7uUaNNetEKzVbMJqAAAAALcr/eKY8y6v0ZcKbdfn69cu4FPYGkcWxZZP0R4iTubr2CrY/eD2aciRve9PB2NsHDPYnZ5exC+YAAACPpBhbPfm/JYPP8AlfQaRp0r1NMOf/vQfjbCIdh3Chh1eHn7zd1bIY2taNwwXnYNMLHoaALzfj7G9c3711cErNPzu3Jk3z7agACB54hfHq5p2XC3nm+5YvTPW19e/tNrX1cfIn5V8+KzV9W3q9bnyyulGewO5WzvbPZrNGlZW8tr0ymUw9OaSpJfHEj9PD0EOzykfSDqdNORaSl5P0dvZV8ZW9/UoXmetKr5sE1bWtWKF48Vtd3mFq2jK7ToXzTGQvWhZO9d0zGmWc03nQKNlCjkMdSie8byG5k9f5tr+wUpjh/UP0F1zzvT4Vodj4TPflW/6AwVNIjqbdrcafLzC22e2exllerWtrlvsziri5pJ+1aHhF3XxdrOew2lGTbYxNKk85rp4M7mLK97/MUK/wAtEa5nI6nnfbqsbeKzJ32Oa8N++6NerZ7DxVk4nKaRI+Ux3gPG9L+878qeetqqeU8z0n5tELbxuHi+NPB53Z9+eKNt3b3pHj2WrcPQ861s8NEwudcOT5noS1U6D8QNspOGMjXCk64bVtdJNo867wSXjrfRiaMny5cnTXnnmSTP7DAImLO869GHl6AAEdXuvY8rb/FPgm/5HWmk42UTbae8lqdiSfgNAuSRK8a7sX/zDYEkDLRXjiaHL0hk3/QA/8QASRAAAQMCAwUFAwUNBgcBAAAAAQIDBAARBRIhBhMxQVEUIjJhcUKBkSNSYrHREBUgMFNygpKTocHh8AcWJDM0QxclQIOQovGy/9oACAEBAAE/Af8Axj4ntDhmFgh54KXybRqqsS22xhKS4xF3DQ5kZj76g7Y4+Al1+NnaOuoCbj6POsK2vROldmfZS3fwqSdPff8A6fE9osKwlJ374Kx7CNTWM7cYhPu3HO4aPTifU0iS/e6MynlKypVxOvSoOaPGS0shTvtqPeSjXh5qp1SDzvfQqVqVGt7Gjr3y13WOFuVYXtjKViTKX3SppwapUOFuYtTWK4a/I7O1LbW5xsk34+n4151LLTjq/ChJUfdWLYpPxYKUHciwrupvYW+bTe0ePQDut+6jL7JJHGmdv8ba8Swv85INM/2kyP8AdjMH9ZNf8SGrf6VHuUo0/wD2kST/AJLCB7vtqftnjM0FPaVJSeQ0+qnJDrqrqUSepqLEelqIRwHiWdEp9TUSOzEQd1e58TntKv8AN+aKz8tAOVLQh9IBvocwI601ASpy5ufM0tMFCgtSwA3qCOtYc8E4ihxlpSO4VXPOxrCp4xPD2JgSE7wagG9iDb8ZtPJ7NhLtuLhCPjTR79xzrctSWRvkBaPZvrlHlbUU/gbS79mfKT81zUfrD7KfwnEmRfs6lJ+c33x/60SpJsdKTmUbDU9BrSMMnr7xjqQnqvuD/wBqZwppGry94eidE+8/ZWiQkC1hwSBZIrPrqaCr8fhSDlN0/q9aYeSrha4401hiEq8S1a6ZtbUt1DMgNj8nlHvrBMbhGO3FKEMloZbJ8NJUlQukgjqPxe2a/wDDRm+qlGgNFkEg25edNvCykixyd05eVuopPAqB1KjzrOpOo49f/lGS+eLqz6m9b938or3G1d297a9Txo+dWv8AbQSatQuKQskgg2UOBvTL4Pi/fSoSHJXabm9rWvppzqOfl3cp0GlrdKjYhIjkZFkU3tK22UJk2GbQEc7U1jcNwgG6bmwvzpuZFdF0PJtw42q4P4e2Wqow+gr661sr+uFJ7yC4hCEXUm6le2PKigA5CLFH1cqy+dWN/wCudZT5UU/SoJF6Cay1Yc6DazwbV79K3T3GyPeoVZ0Zj3bX5mmu2DgyVD6OtQQhY0J9pXC3E/yos9KWyFpKFpBSeINbtca3FTV+eqkel6RIeStRJugd4aG4vXbXuIUT5XqPjUxpH+cVHkSLfuqJtE0sBL6Te9iUj99ulJUlQBBBB5/gbXN5hHV5KFWyq0ooZcaLT6SUeJNuOlPKs4k3AzAFCeCuHA3pKrjlXOuFGgK4evSlKCT3jx4JFB9QzBGUG2n86LqzlC7FWnxpCVFZcSHTdPDlpSS2rRxhzpmAvx9aD8NK0kb1Kj5ZeFQEo76h5J+H86uilusp1UQAeptS7ScqUEAKOhOl7dOtKTEdU7qVGMsaaoy3/wD1SGQ0xvHQRdV7Wva504VIS02b3JUEqOQHVVvKpBSmtmsaUqR2dxfdVoB0P4G0bO8ghY9hf106iyjWlrH+rU6sEpUtGZxNgFAdedBeXif/AJQVV70FVmpT4QQm/eP8K8ZAyg2II5286zEiydffpSUr/KZfzRatwyfFdXqTSY8a2qBS4sfITco8wrpTMlYSltpsD6Sza9qRIzqGaVdF7LKCE5SKZfaQXHOzKQWlkAXB3o9TTcx2z6EOuvFajkIAG7vyvTTaiUuSlhShwHJP86kzktOZwVm+VOUHQedv40Za20LLz4cIXoq1soPKnFuqAzKuefKsMK0SUrHI0w+3IaS4hQUD06j7uOSGo2FyXHUkjLaw6mlzYz6jkV7jRpf1UUoK1OJQSvJ7vSk8bHnrVhRApxQQANe8rLprxrJlJuRb7KDfUeg+2stFVq3p14AdTW/6G30jQfQFZgQfM6m5pMh8pTvFJU5fiBSEixFkpBVmIA4mk7oHUXPnQxANiyRS5rq+dFd+JolAvlA1NzVr0ZqY/ca1X15JrYze9gez31WCPePu4nDE+G4wba66+VYjsvJiLOS6R0IuNa3M9jin4G9GS6kHO2oeVqVKTqFcFfxpEhFkoT7PD3UJjR1vReBBULEgaJpKwlCSLJ4kp9abGfvq9QP40fuL75NuCeNOKsCQL5eQohXNNxzvQFuXDkOVBfSt4a3poKV0q6615mlyWW+dz0Fb2TMVlbSQnyrBNlXX1Bx0aXvc8KhRmojAabHdH7/ur8Jo2ULEXp/CMOf8TA/R0+qnNlcNXwLg+FL2Mhq8L6vem9ObDpPhfbPqmndhnvZ3J99qd2MxBOm4ct9FV6d2YnoFil1PkU0cLxRonKoK8qP3yYHysdZ9Beu2BVk8Cfj8KSpAQcik5h4b8r1muR3he2vTWu4OJ161mbolrrWdkcxXaI450ZqPZSTXannNEJ+Gv201huIybFV0jzrD9jnXbKWnTqdBUHAIUSxKc6h8KensNENNWUry4CmFZmwT91zwKoYyhhwtSUlJHMc6axSDIVlQ+gq6HSkvNr8CwfQ3rOKzedXrNQVShEeOVW6Ub2sbE3p3BoLnsFH5ptUnZht6/ebX5OIp3Y/LmyR+PHduWv7jTmyLuUDdyhb0NK2VfvfNI/Z0dmHxfvvfsjQ2WfPd+V/ZmkbISFa5Hf1LU1sa9+Sc/WCaZ2NSPEhoepzVH2biM+JfuQMtbrD8PTvCG27e0rjT2Os+GI2p5XpYUWsYxEjefJo+aNKh4Q2xYqNzSRlH3TUnD48jxoBpzZ2MvqK/uuhJzIdUk+WlDZ2Q2LNzHk+hNDCcUTwxJ766EDGBf/mJ1+gKEbGgLdtb97VAYqm91xz+ioVM2XfmTXJi3wFqVfu3FrVHwbFoiQlic4EhV7ZiRTX94Whqth3X2hY/upEvFge/BbI+i79tGdJ5wHrdQUH+NduWD/ppOn0K7fxuzI/Zmu2i/wDlSD/2zXalm1osj9W1b2UQcsNX6SkisuJL4JYR6kq+yjh8ty+8mrAPJtIT+/jTWA4e2cxbK1dVkqpuO02LIQB6CgkfgWFWFWFYrisDBYvapq8jedKdBfU0MqgCNQdQR51YdKm4nGgpmKdaetGjb9RCNCnoknS/lTSm3mm3EpNlpCh+lTE2PImzYSELzxQ3nJGh3ouLWpmbGfny4KUK3kdDalkjQ729rfCt2j5tNOsvPyWQ24CypIJKSAbi+hPGt2j5tMSociTNjIvvIqkh24+cnOP3VAlRMThMTIwJadTdNxY0qbERiSMPKFbwxlP5vZypIT/GsJnsYvEEtqO620o/JlwAZ0/OGvCoOO4fiEhLLDUkpWVBt4sqDK8vGy6hvtzI6H223AFX0WgpV3TbgayjpVh0pRQ2lS1kBIFyTyArCsTg4zDTMhrKmypSdRY3T5VYdKVOYTiTWHFKt4thbwPs5UkJ/jVhVhVh+BjeH4ri2LNIZQ0mNFYVq+hSkOLfBQbBJHhTQjbQwsLgutR3HJ2GrdiZOT7JGVKx6aGsewjEmosKDGiPvLagnJKRnWrtBNzwUkJ9TesRjYnNTjChHfs/gLaEJI4unNdNvnVtDFxdbrBjYc/vWIkctPNhalXSe+NFBKfhrWM4dIkYri77WGzjIfRG7C83dCW1hGpUb6Wqdh+OKd2kVFCw+9BiIZcHdzqRfOEnrWyUSRG7aVIkttK3dmnWS0Eq1uU5lrPrWLQcVfTtMlpuQd7JhbjLfVIy58tYLh7mG4ljTKG3UwythTGZRUL5O/lKqRgL0rHMekOPz46FuM7rcOloOfJAH11p/DsUGzeCQVYY8VpjvAkBZU04fCLIUi3qeFRIc2ZJgOS4z9jgDjD5Xod5mFwfM1sph/3twCCwplTThbCnUkm+c8eNYSzMjYuw3h8PEosTO4ZLMixjpvw3OvG/SpWHzV7PYPGkYfOckb1zeON5itlveEnnqSOF6x6BiMmSwtDEwROwoTGDbSnFsODqAtFl+ZrFoWIffiK+iNJlOZI476CGhY95SVoWMh63FbTtT5WGGBCQc8twMqXybbPjUr6qaw/GoCsbjqabWiZAWtsxkFKEPIRu8tiTqoVAwjEoDv8AgkvNqewHvrWsqHa9LXzHjWzsBbWNxXxhs1jLhq25Lj9znfKk8yTf8ROxuRGxM4fGwx2UsRkvrKFoTZKjl9vjwqPjbE1mG9HZWoPSCysLIQppQvcKB5i3AUva5lDGNSt0yWYSy0izwzOrGnDkL8DTOIM9kivTHYzS3hoA8FJJPJKtL0qRHQ4lpbzaVkiySoAm/DTzpEmM48thD7RdR40BQKk+opqbCdXu2pLKl5c2VKwTbrpWH4rh+KJdVEeQ5u3FIVr0NvhUnaWNEjYy+80tJw97drRcXXm8BH516OOMqkR2WGy6XoK5dwQLIFrcfnE0cSjs4e1MkqbZztZglbieJF8t+B91RdpIDrGEl9SGXpzG9Qgnhp1/q9QMajzJM2MsttOszFx0IKxmcygG4HvrGcU+9Mdl0R1PLdkNsIQkhN1OcNTTeITMkftOGLYW5K3WQvNmwtfPodfQa0jaDCFtz3BKRaGVB7Xhl6deNvWm8VYk/e9cYB1qTm74WnuWTm1F7n0FNzYbzm6bksqctfIFgmw8qEyGZBjdpZ335POM2vlSJcRx5bCJDKnUeJsLSVj1A/EzY2MsbQLxCFCZfQuAhjvvbqxCyq/A9aZ2fnMjDVrW249991zpRTokZ0kd2n9mHVYNj8VEWPvpUxxxngBkJBTrWP7NyZM1D0WOHI5g9m3CFoaya30zpULHy1qNgRGOMTX2ULQzhjLLalkLUlxCjc687c6wLZufh+JRlSUFXZ1vESA6iy951RlzEnnc1hOzT8E7PuGOwlyOuUZSk2uoOg2151s7hj+FKxBlcNlCVSlrbeQR30LUVAWtplrEtnpMvaKLLQU9jWG1y0fOXHvu/rrBNnJ8CPiyJC0rUpkxYmv+wm+S/wAacwHEmkYUvsMeXusJERTLiwA0v8oLixr7wS2WtmHexsPuwmS0+hSgOKQLgka5DrTmzT61y5HZ2d+vHWpKHNM25SU8/jpW0mFOYvFix0oCkicw46CbfJpPeqVgSGxgzWHtBDUbEg+sFR0GU34+tM7PuoO0cUwowam7xTL+ntpsEFNr6EXqBhM5P92yuG0x2Jbu+SlYN7tZM+nzjWG7NSIZwZ7cMpeYnSXH1i2YoczW158qgsiPjWEwEphvPM4lIcckNOBbyhZV96m102vbWsGwbEIOMqcEZDUT5YnOtt03WdN2coUPME/g/wD/xAAqEAEAAgIBBAEDBAIDAAAAAAABABEhMUFRYXGBkaGxwRAgMPBA0ZDh8f/aAAgBAQABPxD/AIx9GA0memIUlGsBw3uBqLRd62iJeWMHELgCbH/AUC1A7zi/3MeuGz96wTtHZtcmV9vw00ere4itbEmwejtaIplWnY2t/BHBtod+y+nbNcRSXE4ojKJhGoMxSzOHq/5U4rwYLgS1n5i6HouGAw5ttjwZ8b0uuHWUYJXy9PwhAn5Y/fHPszljwQnPPrNeJR5vbR/tgteCDip05QDQv8jyxDSoYBgIppDWyUT6jMoBbUtYrGXdOrX26TCnUi2JLvTbrpL1ANIQdP8AIowo/sZLGsmMlIqm+p2tOtm8KS7BC6vSDfyJavXg+dtR8KzYlP1iEa2gt8EN5Ax/aRqx3u7u5fQhQZy6o5o693MsDIuMseiTyyfRjY3O1rDFLr7QZTghc01qWxTrQDejB9ZQ4uMbFi/QgJim+pwnJcBNGksf43AOEfQEQLJl+j8wdEmy6oa/1RjkmtWTp9IKUBcMPzlKnMc/lXFuji/9KotgD1F/JzGuXjvBaCH9YgMlurYc+Z0kAEKtD2cwktXDokDjDU5UUIrdRFDKyMrFqvE8OMOPcOdk2xbh0voRic+0rx5ltkNrwPTPMNBHw/vuBwkAiBWr3XVLaittO66c0XzAQVJRs0UEGHWDOY4AnPzp6hbbheac1z7iu6NcHNzLVbdiuoFh9oCsbiTSy6ouAWiy/wD1nEr/AOhLQIwuC3qX95gdbLx+NQAKwpdGKm+a4YiMEZWgWMVAaSthwvY85IE6hSqD4fWSCUsspUDh1vwyiN24O9BjEKv9qdxAbBYGx/YtFZmexiuBmBI45zbJMc24ICtxssODA22uoN01qZV0liO8BipY4l4F5aG3xBRQqkb7PfxNsecE4ovtzi5tJnQqYZprNXjGYvVMrknIxt8wRSMgBbXmlJXitRXmMNG6GTNW9ICn0nOa0uc7O8wIzgYCaMIB+ZoYwdKratKDNBXVjRVtz0K34YxmNM7hTwhVnnPEYUSDUUuluoet2Xr6wI5OwlcaedP7HKW5PBqeyQVTUscNUqxnJlkPYt456QEm1V6Hh1xuWJGqdRY6hldSuW2hM2haOhRCh2EEymstJ1hQV3bgG93tjLGhbQsvO5Y23aq42mVxb/uDAfYwTq7wnhSBDRlDbvMB4gjaDVtrbjcvx5z6sO/G9kYibViKBq08syxXPdWw57pbHZscj2DeeiKKzgYEMYbUW1ZPjiK4iKPeEnilV1sPI/ri4M2Oj4q4mUL2IjhhWk2rIKi0yovLV2TDJsUVu+sBgS/pGMOuw209TUCp1uur8TLaB7f76RoBo6dJRglrBlTUCCiAGob8F49wXahplMmHpXEarZF6B0FyWEC2omPI2a43KB1WVd5vxKlO3EfxQZUvPLUBsAq3q95nvRH6Tk+sY6OG3df1HIyg4L1SrbVSw9QxSDp5B6aYsIDSnfmBBNNINUjrwwaCoGzbWG/zALUBp7RlGbdSs1TBdVeTninMwksvA+r8HEUe7FQSYEFt9A5Yj8khlTGq65h6AS3g1pPdYgEogKMQNFSlaBe6KgEs1bE5FfeDJOqs8zY+wQtNGsjPuUiyUFB+6ykfy8rq/qqSBAg7EsfUDa67U/ThHF+ZfghDSXpRd2XfJl16tNMNqh0ED6sIDByqnzglsJwEE+8dxg3aE9SivH7Ox1QWoCWCLbvfXrNKgqTF9nreNQrsWmVzHmSU9SciXNu9pREZ01j5ipy9FLPxCZE8qj4jCdsp3w0gHJQnAtKrT6+xGCVj9SoG0YkGaCs9JlnFXKfFhcMUPsxmC6YFMR6ssGSA4pJUu09aK3c0b+rj4bINgXQF+S4qVPaXlGmR6UuQpQp1FfAVMZS+GiAZO9OWJCXufmIBb8rA9bHV18BGRR7EfOWCIzZ7+Tm/Ec2e1Yh9pb6JQA64jym33EFD5dQQAoP1FlQVuuqTRepv7zy72T6VEARbraqpodQhdbFczAny2teMTIjTsLfhj1F4LB7tuHy4a2QBTdytSq7juN2RUcabxHJrFRecNTXg7gVBWxZO9RfXUqxa/FMqOj6LfiXALhd4SbqX1NPNswSo4pX4Wo1q/lf+gYmcZ1EO2XtcyAi7pftg4GcAQGiBX69qdqdqWEIFVvRDoFsLGAMgJo3O8+ItSl3v6JYwAQWJkAJcLiZIzd9X5sIGYLCo5F2vOXcPiNFM+9XUIbTTO0glsGUBKh5yl0TW6FpkhIh6hR4Ld3cPJnZHCYqXFxaRZgvlFOpREeGVjvOax1J/WT+4j0FLUAtX1LXThiakVknceyCR13KLBbu7xnanana/Y7vNMUDVYNn5BStPyOTeX0Oo9vXdcMPuLGw6KWG0V4yK9Oi2dEB9niyRZ0odS61UL2HTegK9eLwyI+0JymQmTO1SulXMTu+hISa4Qo1ZuWQpPfIH5KlvmobKY7EVYCqwmWPoqSFSsj4xXRKBq0ASmJKKzO8b6et0eY1N9xPeQpMKb/W/aXFEVdlfZ5VCCRDfYyV2tqMVO5pwFM+/gvP2T9FCLXB1ief2/atGAATwhg7bqpVEZGrMKmXK26KlU22KOsGw1jh2mz2ROHWBmuCupS6AgUWvV7Jh0wcZtKI9CRN/FCnyuN0BlQhiw1ctnFxV3U1DRRVerC0qDzBT7qemiCpoFHpDcswq3eagWVkjXu8LpFTdiwEwxfGuH9U7HDYkO3MzXKWjdCVcHCjDh/bcNkWLHvrPZADQfwN+d12+RalQeaO1x8LA/KdM4vhVNEsqeI87adpaEI765eAjkk/uO8r6jc4zfgk1MSgubhzO7RkNENxdCW5+iyyi+q0bD4Vl0YeyktWB0w1t1xEtgAiHZUG0qJ8YZtfx6sUi9rKsKharcr/W/aVYuE3DL0rsEVLYL59/g80L2hYOVjKtghKgpmlR30Z65/bX/8QALREAAgEDAQQJBQEAAAAAAAAAAAIBAxESBBAhIjITFCAxQUJRYnIwQFJhY3D/2gAIAQIBAT8A/wAtvY6RSJy5foU6y1O4uX2Va1Olu8xL5teSnUx3QI+Xaqzam5HqouqqpuY697B9XUbcp8i5Di1mTGwmoptzEOrcvYr76ZAxcvsjZBYiGIaovcUdTdsH2VIurk8LHMShCEwXsRJBmsGRLXFjiyEm63HjJbD6dvkdBUXyE0m/oY+pKsRu5jhJNxH6OYp0Gnm4RIxW0bJQwYwYwYmird6E6VfAnS+46r7yNK35C6VfEimqlvvv/8QALhEAAQMDAgQDCAMAAAAAAAAAAgABAwQREiIxEBMyUiAhMwUUFSMwQEFCYnCi/9oACAEDAQE/AP6tZiLZciTZOJD1fQlpSi61h/JYKwqnpppi8tIpouXHYFPBkJmZalJHh4qcM5wZH2kjoIpfMdK+GFl6yj9nwhqLUscdIp2RxiW6OlGXLNS0EwdOpPFIHUHgpPXBGge6xWPB34Gr4p3FOEJbgqqhERzj4QvhIDodQptKY08gsrq1907CnZcsnXLsmayOT5eKMMCsgfErsgrsepNWxl+/+U1XH3xppxLZDIKzv0rIkxCyc05j+Ucwipqsf11J3IiyfhdXFXFZMmmINjQ1cn5TVpdq99LsT1pdqKqkTmRbq/33/9k=','7'),(43,1,2,'boys shoes',20,'data:image/jpeg;base64,/9j/4AAQSkZJRgABAQAAAQABAAD/2wCEAAUFBQUFBQYGBgYICQgJCAwLCgoLDBINDg0ODRIbERQRERQRGxgdGBYYHRgrIh4eIisyKigqMjw2NjxMSExkZIYBBQUFBQUFBgYGBggJCAkIDAsKCgsMEg0ODQ4NEhsRFBERFBEbGB0YFhgdGCsiHh4iKzIqKCoyPDY2PExITGRkhv/CABEIAVAA4AMBIgACEQEDEQH/xAA2AAEAAgMBAQEBAAAAAAAAAAAABgcEBQgDAgEJAQEAAwEBAQEAAAAAAAAAAAAAAwQFAgYBB//aAAwDAQACEAMQAAAA67AAAAAAAAAAI+53kd5xwI9XqKQ8aSrrjqFhZvWaDoAAAAAAAACCUB03yzoeQ8JfG9vFo6Tw9PaHuZXXzp05JDtBW9CAAAAAAAAAp24o5xHznrbDi/zb1m/jVv8A2rt7Jjkj+5wdSAAAAAAAAAPD3EfqC/3fyl7M3h8/P046AAAAAAAAAAAAAAAAAAAAAAAAAAAAAAAAAAAAAAAAAAAAAAAAPjRdcSBj5HPYAAAAAAAAAACs8nii9m7L00fjfzdnclbaKKf+gG14P6spX7EFS8AAAAAAAAiMu55sVajxvps+f2GhkEjisVhHelMLjqiLt0G6h6vab802fDfsdj5FK+AAAAAYXNU9fpHXcbR2er/QznqhLalgrfA8f3Ry9vOIRsY57Q2Fc5Mcmyw9hpZ4cxhZPK65NT+/8/6O41aT7r7mjiQABrvXmaxUjlW5cg1cTSzWK6Z3cFLJHx2h8yzPsWT4yqt/O6u330D3XrcKcaqM2h87jiTanA9HsPLWSfQqYk2hufRv3jJef7t6r7MVbYFL8+2/TO95jO2mh+vv3812y9eesfCsCQd8RjM/PmKSKR6f7LN06eytzr9GhmS2E5sFve5uFqvI+p3frZda7la6ZNXufzU00jr6b6+JdoydoClObezeT9nzuh9fKU2q2pkmd4usr1wPZ9ytftsqPqPbfWafz/qbUjUNvepe5yxunKU9H5XVyWJ5d3Os+R03uIpNfIfjHdfVoVvb1S7YIy9cDDpS94VzHSVadJcvVKll4uZh+wx8T92ljeS0ofsI/wDdmbQekt99qhDsC4o1na8in1JbGapg1f13G/v2gsaexW9Qy9p8yj599bk0c2x9kI5gHx9itq46NruevU2BItdrYsg9683v5T7bzyZ3FdqOuLs02r1oLQ0eTpMu1CI3vNd6/wAvIOg+abQkjs+Mzdl7NdyGRnP5+nPQAAD5+hCaF6ur+xVpjLfGll/Gt2v5H90P7KfyvZiUsxMGxHY0D+NfZqZNvV/cdS9MBl6oAAAAADx9hVVK9b1jdo0Pv9zG9PK9/mr5w+Z1R3F6cdR+ffMnrXP239dI87TDjsAAAAAAB8fYhkEu7ykh51x+h8aaKg91c2bHJX822P7DOAAAAAAAAAAAAAAAAAAAAAAAAAAAAAAAAB//xAAxEAACAgEDAgUCBQMFAAAAAAACAwEEBQAREhMhBhQiMUAVICMkMDJBQlFhEBYzYHD/2gAIAQEAAQgB+MRiA8jPM4oJ2leWxjZ2D/PyMlbirUcQ5DIkq0xUeezsx2+p5flIHjMi7mfTRZRaDqI+Lnsk/HIV0Dl9kjaZLFpCUoxYNUTGMX0jaGjBu4mtd63RGtb1i8jGSry2PiZOlGQpNRPr3kThqemYhWvWBXK0oMHMGIWEMiDkPMXmoTFOqunWWgPi5PCJdkoJbMXcx0tTLUsNqBZyeajbFTC5C/aAzwmLRWNj4+Na2TdoP1kcTTG5b51spj6s0uFf6efCtXwNboWjbXxnetzn4zFLcsltPF0SrzXjK4BkzLGYzw/IDMaLG484XBf+3EYhHI5y2LieMqcp0bq+Rn/EdfCr4xcyuYzTpnQeH/EjB5LJmcwzBl+H8duiRXdqXa15XVr/ABcznAx62Qq092Qeb27NEdo6lgJ3hHiLKJDpE9VG4fUVjGX8c0TThsyy8HGx8PMZGMfVItZdzjgElVqp92HVXo6gTvo8c2I5C1BD78gaPfCpPG1+J08sB7A74Xih8zaGNX4mbKykG6I+UxGq4e23lVj6jdiQdHdGKVUZ5gxMpmSlTO+q+ZWhH4ymg4IMP1X26tb/AJwy2MZPEI77TGbDm1+iLrBxmNKmYmJ1WeAxtAWF+y5cBb6eUubM/wCkH321c3ZUYEebh1Wq0EXey12P0rFhNVcsdnPGjyOa2Ojw74qyH4urmF8Q4yJN+K8UZDHFHAcsnLDOr0Eh/KFsF0ScAOo3ie8T6YlovlsxETsQ7QwuPbSDW4IJZ89hIGZzHOkZN6FZdQugMpFZwphFhVgOS/vtWVVEk1niHOue2Vwiy+tv0RyuSXO8UvGWVqzEFZV4d8Sjzi1Vv4O10LMuG+nchJ1V+8VrKnjHGb8DPEYYTJ3NbNTZFQTMt81KutGPUA0rRjj3ueLJYyDNLBXi5v11SUSiytqzrqcYFBhQvxaiQP7bDwrKJp53LtkTdqtTbZLeSogrtJoDTK/9hg1zuPm4soitcjHopnyCxjYJAWRm4u2HTfkllUaOy2do0Dp9hc4CFYjTu+eqMQ6u1N3lC0cIVBoZfV03dHF0b2VWTYS2xVtNS46WTqdVUKcYSB6qWYtIE/t8U2piOjGSnm1C9JPp+xz/ADpu86gdQjlGpomRwKwrClY+amSbMydlJJLku31bMBBiHHscQa5idVirAZS6lYp2G16VexJG5x0J6g0xAjwiVzYanG2boLYSMTVGo9T8hiyI5sjNmYi1ZGPDt6TyFypP2eK9xeydWC5WAnW/H2h3HUny0se+q1eTn07LTE9OY3nlOmzyiQFGK8/VhqbNWzTLi6PRHIBj+oekt0RuFi1IivWQt2Mays01RFiql8Vyv0LM2rH+7WNa0VM8SX2qHoiRzyI8IofqcOj7PFFaWg6YP1rEog9++ojQDpVfaOTJsduIf4mY37zMyz9hbJWRTWORq14XXameFHJ5Lw62oZMQxDAjmpRwzuKm/wASD942lFyN43noNjfV2jmCy4Mr2S9fGFx3jWCDZvP7csreAZqzU8tdcnQKjnIkqiM7TIApP7C5HPeO09uQhG5KQT+7TXtqwSoglkp0dNBruLTcmTnw7l1XklQs5PBQUy6vZx0xJSEQX9Y7/wBIsmNBb/iRfJd4YzqdgSHMoCMSHrmY+x64aogl+PVYsr62Vw6Okb69FxA3pzPeNTqWcO0L4RMMau1WEuJHwON4tY6X2QbD8fWacnH0+rO2rf5CU9LH591fiq7aoVsgsXKyeILuLpo2ajYEg6vtDMnTrHwYsweIsBYEU7BXVtsI0UdFUb/bkKxbw4BIT9pSQZTivtEdy3nVOmp7Tg0ggGlrL1VVwiE46sVetAkQ6TjX3+QD9CoY+owogYkIYmT/ABBWVW1Zxxcq9S7UyyiiLeF23lL6AhPr+i1t99VqSERxFS5LtFCjx2M/umOUbayOMgtzCa9cp4wS40UaxgkFeea2osONWjUpRhp1R2OUoBxIZX862yi/TpVa0mRKv1TUBUXNcIxlQMGFFepayTrJQQMOvZByaNtV+uLRZWUyNpbhUl+36L31Xxyk95iNv0JHlHfJ4kLHrhgMiJ6kjB9tWDtkKUDTWxq6aKdCiuishG22bGRFerfroWRgWekd6qLLrDLDreRw3hzGWK9Svj7ZrXdQsbAvc10e+2vD+42zGP1ZjfV6jy9Q5OpZrn1qyGDdQtkrt3Ke4LO/lWxIwVV3lHrr+Hqt8a1hd/Im/DB1Tp3jyiZTGJCgcEpjXbjxB7B3niuNtYBUwwyn9aY3jWRpDIlqa8o3CecTsLZUUeoBPQsnVlVS/XmvaKjT8qtFesqKrDc1tqWaGCOdKRw2mcSvgufgGEHG036XGe+Ur5IZ/L4+zYco4f1y/mbQb7amx/Y7EzEyVnIZC82Qq4tVyV/m1iI9hqoIi1WV01x8FixYMxN7HkreYOrtMkFpDSAoWWBaU8irJbChFvlhMCGVVEIiBgFkWq1QimNqlMVxvPwpGCjvaxSmzJA/HWV6JJx79M/4iuwvdNBk+1bF+3JVYFR2+LIDOirrL3mknUU1RoVAPt/3z//EAD8QAAIBAgUABQkHAwEJAAAAAAECAAMREiExQVEEIjJhcRATQEKBkaGx0SAjUmJywfAwU+EzFGBwc4KSssLx/9oACAEBAAk/AfRmAHJNhOm0PY1/lOm0CeMYHpL/AHpQikBmS50y8ZTp1qlPJq1cmrnbOw0Eq1FHCIqj5Sp5y2q1KQaUjQq0gtQpSJw1UB6wwHulVHXlTf0ZetUfDjIuFhqVCO0xbn3fCZ2YEnlP4JYu6qwIzALa4o17KVJG/myD/wCMqlGpPcPfs4h/iLT8/V6PhqHDqQ+ekplCGwsDpccei6kXU8EaRvN6ipfQFL+MNxdVLkYb9wGwlWlhxWGI9piNBkYR94vPGXyMIGVh+ZrXwzN8K018BvBko9GBapXBODFhUWGEuffG6Oy0xiYvga21850ukHIVqYXCO1pa06Z0YgWBayBut8Zg+5KtYEKufW2vrrMWO5Qq2eAjUejta7tSY7WYXHxEdqlavVNRVpWGFTYkG5GbYZSqN/soqKuM64/xdT1YOkecZlK5hs1BF7YR+KdKQUAqU61N1GP7pMC9YG1t5fFUdqjHS9zlb2ejorodVIuDKAVC2Lq5EMNweZTeodukUB1z/wAxN/ESm9Ck3bLG9er3EjsDwznRaRFMWUW0A2/43sAOSbfOdNoX/WJUVxypv6TZ650Xi/MNWp3DQTo7N3LUQn3XlKvROxcFfjB5xefWHt3lQMN+R4jb0axcDM7CEnE1/fGIHAMqN75XZ6ZyKPaop9jQ0+jsdVUHCfZnadNp+8iKmL8aG6n2beidojKHrVOs/smZ+GUpj2QMPZeAMORBBhbuh+9qNiI4A0EPg319D7KuL/8ASLzdDn4HyW+UfDwHGWcUp+ZMwQIAc7Y0/wDYRgwGdNdjfczfX2+TsoNYciL+/wDrV6afqa06bQJ/VN5vciZsuY/ebz4QnjLP4Riv6DnkPwmIB+YXFs+J7PZv5Trp4xzQY4QysLFDxYzKoTa4HVNvl/TcKoikE5ZZufpKBz/HUVT850WuqjVh11+EqnDx6vullqHO18jfiZZ38LQW/EOPIP57IctgdZkuwG9v5rPgOP5+84v7IYevTdXTxWdGrE5YgaROG3+Z0qqKDqrKENijjcH9pWFSwsad+sLbxr8jcf0DkNuY33nwpjgd8OEnVhqfbK7Rw44bOAdB6YfXH+mx/MImHcH1XHKmG5/F9YbERAH/ALbZX/Sd5Ts3frD9Pb9J7e+0t7YrLSf1yM2v8oD52l1wbZMBqpmxyNtY1nK9U8GOaVRu2LB1a29o6DXzgthuTvvGwuNxLCqNuftHIfGNn2aa7An+Xh1OZO8Vie/ykiKXphrqAdCeJWrUiR2XAbIw4hixBSLXAiq9Pw+XEbEjC6NuQNm7/K2IlrsfCUwKaqMdS9rWlU0+j0UcmmtuuBGJ6MVxLiyZO6OrOm0rCmvqi2toBUqhcFNNcTHiE1K1JfOshQi6H+2187TJhnltNdGHf9k6L8W/xNArN78p4Qe6D6+QQEknITDUddF9UQ+/b+cS+HcSyqt7ZbmXHeJpsROj+cptqAbMh5X6SuyUxWxNiFi19Lzo9Sm6OUzbJu/advCKZ4xHiFsbLku15VNNV7XFzoB3zGemdIvg6pOAAd2hnRelU0p1iaT1WN3vrbgd0JNq7i8GSopXv+z+JflPwsv7zj5wXvv5fbeDrHfcz3/T6+TM/KXRraX1tuJTLLzbMSzI3umnG4mTbMNRKJdh65NlPfAtS+YysikfvFILoGwna8o1mp0y5VUIbrt61jtEUeacFSyMfPIdl4f4Toa0Xt1mqm9j+UCPicsSW5J1l8XmsJ+yMwoYeyaj9v8AHl0hwj4wBUEB8Nz4/Sfy0yX8X0nqi/ujHz1lUoDrfSWFRmw03uLHuvFup7S7GDQ5g5EQYX3UzIiAEd4vp5CBOkKOjdX1rWA1y8mgm+n2R+U+2Xwtmh+UbBnlcaHiVhbuETPkz56eM150t4cQ2H1gsmyc/q+nkcBmU2HMfrKFNxsROtjqGpdCdT8pUHn6WQvqw+sADbjZohB9ZdxaKSOdxDf5zKGaczfVuZ7TwINPs7wdi+LvtAbYfvKeuQ3XwhJ3HgfKLtxKi32zyErUweC0IMqYQLXHhFKk6lTa8TuuDa9vCdEY0j2jTFypgZ6Z0qesP1cxxnmrrBhJ0ddGjFqZ5zt4GNf4yquIa2W9vdGDKdDB7ZnyeZqftDMajmWtuD3zs42t4eW+BApKj1yeTxKFFb0xYhQMuJSTCTcqR1VHMYG5LAKcgDx5DhpaFxqeQOPGM9NRmXLlrftK+NTyLGDXfw2jdU9qmeyYAHHbpmafgbSI9M/CYfdPGwg9gg/oKDyvMVVcacwWP8y8gGGo2IAcHLP3StY6AjkTorVOk1XZXYE3UDS3dD/qhgF/A+oA7p5xUWkxBqfjEDKWRVRQLkcxiGIuMQ4lJFohUHZF1I162864oVgaltUt3cd8pqaF+2CP/sbCy5zX1hwYJlGmv9IWcaEQdde1+YcztbHmWVaTEnlvymUlWkMRrErvfW/MLWLs+b4jc98IwUOv4ltJ/ab4QDqsGAMq1PNlrqpI6txay20ldTU6xCl8bYzu0rOOkkYyWyxX2ihC3qrz7Ic9+6aGlmPA/wBfURyOUOam206rld+7YwAj+2+VieLQ0ad9xdiI588yk4ic2YzGqvkoY556yoKtJmtc5NKxps3+kQSAfyNKASvS7akZm28yAn/d9PJ+H5+gDI6zm/vgJA0I1EONeRt4iGGC63vkbEWilfN9gjaVfOVDllpnyZbw2mczbYTfMn0Hs7HiVAvdbWJhrU2s1sr33mfiLxaV/dAo9l42nP8AiFwgOWGEM21v3gBPwEz9CFxFxU/iJmDOqxGRtpOk9bmxlTEwyxW1iXDC3W74o/SBMhwIPReq3dFDeEpxZf2ZRfIPRwIogEH+/v8A/8QAKhABAAICAgIBAwUBAAMBAAAAAQARITFBUWFxgZGhwSBAsdHwMGBw4fH/2gAIAQEAAT8Q/bNi/Zg+XEybuh/PBmhBIfhSDYDI6TT+4rdkVTqJyyjJEGjiQ7gWsSoXxZRHgi6z8Pq+UMxsR9ImrsgKt6J9VafD+2pIvnQK3XK1RFv0bCwtAtmi6E2kr22pW3lOTlGAQYUKcFXEwut7QprfmEXhrYnuy1bxTCkBlgG1JW8FXH4SzHIvyftcc3ynl9SWBvOmltgFZaFViARoSrcuVgDltuHO2GF2jTkzzzEhy0KKIWV7fpGwTaS3Q/y8ag3qCZrkfGWULjHt5X9ssdvePAI9CoBUZwnDvr02ERJEwVVRdZxmKACiI3qmzKnJHzZbxCoFduSGZWOKVlMD1yPJ+3VFFG2eT0pgzaXP1s+kFuHTkQ9EtdKIUA163OyGqd5AlTSYhDW0rDYlrpUgRat4UK/blkGqoeSB4wW2nb4OGBruBUODnRqgShReh8MDWhrQ1sNnhxAAAKDAH/u5uD7AD5ign0h4PIT9v3LysrRwdGS1l4NfjMEyhpf2oSRbux/Rq5f1GtT1aQG02DC9Jle/2y0N18/2saXpm2+TAjtwBAgRMjaMhtQhdJJONRqN2J+Aag/yYsQnTYieGUgS0Wx52f7QruZQ2HfvgiDLkfGSerx8QZQVKCp9CVLx6y55j3lbwfaKAFRawfMTy/SGljnRmtNGdT6nLHRBQOF/H3DJj9lShTx2NWOWoO3ar/NwgMum3t1qFzTRfY5h4O7Mu8gL+8biXz0Bb9vEs9licG1eANYzApkAGTIF66eYhKqtX9Ht/iKWXEY7AAoNdZ3FkIjYjWjT/wBh/gQX03D6BoqfzEBAmQjYw7ha/c1K5lVS5enyF/Ea3SWr9niWgSm+R9JiAIoqKrv96ZnWHN7gBfDjAYgTVZBVNEHDK5l0bC8tdl4Pu4l5Kujvft8zEGpRaIM83bB86mJOWK2rU1nXDM4CV5Zo+xw84hn/AJctRHl6DljZczFnxUIqNzyH4Y6u5O9twh7lcvK9uPVWwNtpv+HJG94ak5QDBGs27rp+0dbL9x4E5y8/WDE4TSV66l/ml1Ps4O/oiw11bs4AdHBzmDaXORM12/rvctKjy4T2QOjIXF9l+HUJcdwKvLWQ0qX4F+bcq6saXgYmRtQTPI0vI7lG4PAnScf8Kf54G3wHmV6tGm/8EsC6cB820MWx3mcrI4iRZp6fwqquWMJozfBPsmKhx2Hx786YWOHI6T8j1BdiWIv2tPDmPkm1QsMX3XkXD359PmYkFzs78nXriKilNLFdvjny6jtMKqqclcB4Ag8o21TVT3VWckrpTF0/+vcKAyLqjDEWtSrOxi8bw1hgDN4wxaADmqfhigTe7w9krTW0YD2fk/VTCHXK4CK+1gXJV9DKWEhfaVZcHK1BkQ00LxY1xFjweYIv2Q+h7I39yoal9V8bmfiNEeDNWSsUCxmW1lw18x0m5B0OFmUeJe+4l7SjY75I6l44rR6mpW9uj/dS8AThyDH3YJj+NQrQFYwZzUpYpgUebQb6UDljqcpHkU5DwviE5Jr+QfcG6mhCrtUwe8NSSsMVyrxMUeTjgcwvcjTActUKu3uEGg4HH9Of0vHgQ/y/Ec3Vl5VW/gmFp4NYy1fi7lm4XhVi84iFqxWbKHuWuCzqDksfch5dAbGLISsW17e3xqWgHCmnS/xCi8214e/HqICs9VWi19SvUh5vtyRA5XaGKizm/aNe1GMOwqVLji7qOZroAaczPsqUpo1oWcNcOOSKgoXStrxzmpWEumbYhU2kwGpR+5uDJCimIkdmay4dg6WKg9wtAXm3XBdSiM3egr+lcAv+JsB4j8h+zF2EFE9Qm2Rb5XzMexuudnzLSpa8VuAmiG+AHN9X9Yhi0o+gdES42tD/AG/OhxDAAUGg4/3e2IAFKzr2/qUQuLoq6nLdY5igF4U9HcDY7ITL30/clFqp2v8AKeYILA2yk7GMEXXyQz9qme0jVjFBt5Wx1L8qaLqLxHp8ZtKDfliB7gvZdGS82oCoNa9C7faxJJqgL9qjR4g60n1px+mxF5sISdXDXabPqqgkGRM1ycMRW8/kiYMqf98ykwnHbwf3EbBKevnlfBBocphf8HXg75YmUOLXFV04o444iyW5O3+8wkTSut1lARBdAaqnnOyGrYvTyA0o47Jy4g6fwxjd7k+l/wAMBWE1jC/h+zK2hwEcJCG9hoBejTzECyxv3BUM7umL2Cm+iHZuIrKrVEBobwX28ssFsvw1+nYwLPs0maBoWLu/o1AgQ5kTkVfaWAfIv1KQs4hbfiXq7TZge3j0ZlSVYKK4PH+W5fADDjfQPO673KNmzk8vw4Q3QFGIHSNXODqYdTDZp/eyUymvrvrdsZGMDqG9PBbs1SSkgchg6YfQYU+N2QgALAf5OfTOjJs0PiNF2vOIIcGEDexohqrHteB0RsRNlC6iAoOjg/TrdG+nhjkudQ0gYL9w6uLIq7LveomxgQAHQ2zYVp4Gr9u2XCigHAYD/fLCVxtHfz173FTqUCTtDz5gB54A/wAxUUOkcQoKLwrS4YhT7SftWIAVSgSV5FZ+Y8gbK2OFrPzDi2CjD4cJZSC3uz8niIHXbQ3npiebqrp8PV4nKQdtPvKzmIfXkQ2K2LZMqna0f3DI1L5F/Uw5yP6XJCWL4xDFuyNgNpmYkGGC+C4ghFpo3ClDR2bliy+QbNBaAWhlhpUKqYb14zFnHDMnjXbxG+V8GcB9SxyZhtzHAN028qxYS4HidzPKnKcC5tY9JhP4h0PFojV+TmPc8uy/Dw+SFhDRU8+TzGLS+8i9PEangeV8xFBot5EpfZeBRfxFCuQr5Dg6gUUa/UaIlz45Ux6dMyPmmgDyJumIXDTbjPaUNJSORgmtGYdH34dENgMXBu4q+zmWc/cDTlpW0rMIErxkpWewa4YygqAhwVctOgcVYfbLC7ZFhtFPkvFkaszsGXU3fp5hCAdV7heyhixhdVAcFaPhl0xNjVVkeyUniAvzzn9eIqGjwlxJRaCMJqckAKCj/gVAh3KuMj7hDgsg/wD09/WCiQ5bjwfwxaMtjRlDrBbu57dOhpy9MMJTWDcjfTGoc3MSNo0CcUZ8xWguzPylwI4MDix8IU/WNYPekE7LQM73LwHVk2sy3tr8maut6cTgk2gNusQibqzwtg6/uN0znyBT/wBhKMA1BmGo0dPaHIceyCJii3OC/hKGPmdVV5RdqvqqhOJtUT1mhZYRNecS98eICmyoQIua8Sl3gxLWkCk8kvTz178F3w8Mp/5kUVZOd76YS1Cy6AgQdrum/X8wqNa0EB7O/i2D/ubCRUz+k8wrjMY3bcoYQFY/HZ4YKg+f+6IHFGWLIaG4NiNEeGBDxwsvaq7zluU0eq7QVt21SEUYXgH2HL5ZeaU7b/lhVovw/wDydmfYP7BCFjL6lJx8+nxLAcGEW3tjwrq0Bge5W5no/dB2s9Fq+kU+2P8AlEh0LbYPjCUgA0UvlePUfGBCVY8/6nxMJ/hglbS5WVTl/YlmQpGBMNs3/aQGNCk5qIIqCpt3MVFrszfd3OEtR2OF8zMIK4V4ExxmqB9D8xIP5D5f6gJWQEGZr9kwBLg2zej7Ik2XuG0QfN/1GzAfViVJnQp9v7lKKHqLkIUAv9q5mwJtF7Ip/HG8fSmkYAaP/PP/xAA2EQABAwIEAwQHCAMAAAAAAAACAAMEARIFEyIyESExFDBBQgYQIFFSYnIVI1BhgZLB8KHR8f/aAAgBAgEBPwDuhTsuDGKx1/iSZkQ5VbWXdXwKo8OvdwHGwjTTEGO0NWmJujUhy/G2lPGiw96C39pYq0bUeOb4gF48NI0pWttOfDjWqrFgxixaM7JozQH2pDb1uquZytGims1j1jNnzklcb2rSI9Bpw/Pu6si4Wqrnm2lUf05eFUeFYONM50d3ht3UVMIwgfv2BHTsVGxbItRn9RVIvd1r3lD8K6hVTrXpp/EqAVegd7Gi36z2qomI2iqgR8nQuT8Um9Q7e6it5jvAlXaqmQqjokNpKLB7Pfa84bZ7APyqRFt1B7bTDj3TauzMdM3UmWCZK+moVuHkqtXLs47kC4XcxWQ8Djtahuc/hG2Qc/YYYJ4vlQiI6UbQF1Qtk1qoehE6NWKvM6/o/hYL6UDiMg4kljIf+DcJfry5rinHhiMDKILxvs/576pjGWClHQxy2zctD4RL3KXMZYIAqN5F5ExikaW4TQg4Fu+8f8KQ1llcO31xQHIC1VoqKteI2qLFYiNZTA2ipcKAxJalE03m+Q/m4Jh8T+pT4BymCBs7bv2/2tE1hM9+UGcwDbDTn9pRYxDdlCzWLpcE9/y+KYhvDSyg/uT4Wx7S9cBz7u1VAqEqAq0Qn5V6RtVkNR6UK2xxQJFS0U8ijyuOklpNGz4igoQlqUxzgNvrdJ6sd4GjtImysP4SXopiE57tEKdmETFthnutLwqqVWPelNMICQ41FN8WLQPVQbSLwWBY2GOsdpbZsFPOMthe9tTmM4e1zuQZE1kZEQ9yCQTRWOKj148jTjwgPNPOE6XH2GnqtptwTG5Yn6Mut4pLmyTrlPuX2eW781glXAnNAxsy7D+kVjssmgajl0du1/MPBQ4WfV2jZXFtvt/30UCG1DZoy39R/UpjYkF3mFXK72o72WXPanWGZbVjoXCmIMaNdkBapmHsTAseC5Mx22m7AC1AFilvabe5jyLdJIDEhQH7wTnPlQ07JENIozIyur3QPOB0Xa3ET7h9T/A//8QAPBEAAQMDAQQHBAYLAQAAAAAAAgADBAEFEiIREzEyBhQhMEFCUhAgI2IVUHKiwfAkUWGBgpGSsbLR4eL/2gAIAQMBAT8A7oixHJRbDeJjASAYbBo+QzMRy/nWin2W7WpreymKbv1gdPwrVCWWoe76QMyTuEIam/1d3IMGioJbzw4q8fTTlLL0cuDUmRIhxHDMQ1EJOcKFw4ChvVzeOw3CNCKQdID8R9k+X4PmJWabJuEiW+BbIg4gFMdRF417s6DWm2oZbMeYcv39qhX7pFJk4Q2WifFvnFoScIR7O2qkXy9t5wpUZpoi0ng0IkOXHwpxTQttgIgACPyDj/bvBobTguMnVoh5DDSsKkRk5XMy9f1lUwHiayoXeS5mHw2+b/FBUMtpjkqEDeps8VHmC4WB833e6lu7tnbRBXUZEgbEiVWCHgnZWWG0NXrUeXtHE/fflMsdleb0LrUrm3WlPyQfbwIMSVK4F2qjmK6wSLmXLWlCTRN+DrZZKjg1LH3JUoWB+Zai1kgdIOCNwXhxMEDVd7unP6/9q5WN2C2D4HvWj+77BaN9wmMsCwUq1SShtV2ZOA3r9RD+tW21SJjLr4ug0004IGZ7fNw4UrWqn2GZbAE3DbLLHDAuYeOVOCjSN4OJc3tmn+lltQ1VcVs8yeeN483CyJRH5Ulg4+ekdakRia7fKoVzoy41vmcsfP5v+7E9d4LUc6Mvm66bf5rVdGr01bQnMyxbJl0BPAxy1Dw2KddBkum86YfIA8oj4UpTwpRRjykZD7bm18TOibcExVaqlVUfFdFDBt+XWo6t2rlD3fxCq3r/AD2KVE2ahWoED3qR1Ex2UUFvVl6faTbZmBGGQir5BjR3WX4nK4q0UG1lKxydxy5FPt30fhQncsvlTDchxwaM8ypYrg6OkwPH5lU34LhR5YJyOLo5tEtzgWsE2wRl2JlsWh2e49Ho72p1ogLElbJMV5gGm9RtNirvVs4R7316PtfsXR6MLwyC+ypMvqVf/Xm/FXCYU1zfu8/J/CoDpUcx8pLFY+9KY3g7R5k269FczaPAk/LkP4b48lEuD8Q82TxyUiUUg945qJHXNQ2dWXcyI+WsEYFkjAcew03o7cEzHIyyqgAQHYPdGy2fEF1JtBHaDgH1H//Z','2'),(44,1,2,'boys shoes',30,'data:image/jpeg;base64,/9j/4AAQSkZJRgABAQAAAQABAAD/2wCEAAUFBQUFBQYGBgYICQgJCAwLCgoLDBINDg0ODRIbERQRERQRGxgdGBYYHRgrIh4eIisyKigqMjw2NjxMSExkZIYBBQUFBQUFBgYGBggJCAkIDAsKCgsMEg0ODQ4NEhsRFBERFBEbGB0YFhgdGCsiHh4iKzIqKCoyPDY2PExITGRkhv/CABEIAVAA4AMBIgACEQEDEQH/xAA1AAEAAQQDAQAAAAAAAAAAAAAAAwIEBQcBBggJAQEAAwEBAQAAAAAAAAAAAAAAAQIDBAUG/9oADAMBAAIQAxAAAAD12AAAAAAAAAAAAAAAAAAAAAAAAAAAAAAAAAAAAAAAAAAAAAAAAAAAAAAAAAAAAAAAAAAAAAAAAAAAAAAAAAAAAAAAAAAAAAAAAAAAAAAAAAAAAAAAAAAAAAAAAAAAAAAAAAAAAAAAAAAAAAAAAAAAAAAAAAAAAAAAAAAAAAAAAAAAAAAAAAAAAAAAWhdsBwdgYbLFYAKfO+/fnbpX352H5y5WY+g7zL6TztOIkAAAACw8B+q/Fu9eIb253rPnsBDpXeXbPMV7R66tfHuIyv3/AKjh+0mBz9vVel72ro9xE+1di/PD2fhpsAZSAAAB5I0JsnW/VSuipetc9vUXltFJLHwZ6qJucdQVyMC7mLS7rpS4s6ob7394TvMrfQd5O2fnfcTofdqTMIIJ9cUv4es8vhOqnErjTK4rtubJ64RLTVEV31N2Y6HKxoxl3dxTNpkuuXObPRWVtLsFeGrszd/1GI9pbW80+luW7Vu0sdzdPjLUXoLV3met1RzD9D4M/MNd6S08Vo5t5qS0knqKJYaS+s6JCWeDmy7ohFzza01maq97pyde5t/9A7/nQNM9R6J9paj8v1tIRz4HzvSu7aCuY4glq0zsIMtX0c/XIu18p6vz2ODO+HmydFLW97dXGdra8pylohylPaEYbckHd+/gyg9LzQAHHI4cjjioU0yCLiYW8V6MbxkxYTXIirqAAAAAAAAAAAAAAAAAH//EAEcQAAIBAwIDBQMHCAYLAQAAAAECAwAEEQUhBhIxByJBUWETcZEUFUJSgaGxIDAyM4KSwdEQI2JywuEIFiU0QENTYGODkJP/2gAIAQEAAT8A/wDnIzrGrO7AKoLMx6AL1NHtyaDWphLpwk0xj/VcuVmVc4DHOxzXD3FmgcUQ+00q+jlYDLQN3Zk96Hf7RkVzx84j5l5yOYLkZI88dcf8BdX1lZAG6u4IQfGWRU/E03FfC6Ehtd00Y87mOl4s4WY7a9pp91zHUfEfD8zcqazpxbyFzFn8ajlimUPFIjqejKwYfEfk6jJZxWF2986rbexcTMxwOVlIO/uq5kj9s4hBESnljB6hV2G/uq2vZ7SaOeCZ4pIzzLIjFWX1BFRa/rF1qz6zLqF092zoFmMh58r4g+A8MCuGe2fU7Qpb69CLqLp7ZcJMPeOjVa3UF7bQ3NvIrxSqHR1OQQ353VtRh0fTL3UZseztbaSVgfH2Y5sfadq1LWbjX3uZdRnc3Mspk9u3e5S30SPq+Ax0q50/ULdedpUaP66KWX/L7ahjk5yovVU74yn+dLoOrSqfkdzaz55OUg8jHmGfHy99cO65x9whNK+nmeIuAHiyrpIF3B5TkVY9vfFdptqmhQzY6kRtEfihIqx/0ieHJMLf6VdwHzR1cVbdt3Z7OBz6hPF/fgatZ7dOBNNtWks7mW/lx3UjQov2u4AArV+0XiPjjUrq6vrn2drDGfk9lGSI4y5wDj6TUZANyCD4g+FSTySyLDDgyOcAVbhYYkjDZCDAPn5n400gJBJOF3JFaJxrxBoRiTT9SmjiR/amDPNE58QVPgfGuC+0fSOLYkhYra3+N7Zjs584j4j8522ax83cHNZq3fvrlIf2E77UxOahuprc5jdgfEA9a9rYXOPlMAD+MkR5GPvHQ/ChbchLWN6pwNllHI3x3FXF9qcLgzpIPDmPQ/aNqt9cnjPMJSoOx38KbiOZlILIWznLIrfiKPEhgIItNPcjO5t1B73htWo8Rz3iBVtbKPAIzHAi/pfZWii9vLlxHGoX2fKz45VXfO58/vpreC1XHKJiADzyAhT54H86t5WcNKSmGysaABcLnc7fCmfGRkkeZ3piWUKM4O5I/CogRkkUDLC6ujMpHQqTsf4VwHxrpXEek2NuL4HUYraNJ4pTiR2UAFh9YHzH5vt61l7riO00wKRHZW377T4ckVynJ3obDeuUE1zcvSobmaHdXZfTO1MLG5X+vt0D/XTuH7tvuqTQ7eXBt7xlz4SrzfeP5VLwxqh/VtbSDzWUD8QKg4cuhMPluEj32jcO78vgMZx7zSyQwQolugjiTBjC9BtvkEbn1p5BcOY2JWFBmVlGMDyHkTS20obkeMxExh1SUhMr4cnnRQtGJQCUbo4GQft6UufonbxxUJyQD4+lTv7MNJjZFLZ9fSrGeWL2ciMyup5lZTgg+YNcL9ser6aI7fV1F9BsBITyzKP73Rq0DjLh7iRB833qGXG8EnclH7J/Me6u1fVjqfHGtFSHihnFsvugXkyDUckZblLYyDgNsf5UxwSNxv47UD5GgPtroDRG9KxHnmkuHU7MftqWcvgtv796uLgBDjJ8APM1ia0hMfLz5IeZQOY+mB6Ump8k0Ul02RK4YgkHm5fAfYMVb3Wm3NwWuo8rIXeREblB2Jxt03qG2kmeK3S4jw5xztGMoPE5GCcetQh8hYY158EszSd1woySNtum2au5QbaMqMGWTmGVwSq9MioWwBkmg2CN8+W/jVreSQsGViCp2IOCD6Hwrh7tZ4j0rliuXF9APoTnvqPRxUPbPoTqhfTb4N9JVMbcv3itN7S+DdR5VGprbyHHcuVMR73qaguILqP2lvNHKnTnjcOPiPyLu5jsrS4u5DhIInlb3ICT+FX1zJe3U105JeaR5WJ85CSfxogYdiNghNQq0caqGPTcHcUH8GQ+G6tj7qVoScGTGc7MuMfbQUnybbJKnmFeOPKgNqWmO2/31ZKGla5dSVjOEXGeZ/P3ClBxucnz6ZqW1iYYwAc5yOtTWzziNnkYtH08M+/GCaYzx3BbIjjePl7uWwfXfODQuZQGjReYyRFPaKdl5jg9fHFFJLi6Ea8nKg5QSwG/j1pdPnAyCjDPL3XB3xn8KaxnUElCABnI6fGlWRfoN78eFK5GDg8p8cUJivQ18pLqEclh6bmtN1DU9PuFuNPup7dlwA8TFfHyHWuzTjPU+I0ubLUwkk1tCj+3GxYE4w46Z/p7TjLNw6bBLhohdF45OQ4cpynp6edavot7okkQndJI5CRHImcHl8CPA4qXJikC9SMda8N6BAas0qDqBj3UGdAQr5B6hhzD76DsBlkzuT3Tj9L0avaRHHM5B8eZP5VN+qLKQQRuVOcVbCIxIsEikICACdifM486VWIJCE7Z2Oc+gpu6SHyMDOSD0o8vMcMNhk79B617MZ3BOBn3etTYtoTdMNlHcBXclqsXl52afmKseqgEj40jOt2yrzmHqpYd7OPEZxQmnW6hWKRhEww7tlVX0I32q41C6trwwxyOUfGWRu53aXVLyOcWyyqecAjHKy90+fQGp9Su4r1IJY415iGI5QBjcdR0ptRmWZ7RShAHOGJB2bwyajv7p5cB2XlIUEtgMPTwxXYTNLJqercxOPkKfH2n9PaZYmS3sLwc4CO8bMrYK824Na5Zzalot2jHmljkLpsAQ0Z/iKdgYnYYPQ48etEgCgKHSgayayfGhvU0SsQRsfShCRv1PXelluEIIkbbpuaW+ukBw75O4J3/AIivnK4Yd4xkeTKR/OvnFxhisWendBJ+JAx99SzTXJHOxIB2GajAUDHWlPKd8E9aDAEYO9PhuUsd6VYc4Yggjeh7JJCUUjAx3aA6A9BUaBnUHpnfeuw+GFhq90OvJFDGPNQSWP8ATq2nRatptzYyYAljwG+q3UH7DVxaPYarc21whR3yjDydDuK1/hmeG5kezTmSTJMYwCC3iPT0p4L2JR7e0mQjY5Q4r2iqdzj37V7RSdiPjWfWlO9beNZ29KPvobV3fKjgnYUVFcopRis1nyrPrtRrmAG5FCZVb9IZ8qtdL1bUCPk1jMwP0mHKvxNaZwLdZV9RlUDryJt8T1+ArgHh/wCZtPLmL2YkULGmMEIN849T+R2mcJS6hbtrFghM0aZnRerBejj1HjSarz4WcgN05vA17UnwVh7s1LHazgrLaxMD1DKCK+aNDI3023+xQKbhvh2Q5Foyn+y5FHhPQT0NyD6SGjwlpmCEurgepINNwZEQBHqTD+8gNNwXKD3L5CPVak4O1Jf0LiE+/al4Q1QjeWLNDg7VP+rDQ4N1Y/8ANh+3NDgrVif19sPeTS8C6mx/3u1++l7P9SI72oWo8tmpOzrI7+tIPMCHP+Kl7OrMHv6zL+zEBUfZ9oCD+svr+Q+hVRUXBvC0GCbaWU/+SQkfCobXQ7AAQWVrFjoeUZqG7NxKsVtFJIT05Fwvx6Vwlw/ZQxLc3ipLdE5Vf0li/mfX8ri3sp03WjLc6W4s7lyWYdYnPnj6Nal2V8fWgkWC0Rzg8jxT/fjY0nCfaRbQIlxpd2ZF7rMvKwajovHynHzVqH/5g0dK4+Ub6Le+/wBhR0ztDEyY0S4MRG59n3gaTT+Oi2Do90M+cGB8a+bO0NTvpqH/ANRr5Hx2o72kof2WFLHxiv6zRMj0LCml4kjx/sOc+402o68jd7RLgD1BP8KHEGpoWD6ROnKerK2D8BX+tcqkc9m488q38qn4wlhhaSKzaVgRhBkE/dS8UsyjEJyR0z/lUev3ch7tq59ysf8ADVjq/EF3GS+k3Eb8xAVY2bI8DnFJacX3n6rTboA/2Av4mrfgvjq7mZntykZAAVm6eu1WHZdqzkNdMoPiBWl8CizUAtjHgKsdLiswMEk/mMA+FYHkKwPIVyr5CuRfqj4V7OP6q/CvZRfUX4UYYT1jX4Uba3PWJP3aNnaHrBH+6KbTrFuttGf2RTaPpjfpWcJ/YFDRtJHSyg/cFLpWmr0s4R+wKWxs1/Rt4x7lFLBCvSNB7hQRR0UfCsDy/wC2v//EAC8RAAEDAQUGAwkAAAAAAAAAAAIAAQMSBAUQETETFCAiMkEhQvAVM0BDcKGissL/2gAIAQIBAT8A+nGXBGwlqtknAh144x5c0Oz7qiFxT2eHsaeGNvOg6UDd0/MpI6dOIOnHNUCnfsm8cC6k8YunjJk7E2EhjENZKOSOWOsDqHDNZ4MyyWWWOeB8pK0R7aEwV2WsYCOKY6av27oJYj0Pgy4c2U9vskGsvOo5CmCsxpqwtdg2hVh5l7OnHxZ1u1sbpOT7pgvENJZEzXsPzU8t8N6ZPaL49Ct5vrT+VvV8+hTnfBeDnItwt03vJvyVmu2KDmLnL47/xAAuEQABAwIDBQYHAAAAAAAAAAACAAEDBBIFESAQExQxMhUhIkOh8DAzQEJwwtL/2gAIAQMBAT8A/HjrNM92t1mSzJXkhcnT9SLYz56n0ZkhT7BV6uHbGBSmACpI5IitPVdqZU8m5mA1iNKUwhLF4v5RxSBzD4OTqKhqZeQqUBiksArtlHX7sbJft6F2hAXcuJon6gj9FvMOPyo/RX4W/lJgwkvbrc4SuGwnn+y4bCvZJgwoRzXG0MPywVTiEk42j4R+u//Z','2'),(45,1,2,'boys shoes',40,'data:image/jpeg;base64,/9j/4AAQSkZJRgABAQAAAQABAAD/2wCEAAMDAwMDAwQEBAQFBQUFBQcHBgYHBwsICQgJCAsRCwwLCwwLEQ8SDw4PEg8bFRMTFRsfGhkaHyYiIiYwLTA+PlQBAwMDAwMDBAQEBAUFBQUFBwcGBgcHCwgJCAkICxELDAsLDAsRDxIPDg8SDxsVExMVGx8aGRofJiIiJjAtMD4+VP/CABEIAVAA4AMBIgACEQEDEQH/xAA1AAEAAQQDAQAAAAAAAAAAAAAABQMEBgcCCAkBAQEAAgMBAAAAAAAAAAAAAAAAAwUBAgQG/9oADAMBAAIQAxAAAAD04AAAAAAAAAAAAAAAAAAAAAAAAAAAAAAAAAAAAAAAAAAAAAAAAAAAAAAAAAAAAAAAAAAAAAAAAAAAAAAAAAAAAAAAAAAAAAAAAAAAAAAAAAAAAAAAAAAAAAAAAAAAAAAAAAAAAAAAAAAAAAAAILG066S4lX3HoO85O3E3NuN8+9dcAAAAAAAAWmJ6SZvjvnB1XrL/ANBei2uI/jtrXeUHnnN222ET0frvvvvN5Q9reqk9HnHl6PyIAAAAAAHRXRHb7zmqbnO8NzWPqrmMlbqD3gx2LusP0ta3DIZHG87kmvZ+Ob1L2r5E7VtvMelDR26LWkuRLAAAAAA8zfTLyE4bSLt8RoUfp8uh429znGsrqRUXbw5ULhJJWUNim8N32J1XmcOc+7V9I8Oli9tnnf6B+m8JerWrNBVffjAAAEd4newfjTUejuOdONqvSSsli95syrlBysUkbg2TRE/PY8Z2z13zWTo0+KwvLuC5yQbKyDAsqazMB8tN45/eXVmym4vXaX6E99L7yfIdleBq7x/9dfLaj9ZjFhYyPDdWfLheM8KtKmxW4/LjKjKx3yPeeqWVOOW1rY1kUkeS5xqOX0bBh4M1q3EbK7Y2R6e6J3Ba+PyoXNQBrfzQ9R8fprXx9gPTPTvNb9QLnsXAx9+kvu14rWXVnPN8f3xY29xR0lh6ch9zi0mLe6jnma0NmiGCo9quzfRVdRe52Q8uiirSkFkfbw5S+fe6MDC4a8xeummaVLjBtcLTiXi0+l1VsapdRN99ZwrE9yVMSdebnf8A8xJimX0OUkHL7SxVrmEHjGdTa43tOVkO2IN8AccSy9hp603Yj30vz3Kw0xS3YNG8N6sNDWnYRjPXW57AcNWhq28+RoetvRlpTNs1S629wSagAAAAAAAAAAAAAAAAAAAAAAAAAAAAAf/EAE8QAAECAwQFBQwFCAgHAAAAAAECAwAEEQUSITEGE0FRYQcicYGRFBUjMjNCUmKhscHRIHKCkuEkMEBDU1SDkxAWNERFY3PxVWCQlKLC8P/aAAgBAQABPwH/AKKdoWlIWVLKmJ2YbYaSMVKNOzfFpcsUmknuCXTqrxSHn688+qlMDlIt+ZFUTcujolgR74XysaQWM+2mfblphtwcxSUXbw25bY0W02sjSlFGDq3wKqZUa9YP6NaFrWbZTd+cmmmB6xx6hmY0g5XUpvM2OxU5a50e5MW7pHPWo8p6fmFvHLE+wbBE3aa3XKg0AFBwEWHLzYlGkOEpLvPWonxEfPhFrybNrMaoLUEpUFIUlN67s64kJa1dH5lqelpipZUF3k1Ch1bYd5QdPDSbS6l2XUvC4bpHSnZGhWk6tIZI66mubAJOAr0gbR+gvzDEq2XH3UNIHnLUEjtMW5bkvYkj3Ssawq8mgedhXPdGkvKdpKt24073IjYhsUPacTE3bkxNOFbzq3VnNRNSYdnQo4XfdSESs9aaTqG+YM3DgkfaizLAk5VDUwq68pKvKrXRkKG4ZqpDszKpzKpley8LrY+xt64mZxbpF9ZVTLh0bIbm9WrOLES+xbrjiVKMomVcWsZpp5qT15RoRaK7HnJdbhoXlJCk+oc4BCgCDUHL9A5Y7QcE1YVmFxDLMypxS3F+IDUIBPAViz7fnJuyZezZ5BrZa3ZY1NduA6hhE3Itv0Qu45U4JcwIHBUDRWVfxDK2wcqPinSOEI0WsyWBWUtLKc7yi5+Bh0ttp8Gg0RXHYkDDDZD7jpLgKzQOC79VScvZGMTD4TEsy7MXVqUGmlGgUcSrghIxVDOplEatHi1rczvH0nD/AOoyiRmF90odUqpBxMaKWy3O2eUOLAVLoBUThzTt9kNutvIC21pWk5KSaj8/yr6HTOldgoVJIvzsksuNI/aJUOegfCNFkvKlZ5p28FoeTfCgQUnI144QQL5F4KujqA2wVPqqkJwQnZjxhTzjrfhEABQre2//AHTGuAbcTUUVQ9ETi0theVFOJA6EJ/GC8t1QaYSpa1ZJTnDFnNNBKpmjrpyQMUJ6aeMeAwgq51/G8RS9tI9HDIcBhCKk5YDKJdd11JJwrjE1b7qA7ZKJgsd8W6KUBVQS3iKbqmLDt+1bLTLKZmVYtovA5Kw2iLL02kpkATadSr0xin5iGnmn20uNLStChgpJqD+e5QJxMhp1PJQyyNZJSyljLWHGpJG2G7Slwo3mVIqmnMUn/eO+UuFYIdPOwoAMD1x3yQKXWFk38QVJEKnJpYVeDTaVpxpVZ6RDjS5t1tupSgZmtaDMq4mLsrLAtSiS2hWaj46ukwpVCcfhiISDnsOdN+2KAJr8Kw7MJlheV1AZwylybtyWmlFV8rwGy6Bsht5KQkDC6KCnDCGpm4L16OTi1G9TNyjr6Em+hTSFKArXO7+e5QZrunTZT487XI6kGgilYKd0AGAmqcYl26OlGWtQUdZyjHnDEUORzr84ob1cYqB8eEPzwaBSiij2iKreXfWSTFktpC3ZggeCTnxVgIS4KU40rj15wh2kW1Z8/aGoVJroW71caVrHJRbuk0rOOyNsuKMlqfBLdXW4tPoncd0ImZdzFDzauhQMF5gZutjpUIC21eKtKug1jHcfzE4+JWUffP6ppa+wRb7ynrZYxqQhxR+0YbcwIMV3wFXYQvKsKIIhxKXxVaghygqo4BfTuPHbDpZYFXHE0z5hCiropDsw48qlLiNifmYDV/qhxAaTEoksybKfOUNYrZifF9kAD0qU64SaKSL2BhqZVr1mhCAaBWyGppeF1We6Ez8wjzjDk8t1PPAWPWAMKRIrzlGK7wm77oZmpmTIMlaE9Jq/y5hRT91ZUI0c5SLRa1stbKEzBaKaTDYCCpKt43iJGflbSl0vyzgWg+w7iNn0tKXNVo9aKv8AJp2mkTpSbaVfBNWBdIOOeMFslVUrChxwhYdQcUn3j2QHwduIgOVhpzjCiCkjPCHGUejBYhN1PVDbAm5pDRqElXO6MzFQ4oqy3c32Vgggbo1uobceIULqa7gdwizpjmAK25xK01pThzumKHccM4AXu2w4laTClKEIfF/mqBKsyOEaC28ZO1EsqX4KYohQO/YYBr9HTM00bneIR74t1GreZmxjqzcc6FZQlQUm9WFKKKEbIvjzsRsqKwQzhRN3oJEJoPFdPWkH5RrXknNB7RBedV+rH3hARMLPk/8AyT847nmaV1Z+8n5xIMPITMu3ReoEAClaHONZzqDDHeTWFOimFMYtBRuIZBCaqvGprgMob5jfjpwG5W3blEg+W3VKWQq4E4C9XE5boVaDQNchWmOA98d9JZB8YKqdmOyH7ZU8SG2R0nH2CCt57yi6CviiEXUIGBxzjRiWetC2ZVhra4FmnmpTiTDDlSeJNPo6cKpo5NCuKiinbE4lKyu+LyVAhSfSEM1lHO51mozbV6SfnC6GsXRwi4LuQgpAgpSdkBPE8ITUgY5RQgVhDzzC76FAXcOkR31YcPhpTGlCULpWHbTlAkluSVX13MOAoNnCFTLkw9fcIrsAGAG4CElJRQqoCejshKEKSKFQBX7BCWmkrTmTXo7YuNDMJyGeJjWJG3LEQXkmmFYs+Tn7WmkSso0txxWSRs4nYBxjRfRqX0clSkEOTTo8O78E+qPbDC/CIGz6OkEkm1JV6UUq7fRgdx3xblkWhY7ykzjKkJrRLuaFdBibZS8m7lQ8xQ80wl1YUWnU0cTn0bxCSceMIOdYIJXBGEKrWGz74KieuF1I6v6F4w0m8YphmMBh0xd1SrpoaJAx3mAtPo4kb4U8vZeGGQhKitaUpTfUvJIxvHgIsHk5tWfuu2ke4WPRIq6ocE7OuLKsizrGl9RIsJZQfGVmpZ9Y5mK4U2RKpKnRwxP0Zs+FVDzbbyFNuIQ4hWaVAEHqi0NANGZ2t1hyUUf2KikdhqInuSNLw/J7WPNPMLjWKfuwvku0gaT4KZknetSPhC+TvStH93YV0PiFaD6WI/w0nodQfjB0T0qRnZMz1UPxhzRrSBAKlWVOAf6RPuhdnT7XjyU0mm9lY+EELTmhY6UkQSnaRBGOB9sBHWYCAnGphutaeaOcYvjzianMnbvizrCt62FfkMhMPD07tED7SqCLK5K5hVF2tPJa3tMc9XWo4RY+j1j2En8glENr2vq5zh+2fhGH1jxisFaUDGJN5FKDr+jNeWX0wYrHMO6KDjF3iYun0vZF1W8dkXVerFVj/eDeOaQeww7JSj3lJRlfS2kw9o1YEx5Sy5U/wU/CHtANEX85DV/6bikQvky0Vc86dT/FB+EM8muiTPjIm3hhzVv4H7gESWj1hWdTuSyJRkjJWqBPavGConxl9Ajq7cYz/oenmm8E89XDZDaX5tYMScpqk1Vn9G1UzDDmvQkrQRzk/EQ1Pyr+CXAFeicD2ReMXoqndF5MXk8e2Lw3nti96xi8fSi8r0h2ReV6sXz6PYYv/WEX07x2RfVsIpGeZjCCoAHhD9syjRuoOtVuTl2wO+lo+aW0HYMIk7Bu0LkMyzTIokfSIB2RN2HZ075RoV3jCFaKXP7PPzLXC9Udhj+r9tIPNtOv12kmBYlu/vrH8j8Y7yW1++S/8n8Y7xW3+/sfyPxj+r1uf8Ta/wC3Hzg6P6QbLSlz0y/4x3k0lT/e5JX8Ij4x3t0pTskV9ahCmdKG85GWX9V4j3iBMW0nylluD6riT8o7umh40lMp+yD7jHd7n7CY/lmO7VU8hMHoaUY7ptFfkrNmVfWuo95gSeksx+qlpccSXD8oToq+/wD22dcd9UYDsiVsGz5XxWwTvMJabR4qQP0Sgi6ndF1PoiKDd/z3/8QAKxABAQACAgEEAQQCAQUAAAAAAREAITFBUWFxgZGhILHB0TBA8BBgkOHx/9oACAEBAAE/EP8AwpqEEh/Acr0DNP8AM4hz/LXGFUckDw1uX/YWm6KIMXPmwSHIuQyn+pZjAxKBixFUf/Y2TbibVYcgaM1ZKYQCwMZKmmGqD5ZvwcYJqfoGLQoY47I6J88bxOc1nQJ+UARYUpTUhdPAE0/6KVKBIVYVA3lIbxvM2RQB3jkbA/bmU/Yqmx8Krl8leDQ0kX2LZhGDqZd6rTnPBjuQJtGLKb0rfyUs+Unpi0ACNT0AAHsY5JR2Lp/kcf7aV6InSi9SZ0QUC6WnmmnDKAFdI7H/AEKTTzr8C4DEmeqjUfudhkHqwuhIicPOFjZREWwg1EsHKYwUcJAlQMdlQFBUdEAi2Q3jOxoQAr4+umPbgDfpeNYs1m49XGY7PU+4HUIYlmJO1cdC5TrRiqBuyu9DwaJx1i3BbAXiXgFGF+ekMeia/wA4P+6mJ6hAcHbMfCc3ZERLjzdnEdns6S3zmkgoxMJUi988E36kBUhChEbeeF5Xv3HtNrGjQADLq8W8Bh4OqqiovuEkAzX0YSrzoPvHJc3vn1S9AduOkilsngNCTxGGywkCDPZw4wibTV24BIt5emrIN9IYgocr7NU1cf4mkV31C4W6+MJ5E/zHOIqmYvKRDGZZqQVKNoomqYLAYlBaOt4zZkqWUBRIBvseMBVoLkLQQB62zDQCB0jVSlTl8uGr2i3131FbKAZvRLpq+g7Hj4wNJQooOWmuucvCjwhR7h4y39u+cTxcIgOREvJwkOTBUBYSgEjZxp25KKTmH9YuidFRSSl2C53Pw/5JddusBxqd8gwQ6GzWtb6xxWr+89MaHOsaCTJ0jAXgm7+5PTC6iIIRDVfd7OLpAXuQPUevHnLajDntOXL77mOUenQ+t/gxvtQr16Hg9DC6bkAqcPcLxvANNRMgqWr6nwaxhrZOA58YQVfNNT4xZcSMOILs7cBgJ7/ZnHY54G/lz8aT+xxAVA9Sf4FA0h86fkyHJFpGy3kCm24uh0KqX84mg7dzN66fWaeUTjCAeFYji+s7Uw7ABBeLqzPdQMnjHQNU9gr8BjOJEeM2ZmqHpi9UUSimTUuhsMdBYJRbQ741kOC3MaSTWcHSyMBzppvWTJkBFW4iMA7GORbrnf8A2bxam9RD7ymdFQNv6sTKac6xoeFQzRcemnsRtHh/U5lFZ+LD+wlEDWhu78jiiCBTe/Up+TCRDdIWLqbGHghwjtBOKzKy8PXnLsjaTGqFNMRdgB2m8IlS7HpmyQzejtvRDNUHYGh0U5kpjlnl4n9fGCGhtARx7ivWETBVTrnlxkiDY2keN9GWYAJPC9n5wGmtiOpzPrHAHC7x5dobWcHl9MSyQrFELCzgvy4uzcBl/EI4BE4f0vOxF9nK4a6Kx6/QHWDRsmkt9zCEeFshlCinLU51suNF9Dfhphe7JYD9jg1UuwVfqOLIIjuS59Zc0R7ewmEkgepy3ButUkN6ossmSyQzuAaqvtMiWkSrpTneR7I68k2jBWzDd1EsgHBX4XHJAUAO4QoPnHl0g9y7Rrh71i0CV4KJEXW97c5SAr0PCdB4rMgbdJGGt2Qee7gGgL3uuLy+cI3kvYC2dBgE6+g/SWlB/ArgyKS2K7NcNaO94U9gJ7D7OE6cKLVO+35wRWI02X784uQTdDvc4xlH3vN424rsKcg7cgSAN7R98ljZem7zmwIpTjn+vTJ7g16JoPG7sSI7MTVV7EjwiTLMrWjQdgbHO2VmBCQLgBo3h6CqCoe3TeusZLDATQGr4rzpxkIK27Hu0ya3rEoqoJxDsv784oToAgKzbOj8uLhQRB5+F89eMf0q68Xb8LlUDCK8RECebYnysKbtDynb8v6XQmE7wpHcdzF27XO3z166YmBGroasdJzR4fTJ9ZQcPTzDiATUUxlCdDyXrFarpycX0N4N6sxjVKwJ13k0HUMeS9Zqzem+LvLGOp2/13lg0O+NUxgdUOVwIqAlKp2nn+MI2Q10I150b1iRANKuxrh3LhkDEbnXHl8613i89I1UdAKt63vKapGLnouj6519s8fdrtwBAnKdr5X+MduTc/b9NCfIfRgs0h6eFacdYAi5iTUyie/Iyjh4VPXPwoMWZOm2/uGb9/5YMOp76P8ACwucrr+Qc2Z/Y09d5TkldEH2ZpAep2YNocQQLMlsXo6/+YMFB40U9MuU2gOqHAnm651gcQboIl9g7dYeagiZeN3cnbqLbgcYsO4In59E9sSlWnY18HfzlLVV895cMDj3c1rtau3Bp+jUHuvxjjlhNn5MRNx68ODcP2y/F9P8Z6z5Ges5AbPqmGmT4Z/GMYR4X9zAUscn72YXPfQ/IMIT3X4KphiBFOPfBXjYJlMkGgiMutkKP92CQ0HBuehwGCXQ99n1xiVVV8u3FLj6wHS17nGoLvQEA9DHCmmT9BCNhckwV846993PxiTsT4mJTZc8gyBx+XDkH7P7z0E92DZD+R/jAe/0ZdNnvgd2L5TAefkD+8z1nwKfi4d/zD+s5YlwhL9TEVUXCPBi4oHJWB748Xx84fXhhUBl3BPV5cMqrgsInc/UCiEesMYl0Vj8b6M32GOgz0flyYAivq/0yuT83N+Q9q/fKjT8JgbfSoftjpekavrLbJvF/wCXB1EO3MGUjdj/AJwf8MH1MG5L0cI1c9IZXHukj+5msEuzPwTCoic6D9hrDyQ6K4SAB/qKcg4tyX4/6YHwDIHX/fX/xAAwEQABAwEFBgQGAwAAAAAAAAACAAEDEQQSIjFSEBMUITJCBUFiciAjMHGColBwwv/aAAgBAgEBPwD+jyIRGrqTxOzRvTGX4qG2wyvQcJer6RmACTkXSj8SvN8kL3uRPLMV6aTD+qtMgE1yIeSjKVgpeUFolitMdZLwl6n7vv5t9G2x03j6rqGOnSV1MDlzLEruIqJz5UZM1CQeJbvdiYqOeKVqiXx29x3d3V/lVdObsnKqoo4izfpU5vIY+nCrJPurQJKKeOUasqt8PiB/OFtIF+3JVTsnaiC6w1TyP+Kd8SZsNVeIck00rdyjtlojbkSsdrG0xVfqHr224rtrH2J2o9Fks19kTETUW6K9zFEFBFnVBQs2lUJ1Yo90/u22mIZDJ+5NEWTp4j0rdnpV0rtLqyTl5p380EZOhs792FRxM2SgjqW2cbprC6wrDszVwXQxg3bsajIIyN0AXdriL5p4In7Vw8OlcPDpXDQ6Vw0S4QNS4UdSazB5pogHIf4D/8QANREAAQMDAQQHBQkBAAAAAAAAAgABAwQREgUTISIyECAxQlJikhQwQXLBI0NQUXBxgqHR8P/aAAgBAwEBPwD9DwAjewjkSg0KvnG+ID8xf4qnS6umYiIchHmx7v7+6CM5CERHmUOgYvepmw8g8X9qMaWlHClh4vz5nJUUU0blJMW8uUFMFOcjljxKso4pqeTCPEh5eFvp7mhlyCMfCnrZXHjEC+YUdVK7WbhHy8Kp5LQR5JgIyuiAWCzKXRSlKR4i/wCsp6eenKxjj19KjzqCLuj9XsvY4n8aCih+OaCMG7Uz2JSzj2DzKmhaIS8y1OjGekIW5ixVRSywHiQqz9XRgtAR+KYR9LXXYyYrK+e9SMZEtkOPmUcYsKke5izLCJysSOlp334gpdMopXFnjWpUJUNRi3EJcnTo0edATNzbZAWQJmuK5exWv2kmfHevad25RvkZEnyd1j5kRhGNy5VqtW1XNw8o8nTQ6hLRtZuIS7qHVad3ybMSUeo0vD9svbaR/vg9SaaDK7SB6lmB9hoRYtyZsRspJ4wa5FiKn1iGPcHESnrZ6nmLh8CJ+kN49VndvignmHlkMf5J62rftmP1IiIt7urE6dxZO9+ptDW0kW0kW1NbUltC8K2nlW0JOZP3vwD/2Q==','7'),(46,1,2,'boys nike shoes',200,'data:image/jpeg;base64,/9j/4AAQSkZJRgABAQAAAQABAAD/2wCEAAMDAwMDAwQEBAQFBQUFBQcHBgYHBwsICQgJCAsRCwwLCwwLEQ8SDw4PEg8bFRMTFRsfGhkaHyYiIiYwLTA+PlQBAwMDAwMDBAQEBAUFBQUFBwcGBgcHCwgJCAkICxELDAsLDAsRDxIPDg8SDxsVExMVGx8aGRofJiIiJjAtMD4+VP/CABEIAVAA4AMBIgACEQEDEQH/xAAyAAEAAAYDAQAAAAAAAAAAAAAABAUGBwgJAQIDCgEBAQEAAAAAAAAAAAAAAAAAAAEC/9oADAMBAAIQAxAAAADamAAAAAAAAAB0tfIC+TiiitmGEeuX3lae7idwAAAAAAAAAa1cMN5li2tbuQGyybFsbncmQAAAAAAAAAAAAAAAAAAAAAAAAAAAAAAAAAAAAAAAAAAAAAAAAAAAAAAAAAAAAAAAAAAAAAAAAAAAAAAAAAAAAAAAAAAAAAAAAAAAAAAAAAAAAAAAAAAAAAAAAAAAAAAAAAAAAAAAAAAAAAAAABwcuOQAAAAAAAAAhOxEgA41UZx6ITPvZ588d9o3hLM3moAAAAAAAC0WJ2Umjc3K5O6HN4pPilzEDU7k1ZQq209RyIqTZjqlrA+hPnU1sxK0AAAAAABaP55t/uhCK5zI17zetlOFdDyw58pXwTKLlMwKw7yuqzwrul5KbYsr9AGR8bcmBmVJcoUAAABaX5+Pod+fuKSmfj716cenc58o7rEJGeMNVQTKiJgXDnNru5XdYW0uDEPA1V5ZZP5T6o5Ub6JtoVu7W45gHn5QUBaDRnuT0sZecVJeaqGLpQs6QMYjt35iFl9RepRPnWPXSQ1BGREcy2ayzKWQMRAHt5ePntLt+eiDZNlsyGgFptFn0TYdxqCZjU5WL3bJ/kxi5yb6mMnGTPQxq9Miuhjp0yM7mNvTJYYz8ZTRZidzl7NzCr12BXhNc22O7tdx3FAAAAAAAAAAAAAAAAAAAAAAAAAAAAf/xAAwEAABBAICAgECBAQHAAAAAAABAgMEBQYHCBEAEiETIBQVMUAYIiMwCRAXMmBhkP/aAAgBAQABCAD9ql5tSlIT9hUlIJMaXGmN/UY/abk2jV6hwKxyWZxzt5eS6ko8indgeZZsnX+DtKcyLJub+qK578Hj1JlXKfZpQ7DpdQwm1okZUy01HZQ21+0/xCJFqBgkfzXm89patiPQsXRtDkzu2aauu13wNvrNxuwz/X+mtaavYCMa/b5lg+J7CpHaXJarh1oKrlfiDS0FJjkBuDUd/wDjqfOTHI25tMwm0uOaJ5h22OrapcrxzJaHLqaNb0n7KdPhVsdyVNgWMCzYEmJ9nI/Yh1nqW7tY02x95Q6hwF2LjUdWlt25lpK+ke2sN+a22w47GpP2M983e56+of5KckbLWmyHcWw3j/yB/wBTvxuP5B/nz5xTI7vVlXa1NNTWc90sV7MRrF6hbFbKTdvuqYVjN9Z4DbRLBel+ZEXLLoUeYg/sIq0RuQ9s0d4ZGrKNyZvbpxjMbekmYxsaqxPJqjMcbrL6s8y/M8ZwKkfuci5EcorzcM1dHT1ly5RV7DdXIznNZLn9aXldyF+hYvFPLSJUCRFhPGQ/rfmPk2uY0SkvcCz/ABXY9Gi3of72yITdJe0OcpkITMcckp1tkjFFLdiWetc8zvVCFjAcm5fbtEQsV2f3mydi2n5jmgajQwUMmR+nst8rBAiIZKgVR3a9SxFEyHCjxfSRGnY9IT9OPgOzNg64upcnHtI8oqPYqGazIOwf7vJt2RH0TmbjEyPCfkL6RXygO48S/vKwp8Ga2kodGRNs5HZKnXCv5APfZbPR8ZPz40tSUtvJRLdCy8wYVZbtIcMmml0xL8CirsguJ0Vqooc22Bq2V7Y/gPNmrnSF1eYYft7XmbR23Kv+1vxhUnTGbNi0Dan1EoW42QUt2LnQDpMR8EhDCB2U/VltgAlbCgfcNxVd9NNJHZAfaZBSqPYAkEwJ4RLdKZl1GLAQYzEtb/1IMKhyYAlFpWZNXJDjjeZXMJZhyME5RZ3jbEWHZYlyi1vkTITOqr+kvWQ9Wdj79toeXrDLQ1kDShMcSRE76IRHP6ERE99gIcaHyEkD2SWkLB9jDJB9Vx3UdnwKUD35G+s6QloyjEeIUJanCCqusks/DdbfvIAA/OHZ9jEAtVQ2HVBDbzDLPq2/YONFJbr83sqhxt5mg5bbMxtYSjR/MZeXZa1j2X/bvTL42F6vvp798Wp0xxwJisBIJaiRz8+fly19eiaG0IASuqsojqgpLQA7LrQPp6Fg9fylMpo9oku2shBbdQwGOiCVEnuK8pB8YsCjrtq3ktK92ptjKlr7cWsFBBCWD2Ve8ZtfZlWKGkgJakzHJiHGOOO02to65gPP/Zy4hGbpK2SJtcwh1RBhs/oBGSPgCIOz0Yix/tYdtoxBYFvkaOujfZCQErbvZoBLqb6Grr6hs8Wf6S863jD6ysorMMdUPBj2JgD0RR4mkElVdg6GwVPIwhs/yvzsXQekm1ogT6KtYZILZnylkfSQm1knpXAmzmR7vKKh37N81L91qDK4sezD4eV4SoH5HsR2AHR8eELHyQoj48KlHwn5+SrwEdE+f9FTTSgQTGjKA9jBiEkkwovYPhhRCe/PwkXz6TA/Qgdjr0WT4mO6sEjCdUZ5nL7aaTjfo2TqKrmS7T7JIllsiPs/jWvMn5EyBa8HN4F9xUD+BvkY2lSEnhNyRCAnw8MeSHulRHDbkeFqJHD3kk2gjw8QeSoQjw8ReSIWCFcRuRwWfdPE7kT8+6OKPIT0H1P4VN/A+Hitv7xjinv5xsFbXEffTnwP4ON9kHxnhbvZ3oKj8G91vn+tA4D5mfU2GKcNIuPPIekUOCSKOOhpbDCmkhI/5l//xABFEAACAQMCBAMDBgoHCQAAAAABAgMABBEFIRIxQWEGE1EicYEQIDKRocEwQEJigqKxstHTFBUjUlOEwgdgZHJ0kJLS8f/aAAgBAQAJPwD8VdSy44gOYzyz80gAbk9BVxHMoOMowcZ9Mjb8VUTSRkQWNsTg3F1LtGn3segq7N5qWuG6vtRn9biSZgUC9FiACKvQD5PE2laXgbR3FyiyfCPPFVprPiS8c8MKWtsYY5D2abBPwU14e0b/AGfaU5yLnUle+vyPzIDwfrgVr2seLr1SDxalPi0V/WOyhCwgemQajWONFAVFAUADkABsB+Kqw07i1F+xnAQD6krX3tbOaQyNaSwx3MIc83VJQeFj1IrWfEGqF9pLbTFFpCgP+KYAgA7ua1xbMOQz2VgwnuW7SXDggVoFrazlcPdsDLcv68U75f8AGNLg1GxkcO0UmdnH0XRlIZWHQivDct51Ed3e3E0Y/QL1p1pp9pF9C3toVhjHuVAB/wBnfUpYNH0dpbUvBM6f0yf6MrsUIyi/RWmn1PTeju3HeWg7f40dX8N9ZXC5jnibI7g9VYdVO4/E7mG2gjwXllcIi8RwMsdquIrmMkjjjYOMrzGR17fNlMV9dKthYN1E9zleMd0XLVlsHC7kk/xqOR7pt4IYI5JZ8+oVN1xSyXFpKyre2F0j2/nDo3aVej1fvHfwqC9hcqIpuHGeJRkhx3H4keO00Pw6dVEZ3Bu7ucwQyMOpRI34fQmpLe01Se1sJdTvZ4xLEj+1wIUII4mRhxPVtFpvijTQRPbqcJOE5vGPmI9xbaHq39J1CBNyIpIzCJe4QmrV57kYNzOEZ47ZD+UxA9kbc+pqR1uZlxPdqf7SU+hI/J9FGwoyXchcv5rFVXHQc8+8VdeReq6TWjwlgIzC3Ec55EHbuKsV0t5XWK11QEJAzy/QEyZPlhuSv+I87/wNYSJ/lr6VX+rzBUhdZteuxE35kMhjjA7YWpyb3Tpba21Bc7+bCOGJn/MnjHlkmpRLaahbJNEQdwCNwfRlOxHQ/JqcGnWMI9qSRt2boiKPadz0UUs1h4dilyttxYkuCDtLcn91KmmsbyGQyLfW7mOficDiDMPpqcfROwqewvXP5c1nFxHuSAPrNQ6bKevlwcA9wNWxhBJAJ9uPfngnlUirA0ZjIbcEk5C45HfpVimt6NbOEiummcXUUJ2A42yrhKvVnhzwyxsOCWF8Z4JF6H8OxiOkwXtjet62l9HlS3/LNGhqcPJOxkdX9khnOT65586tRcafdoYbuBhxLJGeanB59QeYNazYa/oFy5mOj6o/lTQMRvwvkL2J614G0rTZ3UDz57oXAHdVDivEUl3KnEEjDgrGp3KxqAEQHtSgY575JPr3pivbqf4e+hhTtgHc+89f2UBkmrVpQ0ZaTkxK53Cp+Vt6b1G97pUpDxzQ8UhjYclkCkNty4huBsantQOSqknCR0wVkw3XrU4tl8lU872HR48g8EkTcyOlJBpOrklUcMRbXDDohb6DnoD+GBJNiiOv96J5URx8QaVo9+ROcffU/Ec7KDxH4U7gLjkTir6VGO2HOR9dM0ud/YPFn4VlSBjHWiflOHhPHkbbdaAVm+lEMKsvv9H/ADutW8MitndowWB6g5HMYxTP5QPtW+cqRnfhzy93KobeSC6lMdx5rBPK23fDHfhA3Ay1eKry6gUrx2N1O95bt68KSgkfCtHa2vIgB5tiGKZPQo/IGtbg8xyQIJmEMmQeHAVjv8PwaCQ/1LPsRnkM0hHtHAIwRTZ9Ad8UM9MEcQ/jSgHHrt9fT4im4WHMZ4T/APKPEvow4gfjUHCSeaEgfVyqdl35MOlSq2OeCu363apFI24lU8RbtkbAbb75odqwEaMOwyMBwcZx3FEDGauLi0uJgA4ibg4k5qZFOVY9RkbDc1qthLkc5LNlJOc/kMKhsrgEgFYXkiYjoAH4gfdmrO7LwPwKiw5IIP0Q6+zsds5owataQwRIyTDglXA6SrzA7g1LNpErc/OHHF2IkTNajaXqMuQYJlk2+B/AH2jot3+5SjIb0oEdvkHx60Cyjf0I93pR9k8iPvHrSkH1Apge2MUpoGo3kboFBNODKow4UhggxsuR16n0rY569O5z17UdzzO+T9vM996b099cDGBw6hvaHGDtkDnuRRzxZ4i3X1z3NeyqoAMHkAMCpOEg5znA2q9aCSPdHSQoR05gitYe/iGP7G6xMtRWloL6QJY3iHygJDyilG+zfOsZ70T25tFiiwPauQU4mJ5KtFo+I5wyHI+qrmEe8MPuq8tc95Cv7RUls2eRWePf7as2fPLgKv8Auk1Z3IRiM5ifY99qVlz0IIxRTHEOPO+V7d6JAP1U+CN8lVJH1iriYRhsBAQoYeuFxQAA3Uffis/IT3p1IPNWLYHLJH1Z2FSlQdyATgHltkVLIR6cR2+2gW7k9qRexz3pRQkLhgQUySDnY7cqlY6xpsMNpqqtufOVdpO/H80EhL2ydxkgFRJSMM8/aYffQYDs7D76aUDtI/8AGpZR+ln9oNTMD3RDn7BV2y46gyIf1WrUJiB08+XP25FTmRRyDNHJ+8lWNvJjobeJj+qy1o9vk/3ROn7rMK0+eNs7lL4qB24ZY6vL6Pi3zwwTAf8Ai614omjJ/v6ZIcH9FzXi+A9jptyD99eL7fYbAafcmvGDHbJCaVNkH09phWu6hPjomnBM/FpaOpS92MUf3tVlOw6F7peffhWtMhPUZklf+FWkK45Ytgf1pM0WwejSBAP0V2qdTFLp0FysajChoX4P2P8ANheeY2PmJGgyT5Lhzge4VG3PYgZH2UDQJpTjnypWwe1A0rbdjQ3PyGvT30ikdwD9lRRsO6KcfZUERxyPCMioYiRyytQR7/m1DEe/ACajQeuFHyBqG3qeX11od/eozAGWKFjF8ZThF+JoxHVdQREdITxiCNDnhMn5bH5piBxtx5+6vDfhGG7mJL3AE1tIxPUmHFXPh6NSc8Jv5f8AVEal8MsP+ub+XSeHWx1GoVYeHyADsNSFaTobA9Bqi7YrRNIYktgjVo9s14c0zI4ct/W0G4FeE9PK7ggaxbV4LtmHQJq1p/714HB3OODVLM7d/brwPJxfmajZfzK8C3WR/wAfZfza8D3A/wA5Z/za8DSK/Uf06zYA9j5teD1Hv1Cz/mGvDtih3xx6pbD90mtO0OJsDJbVB/pjNXXhe2He7nk/ZEK8UaOMFWAhSatWsJ5EP0jZecQexkJrWrmYRgAIAEUe5QcCpXcY5sc/75//xAAgEQACAgEDBQAAAAAAAAAAAAAAEQEQIAJAQSEwMUJw/9oACAECAQE/APnfjcc5seXNvCaYxu/YQhCFTwnpquY7a33/xAAcEQABAwUAAAAAAAAAAAAAAAARAAEwAhJQUXD/2gAIAQMBAT8AkEjPSFdrrByv/9k=','3'),(47,2,1,'girls shirt',40,'data:image/jpeg;base64,/9j/4AAQSkZJRgABAQAAAQABAAD/2wCEAAUFBQUFBQUGBgUICAcICAsKCQkKCxEMDQwNDBEaEBMQEBMQGhcbFhUWGxcpIBwcICkvJyUnLzkzMzlHREddXX0BBQUFBQUFBQYGBQgIBwgICwoJCQoLEQwNDA0MERoQExAQExAaFxsWFRYbFykgHBwgKS8nJScvOTMzOUdER11dff/CABEIAVAA4AMBIgACEQEDEQH/xAAxAAEAAQUBAQAAAAAAAAAAAAAABgIDBAUHAQgBAQEBAQAAAAAAAAAAAAAAAAACAQP/2gAMAwEAAhADEAAAAPrsAAAAAAAAAAAAAAAAAAAAAAAAAAAAAAAAAAAAAAAAAAAAAAAAAAAAAAAAAAAA8PXg9AAeD0AAAAAAA8PafNQbTXcd0UXKunQLnk79N+/OF6s+iaPnrXHd+Ycq79OzzN4JLKzqDDzLgAAAADyzVpT3m8Zy4uqnP0EVsOncm8jdnoc6imPvMDHOnc912SZO40mQyW9M4vmXPYXnvSAAAFNVkw+VdA4cpemcB43NNlE5Di9Yzr5pK97aI9rptYOf3ZxWRPHnFGL8WinW6bOX8Y7L0ioVIAHmvz9EQfGyecxeFtNL7G7r3DzW0+XRS98LmPfwzy15YLuZqdmSmEbrB57Kum8f7R1jfvPesAAWY9v41TlcbzNdx66rcaboMNhXezyN4k3vnO0/vnNsPqmEcwtdIsnPcyc5pznV9V5jm1T+Eba5+iPbF/rzAHhiQObwc5vt5hicOsW09iwZ12xXrJydYNj7rBv7sc8JHi6C2bTDwhLNxENjO7nCzpDuSffazZ9+QDz2k1UDm3JVazXPON6Hea3q2IMmdJDUupImlFJGkmtEasyejUVtTK/iN67pXPmq8bJ3OwzbmPTukeipUV2TQcb69z6aimzndfG4Nl6nA1NLsI91O/YHSdBogNR0Grno6D5z2knGsi+GTnE0M/zIOmublYHXYjLuvP0XKxfxCM8+nfEprdYmvz+d6ja4sqzY+3uNua1fo1aXvSz5lDE8zKsa7HkGfiK3pXpG6+q1h7nTOtcD751iobLBztYRPiPX4Tl6LezDJ4bA5jF403qt/leXro/nPKDpNXNh0zznI6Bb554dB851QT2N6qcNhVHRmIJ9D806N1jIFx5qNvrSCRqaw/N0Wtm1XK+abLoe5OR5HWLxx612PHOS0dWtHPKOsscep6tbOaVdSyTlGr7voTmF6Z37Y3XIFPdjJF4pqGNRmDD8zfDAZ4wqssYlOaNc2I1/mxGs82g1tzOGP7f9Meq8KagAAAAAAAAAAAAAAAAAAAAAAAAAAAAAAAAAAAAAAAAAAAAAAAAAAAAAAAAA/8QAQBAAAAYCAQICCAMECQMFAAAAAQIDBAUGAAcREiExQRMUFRYXIjJRICNhMDVCQxAkJTM0NkVSVSZGVkBUcHGA/9oACAEBAAESAP8A8C85znP4ec5zn/0IjhlADxHHUiVEogQOs/hxadizNOnWZ3kZ63ALoEFRWDsMPZGRXsS+TdIj44Bs5znBMAZO2mCrTf1iXkkmpB+kITZcjdrMk2gmijaFaj1ruWj5u89KVFchzpmEhwAf2wjhjcZJyzKLbKOHa4JplyWt9+mFDJVqqi1bD2B2FM2NLCB5e7+rE5A3orLBPp+LRRZSfqjxFQD9Q6nWTEr6HmjxsgH1CR1u6DKCYPWEoQPAQ2PtRuHSvQmyoh/EOwNtOvlb0ho3Ef4nT/dEgA+nlGUaQfJ1r2UeOkV3EmSTkXAc+mqdcTrsYi39KKy4/MstJ6oalkFJKBnn0U7EwqcxMlfokSIzDVpNNg7estXiLxMDp9ZR8yB+zEcOoBQ746fgkUwh3HJu7RsC5QTlEXh1VgOZA4bDcPBEsPSph2PkYZnaj0R9UqDFmXyGLY7ZLLIOpB3FA1AeFmzpBdZJQWqiabnjsMpPbKhhHmlNnyXPZU+xbqUBE+tnOE2HelAAE9ZuuRxi62HNGL61WmcagPidnEJMupQvSdyYOBUfa7tx3iz9lsF0RyqYTCVufckWIprIRUqQPA7a03cDAk816p1iA8Hii2yZMQ8qj7GQQWERQTP1l58/P9kOHNwGPHPSAhzl6RtzeSaWGDcHXTaoimswrN/gpkiawLFaukiCK7eQ2rSmpRMEuLk4fw/GD1j920+SdF8jfEm3qhwjrZ8Oe/WxFPDWynH2G+7BS4A+t3WfEW+eWuHeBf7+oAgXW7nFLXtZx2QoqaP6hK7nP3CCjiYE5uRIQE9Xj1cG839qAi91uub7mj7xbn7xuAa9dJNxUIVRWxbRjItb2fDJe1pRQegidKgbiWW94rJMHBZREUwjwHzDw/YmHjHKvQUcvTWzSLRuNeegk5bLemMnD7IRVW9l2FqeJlCD0mGzUGLsAGdkKDR6b5gco1SoRLVouWFj0TgQhjLBe6azAEz2RiQS9ukdmUUPGxojh9o0Qofv4g4O16KUA/tkw58VKIYP31htrUQo95c44tuCkk56HTs+DueplHsk+NgbqqPIcpP8S3LSDh3cOyYpc6reE3FYZSjpFeTJ6Ii1dptbqCJlGTUpVAL+a7mtqNwdliqu0NLyCg9IGpvvMEWYLIdIXhlROTA/YKG4AcfLePHfjI3ZK8bIKx1ti1GCoqD6NzIxddt7RMXSKDxAQ/LXUhrfQlCexhPMwiigF9Td6wYyL4HMvMSDsFFDnFqhrGiIkAPYCZ/1Lr6kF44q7McLRaaQeQqzDBplR6eArMcGEpVP861HYNRqKI9QV+NL+qsXWkOnojY1PjOiBJ/KjgzpgjDx6KPH9PZldWDvGRxxxSPjYtrIPo2CZHdINlFECN61fNhikvZZIYyMEQMVjDQFdpjFUGSKLVIpOV3J9rMnMkEfXotxLLFOAnUKPIAIc8D3/GPhjpTpKOWqzx1bboOZAxwSWXBEBMNftkb3BtIMjB4vqhL1lwMlSpM/RzyowbWa1WhmpDEjFIWVUKJyvfczZywF52Hga6vivdfZDjB1XZFB/N2G9NnwikTfXfJEcHTgm+u6SZsDTaAjwNwlcHSkSb+9skofFdLVwPGTkRwdM1cAD+uyGG01Wg56X0hgabgx+ickSYjppNISqs7ZIpnIYDANgkJN24BhAOipHZLHM8eyUFM2RdI9qsyh2KY8lbxs/R6ik1bM37BmnyHpC121Qll9fLFuhWBoYhTiH4jjwGPlPEMmCRkmm4YugbL8cdbcdUsfSLOYmcfxoG8UxaXyK5ZpTDJ8l4FVaTNlraQlVjRmHiyhxTFHZ1mb8pnoD0T84TY16X59BrlyODcNqq90qAQgDgz25D/RUWZM9q7qN/oEcGBIbrHwh40MFbdqv8iLSw7XdRu4vo4uCx3L/wArHBgt9yl7i/jzjnrW5EO4so9bGdk3AmqBPdRopjqoTlkKo6mZh1HHcDyvHBqStl7OH0i44/hitXU1JcomiPSgA5ERsXDpJt2LFBoQ4cdAfiVHgBx4PIjll1jEWRy8lvXXbZ8YA+dGL2yxSFswnmLlAvYqjhDbaBxOKzByPmWu2/2Us7LcTJRz0ej1ciWyKWHf3jSD9FNp0VPsM6U+H3FRyeDxyfD7ppxR+Qj8+DuyqeAM5HPjZVuA4jpIcNuqC/lwsofD7kZm46KtKDg7fS86nJ4O4GQfVWZEMDcUCH1xEiQcb7jqhTlMdJ6T9Ze6P7m6bp0V+CayKJzPC+xNuLCInszRPG9J2M8NwvfOgPPKrrcYiYYy7+yvX7tufqKAfiWHsOPBHhTpEOeB4xJruaMSU9A7YSSPfgprleIsDFkqIuIh4n+KaCRjeu19+hzkCwrdyjG8w5hUnAK9ZSGLQqXz1e7jPE6lUEAAQgI0mFjaqiPZjEk4wV6yh4KxaflntStc9pCMwkxWicAElGFw1jrKXcZyNL54rcaqXsNkjww12qQDx7yscC41RX5QsLARwLBWlR7TEccRxE1cdAHeOU57ZOv4OtQTyQbMmpzo9H5Q7XXOI+gp0gcPIW2yrIoYPVaA8ObyxGc3DJnD1WuNI8g+BkBVFFEVQAFBTJ1h+FwPADlmk1YmJkX6TQ7o6CfWVFjumAIAJyETItDh2HB2bSHgfJLikOe8dcegJUplkqA+Q6wYzp1JJOwPW5XI9fog0xHD9VllBz4LQHb0kzJnwulagH1LyB8LpukFDuk8Pg6dpHk3d4TTtIAfmQdjhNRUQo949ccHVNEAO0OccHV9HDwhQxTVtIMA/wBjmDFtTUo/gycEz4OVEw/Id8T9YfV9Zra5Zkjx56RmQ6gGWulRIHHvKyDE9hU1AoiexICIeSu4KW156HDpcftWptrY4RjKNk1E0lwHpL+AfDHQ8FHJuWjolBNaQeptkjqgmCiMjXZVMAI8jnZDeT6mVR8QTKVxifn+KT1lUDnP0MlEcZNtpwyKbCEbsVI1D5GhgNuxX+VFpYMZudYPnnI1LAr+4Ddht7MuDVNsmHvekChnuftMfG+p57nbT/8APk8ClbPN9ewgDPcHYRvr2Opg66vXYR2Mvg68vBO5Nhrjg07ZSHIp3wD/AKEhtvpD+XY2auIwm23xfV5GXjwYqB0uSk1tTUjgX2MAh5A2oNLR4MFcbGxrD1yPHlOJj24B5xjtm5RMDVwioVMek2B+AfDHhuCjk/BxdhRSZyTUFkQU6wB1pmnrd0DPm4jgahXb9Xsy6SDf7A+rGxov0oo3AHJEw6uGu345JEhFK7JlEoAA58YWp/7iqyqmfFSWP3SoUkbA2bZDD8uvXw4OyrWPhrx5nxGt/fjXLvPiPcAHgdcu8+IV4MHya4c4N62GYO2uVAwbrsny16YMG67HD5h18bDX+6pgPp9fOQwm036QgLilSBAxHcJF0jN0KpJGVOAkLimv7gAkOe/uhEQ8SaslnKYHdXp+f7gnpyLUMHrc9JLZSqnEVNo6bxvp+lcxDqCH4DeGPjfKOW+v2KZeMF4SxGjjt0zgYoRu6GAflTTF8AeXvLtyNH+t09q6APEy+x5YrxAktUHDAh1AKdYlxqYolMNkYBgX6nEAQGytMHY1LDxsjccHZNJ87Alg7MpIf68TB2bSP+eLnxPpID+/AwdpUcv+tCODtSj8j/a5xwdq0cA59qHHA2pSBH96HDA2XSD9vbQFwt9pqxflsbYByOu1TT56rKxAn3dW7YayypmVNTVaCYRQWRsu2TAKaNRakwHG6HXcjGNb5Qmt9RcPlLQ/bKonSAEEg/Afwx+bLJcZ+AmlUkKqs+ZAkQQXR3PGIj0yFdkmwhiO3qQ4+ty6RxxZana10ItvJJOyuAEpm7bV9IEOoYYREfINa0kvhXURwuvqcUO1Za4FDp4eFZZ4FFp4D/lhlgUioB/2ywwaPURHkayxwtLqYB/liPDBp1T4D/puOz3Qqn/jcdg0+qjyHu3H4rR6icBAayyw+vKWce9fRLzjfVlHMbqGHNkjf6bXnC0Oo4VIdif1cUh2zSyiPC7kc+NFUT4BNu/UymbKZ2mXJHtYZ6kQyShxcB+BXwHH5vmw9zrTKTdMnUwi3coqdByt5qBfh+VLMHAD5Oa7XJEoirCx6/V52LXcMquiWJbkinnHURyWgXoodIbGcAXA1nZVQ/P2E9HPhM9N/eXqSNg6gH/zGTwNP9Qj1XGSwNOED/u+Sz4Oo+duk8HTjcwfNa5Q2BppjxwNokhwdNM/K0SQYOnEQ56LXJBh9RuyD+RdZEggHbB17cG5/wCrX5wH2xrS9mKB0hsHpJkdUY1nGJJSrdpIv0+fTvUa/AgYR9jsAAMAIFoYAAsckORk3CncoNEZZmdZQekiIfgWH5Rx+b5hx/S6zNLLuXsQmdc5+TKn0/TnID0FeIm+46XYk7s7NJIfYHdUtlMftZCMlHE4cAEnqfvbtM4dqCQM95ttGD5aQkGe29xKfTVGhMB/uc/+jRpP0F3ugO4xEaGC83QIchExuC83T/xMbgPN1D4RkcGet7pAP3bHDnru6A/0uOHPaW5ygP8AYTEc9v7gT+uotj4rb9lI8i4oImxvsq1oB0n168E+L0da8CrYJJ3IRbl1wJmKOmIsSdSs/JD9wJp6rGMAC6kD/rV9a1WAkmkg0QcGcom5TOHl+BceCjj43zGx3RLV7QevIe6LNwXWOp6EkfuiPHhCXZvAwkrupuHz1xi4/Ub5Zo5+1Ut1d9msg6w9OG2aOAAAySmG27SCB2euBw+5aaXwM9Phtz1QRHhrIGwu660ACU7GRAADC7qq/H+BkcHddW/9jI4G6qt5sZHPjXVPEWchnxqqQ9hbyGE3RTxDuV8GJ7hpRh7uHZc+KdFXD97HJiOxqUIl4sSJe4ZN2O6yMksvTkGchFGSTAFzv90KJDxGRyOIJbnVEBIowJkFD7WVk45WVsbVNokumdZEPwOh4KOPjfMpnv8A26GWVTkqSqoQphAFEd0wyYgDyDkG2I7qpJgDrO9JnvtT7lKsY1umd0Y5VDGTJTqsAf5bj8LWayn9MDHF4wGNdbB/g41PjBXrqQjwtGk474dzBH7+njzYVeBKXgVo4PvhnED4itHYRaBMUPzo4cOaBMXuMcIYb3dN9QRo4CFcV5D0EafBg62sP7njT84anVVbjrrcebDa7pa31VlqGPrnTaC8WgCsnDcEAIcSK7lqIk4Ar7E9zVNIA6W74/6NdwFfuEkImqyDlQ5wAML/AEj4Y6HgByZdkZNXjpXnoRTOobIvYVQc8CEyRAxv4UZivSJAAklHuAHy9l11YPmjY4+W6oQUyeMYoAiwVEFFCKF08kf67ZJDiOl4swj6SxyR8JpOs+J5GRPg6Yp4D3O+wdM08R7KvsDS9O8zvs+C9P8A977A0pTx/mv8HSlPD+c/w2l6gH85/g6XqIgHDqQDB0pX/FOWkiYOmyJ/4a2SSeJassCYgCGwX5CfaJhWUM1JGST1GSdE5UMuaOghN/gmHGAWvtf+OTw9wqsYkb004yJ0Bz0Nlk3CCC6Y8kVTIco/0D4Y+NwUcfin0H9L09BvlHHOv6hJACi0G3KYwdzL6Zpy3dMjtLFNJQYBylMyKeOaDN1CVj3dVdHfPToqApijrdCfAjGxv/0V3us/YI6NJ+pEd2rh3cRiIYeG3Kb6rCxLnsjchAEQsDEcCM3OYAEZ1gGDH7mIoUPbrARHsGEjd2mDgJiNDBid2D4z0aGHh9zcl5sTAMGL3QmPadjz4k33aUBEHEYfPXd1ofXERq4B5J2fbiIfPSWx/wBVqvLX+V9ctMYrELptiJoYbSsKUf3vIDhNN1VMQFRw+UyI1fSmByKkifTnL3DGpkjN0RSEgk6eCj/QPhjpITlEMkoNCRbLNXSBVUFQ6Tphr1u37MX8mzKHgUtWn0w4RuUwUPsMJcEg+S3qnxkxsSbv1iSfJOhKl6MhRM7N4oDgC7H+QOF9eAOyIYYHw8/klw/tAA7IFHDLSYBwDMg4VSSE4GMyDtibx6Ad2JucO6eiA/1PFHMgJgH1QOAwHUj5sgxF6+LzzHjhXTsxv8EYMIdwYO7U/GTUROvl27mMlvUTppiQxQgLwYfmuBA798JULKsP515kAxChIK8DK2CYkS+aLVq3ZN0WzZAiKCRAIkn/AEiUBDDIgPlnoA+2egD7YKAfbPVy/bPVy/bAQL9sBEPtnoQ+2C3KPlgtUx8gwGqf2DPVifbBalHywWaf+0M9ST/2hgNE/wDaGA2KHlgJAHlnow+2eiD7YBADywC4H4+M4DOM4zjOM4zjOM4DOAzgM4DOAzgM4zjOM4/+Zv/EAD4QAAIBAgMDCAYJBAIDAAAAAAECAAMREiHSBBMiIzFBUWGywcIUIDBxgdEQMkKRkqGx0+EFcqLiM4BAYoL/2gAIAQEAEz8A/wCkPQPfKa2q0atyDY8xET6yHqdedT7/AFXN2f8AsVczKqDFXFjw9S3iNfCy84PUf/BsSWPUAuZPYJ/UbIzDrCEibIpsOnowCNTD0qotapTqIedDz2myF0ok9ik4lHZiIldBjt7yEMpMwB/CxlQk95xKKL5Q5m2Fyq9mEG7D3kCYQoZv/RVyVBzADmgcuuJsyb3DTY3FDaB2lHsrfAgyohpsvvDe3oUN6LXzXI5ER6QoL95vNp2gMe8IDYOvYUBIPUZVUlSe0KVPxE2LaHcH/wCbYhCKp8ktVHllfaSzW7ESEdPu6r9EdGRB1ABGIAjVQjH4jBKW2Jg+8zZ62OtXwkEAuMlp9ds29ta4K3uxw/av09IlVrMoUcRQ/aAlCm7/AJkATmB/AHhNXRG3sBcicrpmJ5UJPeYTg1wMo7tSUXYj/EGVapUU1vm5uoyEo3ZFbtI5z2LEIKqrZ2cDJbc4A9oTbfYRklzl8DkZUUrSY/HNZRF1qdRdRkfeLGOgNjbM4niVL9wQJVPlgpVT5YKFWGhV0wbPVg2cjvGbpR5pul1Q7OT3TNwRbCQ5GZHOFlZgatum7HJR2CwiAminut9aJa602+ycOWR9mq3QrfK48yym3Ev9jjMe6OeVo4j0dQ7RDVtSplvspboEerVbzQoTDSvPR1m4ENBIKVIeEw0ZgpTc0j4RKKqWZRcAFRcXtbKUhZmH9mskyowxNh6ajmIpCFb2ODpMPsUXEQWBN7dQtPrBT+qn7jKrgq47L5N7jHJ3IFEgtgtdg5BnHENbUJyv7kCtrlv9vo4RqhdNMxppmNNM4DCoNip7GEeldAyj/hRSRiJJuegTZ6QoIe3M2vFqBnftci5YwoVviFwRfnHb7GoQx4ubh5/jKTYh99wZtFNhVUdtuebNSKBKdhcGwJnK6IRW0iOH8WEy81ScH7k4Nc5L5mclpnBpl6WmclqEAH7k2UKqU2XI8WZN49YASrVdu6RKaBcWH8z7Gm4K8AsMiJVCh7duNbxRS+Qi02s1LpfgxiFXESlVaDZzBRUd5puk1TAmqYUE4ZcaZwzCkNJT3Wm1UlQMLgKUJv7jAw8qRGq+W0bJeIEG9yTb2Bj4S1viEMoYvKHEy8wE2imMYVWItkea8KmNSTzTd0RaYqAm9o/OCrRHjPSKXznpCzfCGuo7031I+MvRabKKS1XDMBYWzMJPgsbe+CSsACPxtFNxitnb4+ul8T5gWFgYUVx+oMq0XTwMNVf0abPh3QyA4LThhdBDVUeWHaNInpBh2gw7S8O0VZvquqCvVg2hvNeLVB7yyrVXAowm5NlEFW/dih27oiUCPze0qWxDCxGeH16psMTdF/hMdKr+TRKQU/elpSrN+hvKppF90vNe5E5L5mAJ4IYFH7cz0Ti0Ti0zj0zlZyuqcrqj4/MDHK+ZIhW70m+smSXzENWqfNHDN3jN0i/mwlJ1YKerh5vXxFbNYi4IMSsG74MYHyMJULXIXo4wYFU6ZhA1QltE49EvV0S9XRL1dEJq6YS844BVg3ukwE+ZYCMiwtfIEwCrqihvF4So715VqYySosOgW9fitULEZm0dkJ/zUSkNDGMXCILjiN15hN8t4KhM4zMFXTN1V0wUqumbqrpgoVZ6PVg2erDs7w0qohLL3hDWAlmtVpX4WHF0iONTy9LzEykV4GxZnJR66YxxMMxkCMpdT3rR6BP5oTCGUutrkWIHQIa1WFnMKMZujNzNwJuBDs4no6z0dZ6OsFG3dgZ1m/q2i0WYIKeQF4KBgpoO80qWwjdi9suv16hK2Ngee1pvkb8rzcob/ECUAwKnpyDDnEtV1QCr4vLHXLf7TD/tABq+nhnD9BU+V4+91GXqyrQUvWLG9yXuSc7XJm4T5S1JZTrKWY2vkFPZ66lkZu0kHOJX8HBllPdtKoaxDc5+v0Tj1Qg64beNSEprnBrgKa5yWuclrnJa5yWucH7kC6akRX8CZyuiKMqYp8A+vY5gQYBDVUeWVaxYKbWvYAD13LqFxG9hYkWjtSJP41EXB4OIiM3E31RbEcoNneDZm8YKGowUl1Qoh80wJqmBNUwJqmBNU3a6oaI1Q7OfAx9nqiOrr3lnCb1VHEM2ByM5LzOYTRlMgmoqnNeBRzj16JYAjoNwHE4W0w0NJlehZCKYv0z0dZ6Onym7or4TFRFpipGYqUxUZiozkYRRmCiYKFI+EGzr5YqsvdMpU8S8sofnLXvN0uqBEHmhItxHn4AfWHUouZWBpEQ1aT3/ABQ0aR8JslNEq8Nr8wBt9HCIXQeWb4aZvhpm+XTN8umb1dM3y6ZvV0zeqfLMaGEDykQh9c2lFNVhUNxfHc26BN1S+UtRWU6gYnsCpOsMLj9fVe1jiytxSkDSP+FolfUDAyHwE2zBhWmxHMLiAJqhCapal8jOHRCF0Tg0SyaJwaICn7c4f25waITS+QilPBhFOl5s7DlFUk5g35iZiQQ1VHdWVqjVREtay5ZYfd6ri4IlDbHCj4EkR9zV7yStsVFu7aUqG4AF7knM3l5eYpi/iYj8pvD8oKv8Tej5TefxN5/E3n8Tej5TGDLj5x6C11YMb3tcWIif0+l5jE2bZ18plXaN1R9xWiEuJTXCqjqA/wCjf//EACwRAAEDAgMIAQQDAAAAAAAAAAABAiFSghESYQMQICJBQlNxMSMwMmBRYnP/2gAIAQIBAT8A/SlVtYm1b1Eexe8z7NO8XaN7Rr2/Yev8GDqBWOUw/oK3/MRMO/czXidDYPRBBBykUEHwJwvVuYzEmLqzFayayayaxFw7xit4VzKLqwggjxkeMsI8Z6YNx4O0gTR5i6smsmsmsvJrF1eQN3r+JIurCKCwsLCwsPRIm9/wQJo8vLy8vLy8XV5yDPxje/4PqHthYTQTQTQWFh6Yc9YzN137TVhyCaPLyPIR5CPIXl4urzkG5em97XO+HmXa1mD+rDB1Bg6gwdQYO8Zg6gwdQYO6MMu1rGtd1f8ApH//xAAgEQACAQQCAwEAAAAAAAAAAAAAAQIQERIwIGAiMkFR/9oACAEDAQE/AOlJDgYSMJCh+jWhLm1yWl8UW0T3Pe6rW/aq0qjqtbrA8h6Z1Tj9LxLxMjIyMi8TIvEvEbj0j//Z','3'),(48,1,2,'boys white shirt',200,'data:image/jpeg;base64,/9j/2wBDAAYEBQYFBAYGBQYHBwYIChAKCgkJChQODwwQFxQYGBcUFhYaHSUfGhsjHBYWICwgIyYnKSopGR8tMC0oMCUoKSj/2wBDAQcHBwoIChMKChMoGhYaKCgoKCgoKCgoKCgoKCgoKCgoKCgoKCgoKCgoKCgoKCgoKCgoKCgoKCgoKCgoKCgoKCj/wAARCAFQAOADASIAAhEBAxEB/8QAHAABAAEFAQEAAAAAAAAAAAAAAAcDBAUGCAIB/8QASRAAAQMDAQQGBQYMBAYDAAAAAAECAwQFEQYHEiExE0FRYXGRFCIygaEII0JisdIVFiQzQ1JTcnOSwdFERYLCNVV0hJOis+Lw/8QAGwEBAQEBAQEBAQAAAAAAAAAAAAECAwQFBgf/xAApEQEAAgIBAgQFBQAAAAAAAAAAAQIDEQQSIQYTMdEFUWFxkRQiQcHh/9oADAMBAAIRAxEAPwDqkAAAAAAAAAAAAAAAAAAAAAAAAAADy17XPc1rkVzcZRF5ZNY2l6wpdD6RrLzVIkkjMR08OcdNK72W+HWvcimL2H3CS8bOrfd6yoSpuFwfLUVcuecqyORW46kaiNaidSIgG+gZQwGodZ6b061y3u90FG5PoSTJv+5qesvkBnwQtevlD6ZgmSmsFDc73VOXdjbDD0bXr3K71l9zVLq13Pavq/dfHQWzR1udxSSqYtTVY7mLhEX95EAl5XNRqqqoiJzXqQ8U9RDUM36eVkrOW8xyKnmhqdp0JSRKya/3C46hrEXe6S4zb0TV+rC3Ebf5VXvNvYxrGIxjUa1qYRETCIgH0AAAAAAAAAAAAAAAAAAAAAAAAAAc3/LFdV+i6XY1rvQeknVypy6XDd1F793ex7yD9H6+1Po+OWLTt1lpYJXb74VY2SNXfrbrkVEXvQ7u1DYrZqO1y2690UNbRSYV0UqZTKclReaKnanE0eg2H7P6Oo6ZLC2ZUXKNnqJJGp/pV2PMLtzNFqTaZtEqXUdHX3m5I7g+Kk+Zib++rN1qJ+8pIuivk11M7mVWsrklPvcXUtCqOkXudKqYT3IvidK2+gpLbSMpbfSwUtMzg2KGNGNTwROBcg21vSGh9OaQg6OwWqnpXqmHTY3pX/vPXLl88GyABAAAAAAAAAAAAAAAAAAAAAAAAAAAAAAAAAAAAAAAAAAAAAAAAAAAAAAAAAAAAAAAAAAAAAAAAAAAAAAAAAAAAAAAAAAAAAAAAAAAAAAAAAAAAAAAAAAAAAAAAAAAAAAAAAAAAAAAAAAAAAAAAAAAAAAAAAAAAAAAAAAAAAAAAAAAAAAAAAAAAAAAAAAAAAAAAAAAAAAAAAAAAAAAAAAAAAAAAAAAAAAAAAAAAAAAAAAAAAAAAAAAAAAAAAAAAAAAAAAAAAAAAAAAAAAAAAAAAAAAAAAAAAAAAAAAAAAAAAAAAAAAAAAAAAAAAAAAAAAAAAAAAAAAAAAAAAAAAAAAAAAAAAAAAAAAAAAAAAAAAAAAAAAAAAAAAAAAAAAAAAAAAAAAAAAAAAAAAAAAAAAAAAAAAAAAAAAAAAAAAAAAAAs7vc6Kz26auudRHTUkKZfI9eCf3XuLw1PVNLbr5u09ypY6ynZndjlTLUcvDex244IvVxwB60Xr/T2sFmZZqzeqIV9enlb0ciJ+turzTvT3m1HJ2vNnNy0bXLqDSktS+iiXfVY3Kk1L35Tire/q6yT9iG1Wo1hJLabvSSenU8aPStiZmKRv18cGO7OperHInfenSa16OqJ7/L+0xAArmAAAAAAAAAAAAAAAAAAAAABg/wAbLH6bVUv4Sh6WllbBO7juRSLyY5+N1HcvVVc8UM4pA2i4HXTYlqS0tdGlXcLrcKBHyNyiSSTuy9e3dRVd/pAnkEIbMdpNwotYP0HrZYPT4d2CjrY0VqT4am6js9bm4VF61ynPBN4AAAYbU91ZbKanY7g6qlWFrupF3HOX4NU0e8akorXTSVVbUxQwRplz5HYRDYdrE9gptD18+qal9LRRoj45oXYmZMnFixfXzyTlzzwyco6H09e9qt4bLc6mePT1K7EkvBu+qfRYnLeXrVOCdRYEsUG2mkrq18Fnsd5urGe2+kp1dhPDj8STNLOtdJYVuNNbmWOmqE9ImjmhbTq1V+k9E5L/AHLK3Wqmsdk/B+nYIKFsbPmWIioze7XY4r48y0u+n2aqtz7dqZHPosorY4JnMVXpyerk5qnUnLxKjcqK4SVETaqkci06+zv5zInanYhm2VEbscd3PLe4GjaQihtNuhsdNLWVLbeqxLNUp67k9riuMLzRExwwZ9rOmY90z89jW8Eb/dfEDPgsKKoVjEZM7LUTg5U4r4l81yOaitVFReSoZV9AAAAAAAAAAAAAAAAAABSAdm0/ouoNW6fcuXUOo6ysRv1JGt3V/wDZxPxzJqq/Q6F2z6wuHoiVUVwWmR6MkRrmYhaq44Y5r1k3r1dsHHyci/l4o3K5+UNpKappKTV1n3m1tuRrKlWe0kaOyyXxY7n3L3E2bONURav0dbrvGrUmkjRtRG1fzcycHt8+KdyoaBYNp2lb1H0E9YyldK1WOhrW7iORUwqKvFqp7zGR6BvenK2a6bK79BTU1Su9Jb6pekgXs3X8UVOzPFO0u4n0M3Hy4J1lrMfdPBruuNZWXRdofcL7VtibhejhRcyTO/VY3mq/BOsimpn23VyLAj7FQNXgs8bmKuO1Pa+wx9q2JpW3T8K7QL3UX2tVcrEiuSPwVyrvKndwQacWjSt1Jt61UyuuSSW/SdI9UijYvBE60av0nr1v5JyQna22Wls1tgobM1KOmgajWRtRFb4qi9ffzMrDTU1BSx09JFHBTxt3WMYm61qJ1IhbyS7y8OCfE1CLVYK164SqY1fqwpw81PbKKuRE3bm5V74GY+wrseickwhWjkRMZ5BdPMVRV0qolYjHx8kljyiJ+81eXii48C9S6wR1UVIq/PTNVzUxzwuF8iEp9pl60xra4W3UkUdZbumVWbjEY9kS+yrepyY6l8yWbVWw3S3xV1lq4qmklT1F3lTHair2pywqZQxW8W7PXyeDl41a3tG629Jj0bA9yyT7rkV0aInBF4Z7+0vqaVIFdubu4vHd5Ii9pqkFfc45X+kWx/RIvtRStkVf9PBfIvrS6D0ZegmklY9yrmRcq3j7PLhjsXj2m3jbNT1jJnI3Cpn2XdS+Cl0YRkjUYiK5EVMFSO4yLOsUfzjmpl2eCJ3Z7SaVlweIpGysRzV93YeyAAAAAAAAAAAAAALyOLNuzJaTaXfXI5HI+dH7ruOMsb19R2mpxx8oVWSbRrvuIu8jmI5VXr6NvBEDeO9qT1VnUwjFlfHnD8s7+aGbsmobpZ5Oms1xnp1Tiq08qo33py80NTlbxKHrMdliq1U60XCnO2OJ9H2cHx/kUjpyxF4+qd7Btzv1FusutPS3GNObsdFJ5t4L5G/WrbVp24I1tV09vlXmk7d5v8zc/FEOUY66ZvCVrZU7eTvMrsrYnLxy3x6jE+ZT6vTS3wvmzq1fLt+I9nZ1Hf7bdmo+huFLUov7OVHfAuVdlTjVqPiVj2q5irxa5FxnwUz1s1fqG24Slu9W1qfRe/fTydkteR84bv4c33w5Pz7x7OrEfg9tlOc6ba1qWFqJKtFP3vhwq+Soe6ra/qGSNWxQUELl+kkau+1TXn1eS3h/lROu35/xl/lCtgS82mdit9IkgekiJz3Ucm6vxU1TZ3ris0hdEkjV0tvlVEqabPB6frN7HJ1L7lNXu1zrbxXSVlyqH1FTJze9epOSInJETsQtW5Q8dsk9fVD9TxuFFeJHGzfujTt+23CC40NPWUkqS087Ekjen0mqnA+VMD0l9Jo8dL+kjVcJKnj1OTqX3LwI52D1E8ugIGzKqtjqJWR5/Vyi481Uktkm6mV5H0KT1REv5/ysPkZrY4/iZhZ0lbb23CWaWrfFUOwi09Q5GIxUTHBF/uqdhllroXN+bqKdXfRzI3GfMpMZHO35+Nj2dTXtRyfEqNo6FP8AB0v/AIW/2NOC7ppJUzK2VvFET1PWTxyZBlciK1JE9pcIqGtSWmhqZ0SKD0dW+u59M5YXdyZbj/8AIZCloYqeTeb0kjlbjpJZXPencmeXuINgY9r0yxyL4KejE9aKi4wVY6iVufWynUi8RoZEFoys4euz+UrsnjfyciL2LwIqoAAAAAAAAvI4027oqbRr2jkX88io5U4ew3rOyzSamSVtRMxVYrUe5ER7d7r7wOFJd3K+u3zLd6ZTmh3LLR0tRn0i3Wub+JSxr9rS0k07ZpfzunLE/wAaSP7pRxGka54HpIVXm1Ts6XR+mpE+d0lZXL9WBqfZgtZtAaPk9rSVCmf2bnN+x4HKNiu9dZZPydIqikVcyUlTGkkT/Fq8l70wpLulLHozaBRvdQR1FnucaZlpoZd5E+s1rs5b4YwSLLsz0U5eOm3s/h1Uqf7zzb9nWkrZcoq+3W640lVE7eY+Osl/rlFTtQk1ifWHfDys2Cd4rTCObrsZr4cut11pJ2quGtqGrC5exMplMmt1mzHVlM5US1OnRPpQSsei/HJ0q99K79oiouU325wvbxQpLPhMtnjx9ZuP6mJxVl9XH4g5dO1tW+8e2nLy6H1Mj91bDcc/wVM/YNlN/uE7PwhAlups+s6ZUV+O5qLz8cHQTZnu4b9Oue9ULukiZuNYssTWtTCcVUz+nrvu638R8m1dVrELLT1tprHaKa30bd2CnZupnmvaq96qZKN/SOyvspyQrehMdj8rhx7ytHRxp/iYfid40+Ba02mbW9ZfGyLgqtcqtUqNp4kT8/H8T2kcSfp4/iRlThmbFvcVVXLn4FRKqR/sIiJ2qeXR0/NZo8+Cn1Vp286hnkVHvpJl+m1Pcfd+X9oUlqKVntVDTytbRJ+myq9mAK++/rlXyPEj+C5eqlu64UucMbK9e5F/sUZK/KL0dE9e964z5hWesVZ0u/TuVVViZbnsMsaEy41cVTE9GRQsRyK7dXK4zxQ31CSAAIAAAGlXdOjuNQi8PXVfPibjN0u6vQ7m99bJEuvdCazu15fcdN36K2PkROkh33uieqJje3V9lcc8cFAzqO7z1vr2kZP0PtpiyjL/AGqbsXfRPtjKS6S23tZ6txtLnfxWY/8AjKJSVynlXd5FrtMbckVN2stSp1/ORfcKTtLbc3OXNXb0Tq3ZoU/2ASo5xSc7BFf4n7dHM/4jQtd2+kRfcKb9B7cX/wCc0je38rZ/SMCVt9O0bydakRrs322Od61/gRO6t/8AofE2Z7aWqq/jBEueX5cv3QJcy1eaNX3HrdjXm1nkhEabPNt7G4be6Zzu+tRftYVfxL25x4Rtwo3p/wBVFn4sAlhscWeLWldkcKcdxmSIm6S25oq5qqTHViqh+4emaT254TNXSovX+Uw/cAmFrIETG4zBU3YMYVkap4EN/ihtxd/mFM3/ALqL7h5/Enbi5+Vu8CNxySsZz/kIJkc2Becca+5Buw9Ucf8AKhDbtEbcP+cRe6sZ9wpTbPdtE6fOXx3FOKJX4wvuRC7E2tRE9mJPcwpT1cNO1VmmihT670Z9pA8+xvanWJiqu6vReaPuMi/1LRfk76ymXNTUUj1XnvT732oNiZbjrbTVDlKzUFtjVOr0hrl8m5NXuW2PR9JlI62pq1T9hTuwvvdhDVbZ8ny8U70dVUdHUonNr6xzUX3NRCSdK7OH2VWubpDTCSJ+kVqyu835JsapYdotXq67wUGm9PVUySyI108z03I254uduoqIiJx5nRjUw1E7DE29LjBE2N1FSRMT6MTsInuwZSNXqnrtRF7lyB7AAAAAAAAAAAAAAAAAAAAAAAAAAAAAAAAAAAAAAAAAAAAAAAAAAAAAAAAAAAAAAAAAAAAAAAAAAAAAf//Z','10'),(49,1,2,'boys shoes',120,'data:image/jpeg;base64,/9j/4AAQSkZJRgABAQAAAQABAAD/2wCEAAMDAwMDAwQEBAQFBQUFBQcHBgYHBwsICQgJCAsRCwwLCwwLEQ8SDw4PEg8bFRMTFRsfGhkaHyYiIiYwLTA+PlQBAwMDAwMDBAQEBAUFBQUFBwcGBgcHCwgJCAkICxELDAsLDAsRDxIPDg8SDxsVExMVGx8aGRofJiIiJjAtMD4+VP/CABEIAVAA4AMBIgACEQEDEQH/xAAvAAEAAAcBAQAAAAAAAAAAAAAAAwQFBgcICQECAQEAAAAAAAAAAAAAAAAAAAAA/9oADAMBAAIQAxAAAADpwAAAAAAAAAAAAAAAAAAAAAAAAAAAAAAAAAAAAAAAAAAAAAAAAAAAAAAAAAAAAAAAAAAAAAAAAAAAAAAAAAAAAAAAAAAAAAAAAAAAAAAAAAAAAAAAAAAAAAAAAAAAAAAAAAAAAAAAAAAAAAAAAAAAAAAAAAAAAAAAAAAAAAAAAAAAAAAAAAAAAAAY9MhLPvAAAAWrdXOo6AVXjl0UM8vPQAAAAADzSDeDlUYb260mvs68XLx4zwdD2klxG3LVShm43FDJum5mOtYKvw3W3O433wdm3P7a0yo89AAAAHL7qDzFNR/uoS5FrVjRDI8ljSULztCFCJjyk/JX5eRqRP3NQIZf91RMiF1bYabW4dVp7lZms3oatVw2JYFGelKqo5pdLebxqNCiy5R5Gt0op/1WxTpSufZai6oBbcSpyx812kxDLd8a8S5ufc+gU0b5Wzp/PGy9lYhF82pIQDO/WbhN1rMucWus3IAlZKq/BQ6VdsMoczWJkpMKsCiSV1RCyol1W+U34qv0WzDuqEW9EuSOWv7c88W7UKn9lMnJ3NBZPYW1coEryE7C41OLchupZJq3C2KpZgj7zNAMSTeR4JYnt3SxQJWvSZb0zOQyHCqkconzeNSLA8ztlM1l2tynkcujKlg3MV/2BHAAAHno8ejx6PPQ98AAAAAAAAAAAAAAAAAAAAD/xAAuEAABBAEEAgEDAwMFAAAAAAABAgMEBQYABwgREyESFDAxEBUiFiAjMkBBYJD/2gAIAQEAAQgA/wDOPL8zocHq02NxS3dVkVc1Y1n+wv8AcvHscuk1kuLn+GTcqlYtH+xyzzCRNy+vpWMI3JzXGHWlVe3O+2OZewxFsQQQCPun8a5E5DFodmcxaShC5ttFnV+Dcsr/ABiU3Rbk4rmOL5vVItMe/tLiGv8AI5mO4sDIc5lpluG1rZK59XVZHDfKZNftzv7eY944j2Jbn4rl6ECN+Pufn1rliixgbp/tTvnAI1CyqDPrm6jI6jFHa+xFvgtTvdyOxtlCJ8PlxfsJAt43LSuf0nk1Nlg/Q2PILM1BRc3Z3vy/KqyTWRn481AUnVPeWNO6DDjW9JfrSpxE2RWupbt6zKLCrUFDBORN3VtNNPYrvHhGUpbbSClQBH2uXoLm7el+VoklqUoAHTNiogLbiZndVqemDu9lTaCku7y5aPbdhunnk5Kgp2zspq/JJ/clNjrSJiHFg6UxHkjovVToBKK/J59KhMSxYYXDbTaY6UlqMxbQa23eWgKOFby5ZiZQ0xie/uLXiEN2MCzrrNoOQvscuEkbtg6Kej1p2K06flp9Sozvz06EuI7K2mwey4taSAC0VgEupPR0WR33rwEHTSnEj2zNdSQdNy2Fgpcbr1xJbblRQVqZlQwxqtw6MpoFT+DApBafpbas9pqM2vad5Jao+QOUw0pQ/F5F9pHna5D0Z68jfIHFV9AvcgcRhOtGZU3dTexy/Xfpy8ZI3OjO6WOiNf8APWrFvyE9F4KYSslbrg6Q3GIPevF6606wVA6VFI14viBoIHY0hKR32FfEHVcpTBC267JQlDaDWZ2hnoGBuFFWB5I2VUcsgvSoGGWYLmpOPYxGcJNgcSidgS8loY3QblZi8ogRZlvkEh0OnYrdW/xLcKuNjXWMC3gR58DXKybU22epTBeBCiNBYB9zugELFdGZDRBLTYJ0Wk9joNJJ9hgEd6MUEd6XCSdLhKB9fSr7J0fgggJS8VENpM9iODpzJ5KCQ0MlsFnrSbuU4EhYskuEFbVzFaJKjdF0klM/o9pVPJGlyz7JjF5YS8njR9SnZ6nS/lduvH8YubVu6Q9fSXrGWYloj8OrntHpx2aVoUlUSTMQpZAes3R/BEa/UAQmuviOyYWRIBIUMgb07a2Mf1ITa/UkgLfbQjspK1hTigSElIc+SyewACekhH518hou/EHTCFE/IND4EFSCtY/xfTSVn+UeCwhRK8Oxi5yq9iQ67DMdaxLFqqlb36alu7RZSIsawi2LS1MGTJB6IamK6IXGsgjvRalLIGkMSEEaLTwIJ6dAII85HegXyB0hVg2P4zWmCCJ7lZRvr+TC6R4I6bZqp3wCQugsVnrQxazVprDJiwVLTjNcx39QmBjjZAWP6dbB8KX2/YZWtbntxuHMXGeljbrY7P8APHWnoW1u11PtjSmJG1NhRbGHIhyt49q29r8vsK1C1TGyfC7OmdjyG0ioA+areGSSBZRljtJsGFEHSZTTh7CGmVjQisga+mY9EtgNekyWHHiS4a5or7LcSGB7MaAQNKjRSR0YEQgBSYsFoghc+LHKUlU1bhCWI2B55NsjXtYzxUxOZW079zt7g23G3lO/WUSJcd3opBB/H6bnbeM7j0Sqp++4QZY46F1crhxvRHJDEjiRv6hXp3ijv2j8L4sb/pXpXF/f1OneMvIQA/BfG/kGj8r49b+tfleyW+rH+tza7eeP3814buiwB53Mez1AILFBuApseVGKbhun+ELbveB0LSpWzm8c9ooEHj9vS8AldTxk3YLzbjuO8ZM/grQ5qr2LzZvpT9ZtTfRiPLBwuVGAC2KINAdssJZHQ/v9a9a6Guhr4p10NetAkfjtWuzrs/r616/65//EAEYQAAIBAwIDBQQFCAUNAAAAAAECAwAEESExBRJBBlFhcZEQE4GhIjBisdEUIDJCgpLB4QcjJXKyNEBSVWBjhJCTlKLC0v/aAAgBAQAJPwD/AJcc7RwvMsKBBzu7noq51wBk1dx3VtKMrIh2PVWG6kdQdf8AMYr1wklnHe3kUIe2sXvpBHbrcSEgq0pIwoBIBycCuNWknGbYZlsgx94DjJUEjlZgDkqpJH1MuIOH2zsVHWRzqa4pdWyCYEojnkkYdXXZhUkdjxAqAxOkUjd6n9QmiCCMg9D9fJ/aPaHt7NbREHDqbSZCH/YjtwBV+3D+IkQuk7SsFNwgGXd/0kZiM84O9cHuWkjAH5fDGPf8nR3QaTL9tNa4ta8TtH3kgk5ip/0XU4ZD4EA/nMFVPpMxOAFXUknoAOtXSSW9reXcNteYKC4jMzMsuTp9IGkTiPD2IZ0QBpYjgglQdwQdRUjALpLESQVfc6HUa6YNTfldqMD8nmJyo+y261dCC5Yf5PMQpJ7lbZvrruJ+GOW4vZwDPNHPfokc/P5mDK1gjYirJeJ2KDEDk4nt/FH3xXbOWzus5VHdra4C9FZ4yA/xrhvD+0MSjHvZIVSUjxeEpX9HF4jDQm2uH+50Ndg+0efBoq/o74032ri6hiT5BjUHZzgEYXOZ5pLybxAXKLXaq7a1mRo54oVWASoRjB90BgGlWeMa6YDY8jv8KkYKDkwuSAPLqtA8P4kBgXK4Uk9OcbNUQCBsLdxHEY7s9UPd0p2niGCHTUhe/I0YDbIqccRtBp7uY5ZR9l6vhZXTae4uSEye5X2NEEEZBByCPq/9SWGhwy7vQZQOq/SHoaHNnqmSR+zv6ZqQEdCDV7cR46K7Aema4i7D7WGPqRV7L8ABXE7oId8uQDV1I5Op5iSSaYDxOvyoqTvsFOc7UgJOMEjBHiDnWmzy6gMcEftDaoTPaEkEMuq5386nM9oR7yWzLkADXVNcow6dKKpHcEF0wVHMVyNPH0zWQR1PT41fNPbrvbT/AE48eGdVpGsJzgE/pxk1dQ3CnXKOG9RuPqevBrL/ANvYMMNQw0IrPPzhZcbNzbNjoenj1pguehBpvQfzrQHqcD5UBjozak/hRx3nvrX2HIHQ60Tp8f50qkEHx016VLJAZnw4jOUAxqWUg6AbkUjpDIV5OcchITmXmxgHUnGu2KKlGGMk7ePhmgVzpnXelJUak7Yq5mhYeJBFTJcqOkqhjXDoT5MVqwceUlWtwv7SkUjJBLorxtzuDnYpgaVdRXCDHNynVSejDce0aPwa1Hoz+0atEwX+8uoohRy510z8KXl+0RqfwoancnU+wUKFD2AEa57sdakEZlb+tBwfoaEjXXr01BxR5VQARgknCjZcnu9TTZUHJ8TTAAbDOlbMdQQdamVCxIBGnTO9cbtICMHDzIp/xV2ktmI0ARHkye7Kg1dzzM2SAkJXAA3JYioJterkaegNSqGByvMdF8hV2Xsbp/dXW4AQ7kirmK6tbmMSQTxHmSRDswPsvreeaxsYre7jjcEwyAk8rj2gHlbPwOlEsysVyTk4B0+VAZPsP5grZdWPcKwVxksRkd+B+JrLDO+NT56799BZSNDliEB+Gp89BRK5OgjRVHrqaaXTTWRqJznIJdjjuOpo8xOuNCKXPNrgE6nXcUi7YwQNfx2oBSd8DHsIAHU6YoFY2OA3WQHQqg+RbYUMFbm95R9gy5AFY57Hh9xOh5DIA8SEqSo1I5t6nle6lkaRrpHAk53Ys+TjBBJzgjFTwy4O0oMZ/eGR8hVlL35jKyD5Gre41GD/AFTafKrK4cPg6IcAjTr99WEnmzon3tVvbKD3zjT0BoWI6ge/Of8ADSWjDOyzD+OK4d7zxSRGz8ObNcOmhGM5eNgPXGKkQfHP3UfeH9VdAM+A2rpqzbgk9PHvrTT6R7h3fj31oAMAdPzdz0xRAA6k4qKSXxVdB+0cCnjj8FzI3ywtAysNjKefHkv6Iq0ku7qZwsaKNh3k7Ko3JOgFOH/I7ZUdgNGkbV2HgTRYSraI45SQcCVSw0qUrcKSJEDBJVI30P0XHnrU8PlNG0R9RlagjlHfHPG2c/GrKcDvHKfuNWc2diCQMetRRR56tIufPvq6tV16Mx+4VdQbZ/WOT51cQ77kn8KltTvtIR94qEMM4AilXU+GtcLYMN2kh5t9jzAZ+OamaFgMYSTmAz9mTWuIQMoBKiSKRCTvkleYGjasT3SsM+q0tv8A9df4gU9que+5jriPDI8bhrkk+iqa49YqR0SOaT71UVxG4m12igVc/EsasL2UdDNPyD4iMLVnbW4Oh5UDH95smnZyNPpHOKgma1hdEe4WMtErOcIrONFJOwOM1weW3sWILX96Gt7fHeuRzv5KKZbm8nPNc3fughfQYRRklUHQEkk+yNZYLiJopY22ZHGGB+BqKR7G6lNzZTSgozI4/UcaErsauyV6JMvMPLmG/wAasbV/FRjPpirGNSBqQ7D+NRlcdBLnHrQYZ/3lK2h295/OlI8n/nQYHOdSfxrOv2iP40z+OHNT3SAjH0JcY+GKn97k5PvYVYk9/MDmsqM7JI6AjyzpUVx5/lclQTfG7lNQN8ZpWz/5VFH6sT82qJARtpRChjgEbE91RmR2ICgAtk9B5muDT+/AQuMAKA6g6u2FG+Dk6Gu1l5bXZhLcSs4UilQSE5CQyVDmG6kSW5e5k9+80kQwjNzDl06AVIp0wNaOfbdCGMnmHNEsgDdGGdQa7UWJAYkCVJIyfBitXPBZx4XhHyeOuHcHkXwvYs12dsW8r2Cuy9qV8LqHNdlPS5t67MOhB6TQV2XvT/dnirsjxX4PG1djeNfCFX+412M43/2Un3jNdjuNo3UGxmPzCkV2W4yGxpmxn0P7tdlOLq/UCzmIPl9GuyfGm/4Gf/5rshxpl5jyMLGUEjOgORXY/jWo62xSuynEvAuK7OHKnQS4IrhdnA4IIc8rEHwJJq6jVs5ID1dx6faJq5Q47hmpmOPCifX6gUBQoVj0oewn1on1NE0TWfYP9nf/xAAUEQEAAAAAAAAAAAAAAAAAAACA/9oACAECAQE/ABN//8QAFBEBAAAAAAAAAAAAAAAAAAAAgP/aAAgBAwEBPwATf//Z','3'),(50,1,2,'boys shoes',20,'data:image/jpeg;base64,/9j/4AAQSkZJRgABAQAAAQABAAD/2wCEAAYGBgYHBgcICAcKCwoLCg8ODAwODxYQERAREBYiFRkVFRkVIh4kHhweJB42KiYmKjY+NDI0PkxERExfWl98fKcBBgYGBgcGBwgIBwoLCgsKDw4MDA4PFhAREBEQFiIVGRUVGRUiHiQeHB4kHjYqJiYqNj40MjQ+TERETF9aX3x8p//CABEIAVAA4AMBIgACEQEDEQH/xAA0AAEAAQUBAQAAAAAAAAAAAAAABgIDBAUHCAEBAQACAwEAAAAAAAAAAAAAAAABAgMEBQb/2gAMAwEAAhADEAAAAPTgAAAAAAAAAAAAAAAAAAAAAAAAAAAAAAAAAAAAAAAAAAAAAAAAAAAAAAAAAAAAAAAAAAAAAAAAAAAAAAAAAAAAAAAAAAAAAAAAAAAAAAAAAAAAAAAAAAAAAAAAAAAAAAAAAAAAAAAAAAAAAAAAAAAAAAAAAAAAAAAAAAAAAAAAAAAAAAAAAAAAAAAAAAAAD5D5iYiJAAAAAAAAAAAAg3nWbc96/Kl3RuKV73H9WbfjFjl9XtzRbvQ61QrYAAAa82COLxI0dQkSP1m9aWuG3wLfI7uKU03+/wCc3HyxONvjbv5DuyaPQgk/4/0Dnein0g5TMNPakzW7KkgMHO5faIPC7uV0Ne7cpyJrjVZ2LK1VVXMUfftabfOptAcmDO2cdk/W81re5cpmeCIz2eJajn93bxjrPmjT62Ze+7C9Y1KbFmXp+R8M7npZnEe3cql5wx7uNu4c/Oj3xEtoin0lV6H0ynGVz36SPRYF3Lr7y9HadrQ7VDYpi0w+s+DRbI1en0rlul2OHclG0itu9ZJp9VOq2691Sxf0czX7BDhPK/ZVN48K4nvLDvHhev2rr5eOHrfXy8sfPS2qPNtnuESvSB40v1+TDsLGqsZNad2YJ9xbV3NsbauXDuTDodJ5t26RS/BdklZAAAAAAU1CxazBrre1Go+7YYWRdHz6AAAAAAAAAAAAAAAAH//EAC4QAAEEAQMCAwgCAwAAAAAAAAECAwQFBgAHERITECExFBUWICMyQEEiJDBgkP/aAAgBAQABCAD/AKBFQAJMHPMYnS/ZmgQQCPydwrj3ZjclKK3pbLj5rMptoUiKtqv3GLQKZ9deV1hGZeZ/H3UvBKvEw21rUGmY4rvqyHntOyf7C1GmZMGkih3EMltZN0lCpWQ10EN+2oWhaErR+Ha2LVZWzJzrkhdhYuSHlvEB57TSRDgpSaWEZ9nBinLJvYrlto22hdb1jPOezgqzjsC4mSaXBGnW8WuVXVJFmr+ceZ8pVvVwzxJ+L8a0Muxw6+Lcc18WY3oZVjh9Bk+PHQySgPoMgoz6C7pj6bt5PH93RayIwkMxCoRWu7MYa1YOda0NDAoYKJ1krLbEOT1JGL13urHITC2SrIctaQN3rBLVTAhDDMoxeqxuuiSW8zxRz7Y9xUSSAx+gfksrCPXQnpT+Q5fd2S1oShKioktDy0Skc65Hnx16CyDrlROglWgk6KDxqxfMuwUA64C6kaqEERnJCnXVuOOrQwyzS0bLBoIa7vI4TLmZ2Rg0cko2qrO9aTrFW5lmJ+VLaS1TR1Dr0YTCRwHWVIWemgyO9q3kFjGshZu4SnB4bpzVR6mC0lu0iPAB5KELHLbEV951DTbtbMacQ2uNUOyWXHWXIhQ2lxCUkjRSQNcqGgVcauZRjwHSIY5ccdJ63EBKZbiY0QITiMD2u9ihWaWHTERFTtfXcMWFqvcW27lg1EFAhrE8ERKkSZZLpdejLQQOkMKUeQ5DbA5WktNnrG1T7rlrYeO7j316prTpIJ4DziDyGreyZILacntwoKMbNLqJx2HMtsHiC6nK3hoZWCf5pyaGfuRkNYoed7PZkob7DbrYjpaTXIQqb3VWLwW+hIweOiLUuzHMmsFSbR7orUQaOiiQ1szoFlkTL1lnmfw70NQoRAefCzGCU9J13yQemS822n6rspTyuBtVUORaiTPd8Nz6ZdhBjyo7iuSdKOj4+fyDy0uR21qBLyEhPUlxlZUEKfbBI0liwWhBS0tTziG25VVZxoy5Umkp7K6W+mCuQA+tCIkroA6xaJA4SqzlLHA61qPKsMxhV1PQp+Mlptlttrwn17UtooVkm2T0la3ok7DMkhlQW9Dmskh0q4PBC0k+X68iT+wedEca5On+CVoJdeKwpUaV2mlBQXypKlSsnjqhraYxSdTwbRL07Mcpq7ONGiQafL4dTi06DEaQAdAaGkDkgCpoHH1ockY7CdSGw3GQpKAD4kc6KEnSmGVDhTtRWO89x3FMcd+93AMRc56ndsMNXpzaTEVej2zWOq5Lb+ylf59qfs1MRyWZO2d2ySA7gt8jnheJ5AjSqC9b55VW2o+8xZgP8gxIA40xGfA4THqLR8gNwMFvpJSTUbaWCCkuVuFxIwSXWIjDCQG/83A0UIPqY0c+proJ9TUVh9TR1R0aKp0KOqB8kV0JH2pZaT6BIH+tf//EADcQAQABAwICBwUHBAMBAAAAAAECAAMRBCESMQUiQVFhcXIQEzKBkYKSk6GxwdEgMEBiYJCi4f/aAAgBAQAJPwD/ALAkAMq8grW4mySLcgwhLHaSacjuJyf8qWL2qfcW/tnXfkVsQMH71qZshSEJrKBbeZw5xirXvMnUbYEmXclX4jcPgXrD2xfH/Il1NHb4XHZdnvJrZd5/vXwwOCPn2tPVtQfq1tJh7y54M+s/Sr87lu/GawmsiMAWKdyVc923JJFBkOObtUhjIGKOyPJ/xPgsWpTTvQ2Pm1LjlK5K5cXfKuWt34YnetO5HMnvebRkuXPe3vRDdpxK8luPz50dWBGxbf8A1KnaxYZPncf4KvSt6i1prAS7SSm29QI3JcUJhy4oOFPP+zr9Pae6dyI/TOa6UsvlxNdJW/pKuk7X0lXSln866UsfVrpXTffrpXSfiFdKaT8WNdJaT8WNai3c99L3l5hIQjDaMXHe1zucsmHHZW8bRxy8+ynZcy8io/HL3Nr0w3k05hp4ZfXOjhuNv3l713Os58qymq1p+DD/AOFO9/Ucaf6W66X09u+RlO5BXJKclrpvSffrpHS3F7I3YL9M1yeT/QpC2cjmrsRPFavtiw7Fq2sTH+0jeVOV7e+kppaaWlpfbnhZYinYFfDbjnH6V8V6WT0mxRmUpFu2d6uP1aQjYsdd70Myfm0ZjcvOpv8Aog8WP0Kli5dPc2/Vc2z8ijqaa0WLXruby+hTm3o4Fk9XOdXGSuXlR80KyI7eFa66QyDbksoJ3MWoEL9tI3rY5BeSeD7Xe5qWT5W40MJd5vF/ipxl4iNQWc5YiBzagRlKLKPWMcJnLnOAMc6m3C2hMtx4pB38KiniFT44M2GcMUkGcI+FRo9riUupH586PhMHnXx35hHy5V2RIxPyKM29JD303sZco/m073pYl6Ddo3uz9za9EN5J5tS6mmt8cvXc/goxcLMtTdO1u3N4w/QrMrl64ymuyrutTQexKlz7hqX6VHEYud+a9hXJ0uZefH7eyzcl9ZBTU0a1Mx7Gr/FIMDIyh3Z7qulvfJwZjULc913Hm83za0tv5LWlPlKrEzyRqVyH2c1PjAXu61SCcl4hMYraFiHU8ZO1O0es+fZSFzWXFPRDaNZk28WoB2yedai1E0+nPeLMMyxmbWpha017Vt6/KWULZuQA3VDFQuR0Vq5xznM4G7M5AdkSuQ5CjYKKn9k50BEeqFQw6uYW/G3b9u9/TcQw7Z23dCtntP7RmPLBs0DnYEylW4bbICUkU5mUxVm8xxkxKWMfXlUeOUpYjElKSv1rQsLQnFOZ2rg5uahbOAG5KTwRBoZsZJxZ6rjtO+ravfmrB81anwnhtUlWlhpLchuS5M/9I+L2tQIW4RIxiGAiGAPbk7k5lcLNezbNdG3pB2wiyK0t6D25hI/alPyqQ05ppPYNbOc71hAwH71ayqq5xzqGSUxlh34e4+VaWcJygxFTBntqU4W7dtLaQ4+u7b4qc5Wy5x3Vgw5HVMNW7j0hrJyJXECFuCcJh7XFPn4HtFfAoYQN+E+Jq3wW4mIgYA/qCoCeJmtFYl524tdE6N87MK6F0n3K6KhH0zmVpr0PTenV/WQ+2NdJ6o84wa6RZnYStVeg+cJFRtS8pJ+pWlX0zi1oL3jiI/o1o7552pVauD425VGZ9iVWrivN4Jb1o76PdCVaC8ecf5q3C35tT40qAB/fKgNWoPmFaa2/ZK0lr7pWjtfQrSW/pWkt/StPA8gqIeRR/wAa/8QAKBEAAgIBAgQFBQAAAAAAAAAAAQIAAxEEEhMiMlIQITFCYgUgMEBw/9oACAECAQE/AP56Ax9PzfT6lAZ29sOkoOjayxOZuiX6DYisrRlZfI/bjM2t2za/bNr9k2t2RUYtiJURXVSOqyawg2VUL0rNU2bNg9svObVWMrZ8lmMeCDc6iBFC+UwJhfGmviXKs0uHvtuPSsrbc1t7TJLOxiczs8Am3McAPgSo4dSZmbjNxm5pulVjoWZOyLqnTScMVdXuj3MKVrFW2WNhMHlgGFwJhRGZQsJy2fAO4nGacf4zj/GcZYL8LgNDqnZEUtyrLNa9rozN0yy7iHJm9BDco9Izs373/8QAMBEAAQMDAgMFBwUAAAAAAAAAAgABAwQREgUiEDJCExQhMTMgIzBAQVKBYXBywvD/2gAIAQMBAT8A/b13FvP42pSvYIh5pNq79VFq8dNCfu4w3qj1RpznBx2x9SAxMbj7VxVxVxVxTupKhu0qqovThDEP5KgvFRVVbJ6k20FpkXZ0Wb80m78fRUw4w+KZ+LvYU7q/1WXGql7GnkNancKWlox5pdxrUB30dDH04j+XWDPIEQ8o/wBU/gIsndXTPcUflwxFYisRWKqIY5GATLryRafFJqA1JT5OPR9qp6AO/wAtWVUEnNt+26pogYyNpMl+r8Ga6bw4WFYssVisU8QuQu6GliEzJh3EodKpoIpY4xMWk5/86p6YYAwFWdMLpmt89//Z','2'),(51,1,2,'boys shoes',30,'data:image/jpeg;base64,/9j/4AAQSkZJRgABAQAAAQABAAD/2wCEAAQEBAQEBAUFBQUHBwYHBwoJCAgJCg8KCwoLCg8WDhAODhAOFhQYExITGBQjHBgYHCMpIiAiKTEsLDE+Oz5RUW0BBAQEBAQEBQUFBQcHBgcHCgkICAkKDwoLCgsKDxYOEA4OEA4WFBgTEhMYFCMcGBgcIykiICIpMSwsMT47PlFRbf/CABEIAVAA4AMBIgACEQEDEQH/xAAzAAEAAQUBAQEAAAAAAAAAAAAABAECAwUGBwgJAQEBAQEBAAAAAAAAAAAAAAAAAgEDBf/aAAwDAQACEAMQAAAA+6gAAAAAAAAAAAAAAAAAAAAAAAAAAAAAAAAAAAAAAAAAAAAAAAAAAAAAAAAAAAAAAAAAAAAAAAAAAAAAAAAAAAAAAAAAAAAAAAAAAAAAAAAAAAAAAAAAAAAAAAAAAAAAAAAAAAAAAAAAAAAAAAAAAAAAAAAAAAAAAAAAAAAAAAAAAACGTaWZFXWTMaY6tAAAAAAApnIuTxPs6dy1WU2DTcsdVzfjvpjp6DLyRpmfFtwHMdhxfUS2TNjqbQAAAAWYM+nnpT4y+5tZWfD+z9b0lV59G9n9SPHvoizRc567U67zSO/rkbSc9fHd91rNkmdguxUhzuc6QorcmxdaAAU1W1gzWly5tXz6bm/VYtzYajJmzIW/w204X4r/AELicfa+NvqfdbXt41+j6eIzloe6j5vYbGBOuL8mG6me7BemuLJAJaPIEOVGmsEaTgmteomr8WTGW23jHkpUuriE2zAqazsMokVw1qZOaDnpLRaGTVTtQmTsvOO1N3Bn6QkYo2JUmJZhzZ9YVWzEC4m3Qq4mIdUzaw7jY2RZ5bWNrjoL+RgnY63mcJsNXhiD1D57+kibzHTqnze/vtLNaKl8RUisW4mX63Ebi7QYzo7eYxHWOSHZWc5r5dLG5iMdTi5LAdfG5POc7zv0h3FT5t6eVIAAAAAClRS28YrJAjVkDHfUAAAAAAAAAAAAAAAAAf/EAE4QAAECAwQGBAcMCAMJAAAAAAECAwAEEQUSITEGEyJBUWEHMnGRFDNTcqGy8CAjMFJigYKSorHB0RAVFkJDwtLxF+HiNEBUYGNzg5Dy/9oACAEBAAE/AP8A1VEEAHcYN7DA4wGyU1EEUz/3i0JvwGSffpUpRsjidw74ZVcSyyo1UhCUqPE74fGro4FHHChhGDaON2F0oYwuJPH4dwhpF5eApWG3WnU1bUFDl7q17es2xWS5NvAEZIGJMWZbp0mdOylLEu4h64DU7OV754lGXCda4aAnMw+VrfaaAwBxJwhRNCecOvEIxjSTS1Gj9rWVKraWW3m1qdVdNwYhIF/IHDI5xLzLM0yl5pQUhWR+FJoIcbS8zTMUxHKLTtic0JtwSrqVqlXqvNLJ6145fRiztPLImwApwBQzrhCLcsxwVDye+P1xZflgT2w9pHZTIO0k04mLT06YbFGXEgDMCLe0ls2bcvzLKHKfGxjoxl2lWG9aQlQ2Zx+jSAAgqba2QeytTWGUkKBUqq6UrTIcBEutTjy3a4Y4jf8AujGFukJhLhcdSBXA1wELmUTNu2gkhK2gtLJSRUHVC7lvESUjKSpGoRcQoVKEnY+iN0FtNAN8FNPg19UwZxSVpZQAp1WQJyHE8v7RpPo3L6R2O5JTC9shRbfCcWV8Ry5cIt2StbRO0nZKfCkOpxBB2HEblg8FQxpdNtgUdXQQ3ptNAUDxr2wrSqZdFCpauyFWlak34tpYB3qNI0I6L5medan9Ix70KLaklGhXwLozucszDaW20AIICaUGAGCdyeA5QFJQ0o8lQ06GwQTiQnAmponju3wp1J3wuaRJsTM4qhDKFHPend3xYEtrAFOJC1E1JPFWcS7VFgCt0UGNfOhZoYUs4DjhDs254fqEJSpCWwV40IKv8vgnOoYZC25iYeXTaKUoPyEjLvhidGRi3tGNHtK5Pwe1ZRp9ArcJwWgq3oKcRFrdAK0OrcsW10Buuy3MoNRyvt5wjoX0uaNLkium/XGJPobt9y5r35JgV2qEuH7o0d0BsDRopfUPCptOIddpRJ+QjIducT01ZziCl9CVj09+cAvuvAyLqwkH+KdYAKZC9jE9OvyEoXnChTbLZW5cJBokXj1r1fRFldLOic+oNeHt3Tm097wuvYrAwLesDVkmfbBUK7QWCb3Kn3GJ7SJm3nhZ1nJUZYLBdcUKXrpwQBw384siVRLMDDGkSz4VUi6aFVQDiPOgLCxUEUhI1jgA3RZjhmZicm6Ah55VMcbidkegQ2QSrl/8wkVOMXeEEEe6V1TDwxMLdW0ciocsx+cMz9+padCqYEbx2wm1HUZwbZWN0O2y4RhExabzpuA5mghiRemSHH6hJ3HP74SnVoonCmUaaSVuT9gTshILaCnxdN8kbFcQCnIqyjTDQ3SOTauOWY/QnaUhOuRRPmx0LWDajq5hUy9MGWpdEutRLYx+IrARZdjuyai4yylVcSL1D9q8IYtFDSbr6Vskmm2KADtTeETz0yw5r5NwmpVShBCvOhOmy2rwn5Ikg0KknEj8omNN1z9JOzmFNqe2S6o47WZA/GLLlhLSrTdKUCYZGCic6fiYEAwDFAYKOHuFZGHE1hxqtQRhD0igOa4Jq8m8UnLDhCWkONBSHF0IwNfbGCySeuc8qCPBELTtLURTjT1YZl2mzspArmYCggZwXuEFSSMYdlZZ3rNgxL2fKyxOqaSmpqaCG6IyhBqKHEQ/Z8m6CdSlKuKdg/ZiZsJtxJAdN3grERZ1ls2W7rPBL6stak6w/wApHzRKWhKTKglDoKhmk4HuVjDB2FZ/d6IvQkwDFYK4mXroqDjEvMJeaCsjv/QcjCoUIW2kjnuioZUSeotee6//AKvvg0rF/CCSIqrfBMVgHCLyYS5UwHqCFPk5QXFqOES7RpUnCFNSzpGsaSspxBIyPbEsoBtVCOBANT9I7zAWa4wkxWkFVIceAEOa6bc1TQqd53CJt5mRldWg1ohSR8pasz9GJB/wmUZdOZGPanZhRoIUCBj3wqFnCJgFxCgCbxGCicEw3V1pKtYcUbwDj3QpBx2vsiDXGl36sFCuCM+ByiiuCM+eXfFDhsozxzy74xw97b55/nG3QVbb55/ZxhJWKbLeWOBxi+5hstc9nMxVw7m6ebSsNNub3E1p8QZxR0Cmu3UGyIAKEqUF3yEKwIAr50NPX2esCKqGyKAcoC4SqC6BA1jvi0k890LaabqZh2tMbqf5jE3a6GUlqWbTjuH8x3xNTa3FFxxV5RwHD6PsY0bWVWW2T5Rf3w51DvjWLA2DUcIU+3++1Q8sIK5Q5lQ+eHESix404cRWGG2W71ZqqSagXcoIYOT3ogNsn+OO6NU35dHdGpR5dEahJGDzfpgSpP8AFb74Mo7uU2fpQJJ75HzKjwF/clP1hAk5nyfpECVmkDxJPdAl51S8JdfdDstOqZWlMotdRShgSU+UBK0Y7yohMJlFp67zaew3oKZZoEreUoDE7hDlq2dLVCQkkdqzD9vPu4NpNOf+nuh6bW5TWulQ3U380+nLuh6awIFKb+Ht20har6qk1jR5st2RLVFCq8r6xhQqkiFKzguHcYLnEDuhTgp4sRfQD4sd5gOI3tjvMFTNPFnvi818U98AtcFd8DU8Fd4j3niv0R7z5RfcIBbGTq+7/OC5wfV3QHV7n/QYDzv/ABA9MIfWygKcdKq9VKTnDtqzFMLtM8/bDnvhdpzRwvJG7q4/35d8Lnpk5vkDPZ/C7n8niYU6CQSSTxrX+/4mC7gLooN1Me7j99amFu17Pb2xxzMOOVrj7e3GFHhnlE9pO29abVi2TSZnlLCXSjFDA31PHlFmtLZkWG19YISD+i1ZW0pdwzEklLqDi4wo0rzQdxhWkUo0bs409Kr4PNkD66bw9MItmzHvFzjCvNcH5wJplfVcr2YwXEnj3QHaDOA8Mr0B0cRAc5iL3CkX+yK8hF/kIv8AKL/Iw0LywMYff1iyRlkAeHtuhx0nf7e3dC1k1x9vbfnCnMc+ft+YgmuHGFL55+n84efaabLi1BKQMVKNB3/nFs9J+jFmqUzLPqtCaGAZkxrseBX1BDLHSb0guBpmXNkWarAhBIcUjm5n8wpGgfRpZWh0ukpSHJmmKyPcOSzLoIW2DE1otYc3XXSLC/ObBh3o50VdNf1ayk/JFz1YPRno3+4y4jzX3R6q4HRrY46j06jzZt/+uP8ADyWT4u1LTT2Tbh9YwdAnx4u3rVT/AOcH1hB0ItpHi9JbQHnBpfrNx+yOlTfU0kcPnyrB9UJhWj2nLXi7XknB/wBSTp6riY/V/SE2OtZDn0H0fiqFJ0/bONnWW55r7qPWQqPCtNE9ewGFf9uc/qbg2npQjraMvHzZpo/0wxb000w8qdsiclVYJRsh6o3+JKvTSF6SyINCmYHaw5+UOaTyVCQiZVyEu4fwhWkyVmjdnWivHdKuAfahdu205/s2jdpOmlReS2zU/SXC3ekeawlNGJdkEjampyvobQqP2K6WLVwmLckLOQcxKS99f13iqJfoDk5xYd0gtq0bUVWpD7xufUyiw+jfROwUpEnZrKSN90Ew0wyykBtISOQ+HpF0cIuI4CNWj4ogstn9wQZVg5tiPBJfyYjwVjyY7oDLIySO6AhIyA/5b//EACARAAMAAQQCAwAAAAAAAAAAAAACEhATICIwAxFAQnD/2gAIAQIBAT8A/N5JJ62KKwzGqq8WKF3tis6C66eVvoNyase2F2t0rv4HA4kkkk5ooXtn53//xAAlEQAABAQFBQAAAAAAAAAAAAAAAgMSBBARIgEFIDBAEzIzcJL/2gAIAQMBAT8A9btk0U2sAW0WhxB3BODiVkjrJoqHITyCmwWTZwudxMJlq8CTpsW+w6VuovAu2WhoNJwqKiorrdzv/9k=','10');
/*!40000 ALTER TABLE `items` ENABLE KEYS */;
UNLOCK TABLES;

--
-- Table structure for table `orders`
--

DROP TABLE IF EXISTS `orders`;
/*!40101 SET @saved_cs_client     = @@character_set_client */;
/*!50503 SET character_set_client = utf8mb4 */;
CREATE TABLE `orders` (
  `order_id` int NOT NULL AUTO_INCREMENT,
  `user_id` int NOT NULL,
  PRIMARY KEY (`order_id`)
) ENGINE=InnoDB AUTO_INCREMENT=77 DEFAULT CHARSET=utf8mb4 COLLATE=utf8mb4_0900_ai_ci;
/*!40101 SET character_set_client = @saved_cs_client */;

--
-- Dumping data for table `orders`
--

LOCK TABLES `orders` WRITE;
/*!40000 ALTER TABLE `orders` DISABLE KEYS */;
INSERT INTO `orders` VALUES (1,1),(2,1),(3,1),(4,1),(5,1),(6,1),(7,1),(8,1),(9,1),(10,1),(11,1),(12,1),(13,1),(14,22),(15,22),(16,22),(17,22),(18,22),(19,22),(20,22),(21,22),(22,22),(23,22),(24,22),(25,22),(26,22),(27,22),(28,22),(29,22),(30,22),(31,22),(32,22),(33,22),(34,22),(35,22),(36,22),(37,22),(38,22),(39,22),(40,22),(41,22),(42,22),(43,22),(44,22),(45,22),(46,22),(47,22),(48,22),(49,22),(50,22),(51,22),(52,22),(53,22),(54,22),(55,22),(56,1),(57,1),(58,1),(59,1),(60,1),(61,23),(62,23),(63,23),(64,23),(65,23),(66,23),(67,23),(68,23),(69,23),(70,23),(71,23),(72,23),(73,24),(74,25),(75,24),(76,32);
/*!40000 ALTER TABLE `orders` ENABLE KEYS */;
UNLOCK TABLES;

--
-- Table structure for table `orders_items`
--

DROP TABLE IF EXISTS `orders_items`;
/*!40101 SET @saved_cs_client     = @@character_set_client */;
/*!50503 SET character_set_client = utf8mb4 */;
CREATE TABLE `orders_items` (
  `order_id` int NOT NULL,
  `item_id` int NOT NULL,
  `item_size` int NOT NULL,
  `item_quantity` int NOT NULL,
  KEY `item_id` (`item_id`),
  CONSTRAINT `orders_items_ibfk_1` FOREIGN KEY (`item_id`) REFERENCES `items` (`item_id`) ON DELETE CASCADE
) ENGINE=InnoDB DEFAULT CHARSET=utf8mb4 COLLATE=utf8mb4_0900_ai_ci;
/*!40101 SET character_set_client = @saved_cs_client */;

--
-- Dumping data for table `orders_items`
--

LOCK TABLES `orders_items` WRITE;
/*!40000 ALTER TABLE `orders_items` DISABLE KEYS */;
/*!40000 ALTER TABLE `orders_items` ENABLE KEYS */;
UNLOCK TABLES;

--
-- Table structure for table `sizes`
--

DROP TABLE IF EXISTS `sizes`;
/*!40101 SET @saved_cs_client     = @@character_set_client */;
/*!50503 SET character_set_client = utf8mb4 */;
CREATE TABLE `sizes` (
  `size_id` int NOT NULL,
  `size_value` int NOT NULL
) ENGINE=InnoDB DEFAULT CHARSET=utf8mb4 COLLATE=utf8mb4_0900_ai_ci;
/*!40101 SET character_set_client = @saved_cs_client */;

--
-- Dumping data for table `sizes`
--

LOCK TABLES `sizes` WRITE;
/*!40000 ALTER TABLE `sizes` DISABLE KEYS */;
INSERT INTO `sizes` VALUES (0,29),(0,30),(0,31),(0,32),(0,33),(0,34),(0,35),(0,36),(1,6),(1,8),(1,10),(1,12),(1,14),(1,16),(1,18),(1,120);
/*!40000 ALTER TABLE `sizes` ENABLE KEYS */;
UNLOCK TABLES;

--
-- Table structure for table `sizes_by_category`
--

DROP TABLE IF EXISTS `sizes_by_category`;
/*!40101 SET @saved_cs_client     = @@character_set_client */;
/*!50503 SET character_set_client = utf8mb4 */;
CREATE TABLE `sizes_by_category` (
  `category_id` int NOT NULL,
  `size_id` int NOT NULL
) ENGINE=InnoDB DEFAULT CHARSET=utf8mb4 COLLATE=utf8mb4_0900_ai_ci;
/*!40101 SET character_set_client = @saved_cs_client */;

--
-- Dumping data for table `sizes_by_category`
--

LOCK TABLES `sizes_by_category` WRITE;
/*!40000 ALTER TABLE `sizes_by_category` DISABLE KEYS */;
INSERT INTO `sizes_by_category` VALUES (1,1),(2,0),(3,1),(4,1),(5,1);
/*!40000 ALTER TABLE `sizes_by_category` ENABLE KEYS */;
UNLOCK TABLES;

--
-- Table structure for table `stock`
--

DROP TABLE IF EXISTS `stock`;
/*!40101 SET @saved_cs_client     = @@character_set_client */;
/*!50503 SET character_set_client = utf8mb4 */;
CREATE TABLE `stock` (
  `item_id` int NOT NULL,
  `item_size` int NOT NULL,
  `item_quantity_in_stock` int NOT NULL,
  KEY `item_id` (`item_id`),
  CONSTRAINT `stock_ibfk_1` FOREIGN KEY (`item_id`) REFERENCES `items` (`item_id`) ON DELETE CASCADE
) ENGINE=InnoDB DEFAULT CHARSET=utf8mb4 COLLATE=utf8mb4_0900_ai_ci;
/*!40101 SET character_set_client = @saved_cs_client */;

--
-- Dumping data for table `stock`
--

LOCK TABLES `stock` WRITE;
/*!40000 ALTER TABLE `stock` DISABLE KEYS */;
INSERT INTO `stock` VALUES (18,12,0),(18,16,5),(18,18,0),(18,120,6),(18,6,0),(18,8,0),(18,14,20),(18,10,0),(21,6,2),(21,8,4),(21,10,0),(21,12,7),(21,14,5),(21,16,0),(21,18,4),(21,120,3),(22,6,2),(22,8,4),(22,10,0),(22,12,0),(22,14,0),(22,16,0),(22,120,7),(22,18,0),(23,6,2),(23,8,4),(23,10,0),(23,12,7),(23,14,5),(23,16,0),(23,18,4),(23,120,3),(24,120,3),(24,6,2),(24,8,4),(24,10,0),(24,14,5),(24,12,7),(24,16,0),(24,18,4),(25,6,2),(25,8,100),(25,10,0),(25,12,7),(25,14,55),(25,16,0),(25,18,4),(25,120,3),(26,6,2),(26,8,100),(26,10,0),(26,12,7),(26,16,0),(26,14,5),(26,18,4),(26,120,3),(27,6,2),(27,8,100),(27,10,0),(27,12,7),(27,14,5),(27,16,0),(27,18,4),(27,120,3),(28,12,7),(28,8,4),(28,6,2),(28,10,0),(28,14,5),(28,16,0),(28,18,4),(28,120,3),(29,6,2),(29,8,4),(29,10,0),(29,18,4),(29,14,5),(29,12,7),(29,16,0),(29,120,3),(31,6,2),(31,12,7),(31,14,5),(31,16,0),(31,120,3),(31,18,4),(31,8,4),(31,10,0),(32,6,2),(32,8,4),(32,10,0),(32,12,7),(32,14,5),(32,18,4),(32,16,0),(32,120,3),(33,8,4),(33,6,2),(33,10,0),(33,12,7),(33,14,5),(33,16,3),(33,18,4),(33,120,3),(34,6,2),(34,8,4),(34,10,0),(34,12,7),(34,14,5),(34,16,0),(34,18,4),(34,120,3),(35,6,2),(35,8,4),(35,10,0),(35,16,0),(35,12,7),(35,14,5),(35,120,3),(35,18,4),(36,6,2),(36,8,4),(36,10,4),(36,12,7),(36,14,5),(36,16,0),(36,18,0),(36,120,3),(37,6,2),(37,8,4),(37,10,0),(37,14,5),(37,12,7),(37,16,3),(37,120,3),(37,18,4),(38,6,2),(38,8,4),(38,10,0),(38,12,7),(38,14,5),(38,18,4),(38,16,0),(38,120,3),(39,6,2),(39,8,4),(39,10,0),(39,14,5),(39,18,4),(39,16,3),(39,12,7),(39,120,3),(40,6,2),(40,8,100),(40,10,0),(40,14,5),(40,12,7),(40,16,0),(40,120,3),(40,18,4),(41,29,6),(41,30,44),(41,31,100),(41,32,87),(41,33,33),(41,34,0),(41,36,0),(41,35,0),(42,29,6),(42,30,44),(42,31,100),(42,32,87),(42,33,33),(42,34,0),(42,36,0),(42,35,0),(43,29,6),(43,30,44),(43,31,100),(43,32,87),(43,33,33),(43,34,0),(43,36,0),(43,35,0),(44,29,6),(44,30,44),(44,31,100),(44,34,0),(44,35,0),(44,32,87),(44,36,0),(44,33,33),(45,29,6),(45,30,44),(45,31,100),(45,32,87),(45,35,0),(45,34,0),(45,33,33),(45,36,0),(46,29,6),(46,30,44),(46,31,100),(46,32,87),(46,33,33),(46,34,0),(46,35,0),(46,36,0),(47,6,2),(47,8,4),(47,10,0),(47,12,7),(47,18,4),(47,14,5),(47,120,0),(47,16,0),(48,29,6),(48,30,44),(48,31,100),(48,32,87),(48,33,33),(48,34,0),(48,35,0),(48,36,0),(49,29,6),(49,30,44),(49,31,100),(49,32,87),(49,34,0),(49,33,33),(49,35,0),(49,36,0),(50,30,44),(50,29,6),(50,31,100),(50,32,87),(50,35,0),(50,33,33),(50,34,0),(50,36,0),(51,29,6),(51,30,44),(51,31,100),(51,32,87),(51,33,33),(51,34,0),(51,35,0),(51,36,0);
/*!40000 ALTER TABLE `stock` ENABLE KEYS */;
UNLOCK TABLES;

--
-- Table structure for table `users`
--

DROP TABLE IF EXISTS `users`;
/*!40101 SET @saved_cs_client     = @@character_set_client */;
/*!50503 SET character_set_client = utf8mb4 */;
CREATE TABLE `users` (
  `user_id` int NOT NULL AUTO_INCREMENT,
  `user_name` varchar(50) CHARACTER SET utf8mb3 COLLATE utf8_general_ci NOT NULL,
  `user_password` int NOT NULL,
  `user_email` varchar(50) CHARACTER SET utf8mb3 COLLATE utf8_general_ci NOT NULL,
  `user_status` varchar(50) NOT NULL DEFAULT 'customer',
  PRIMARY KEY (`user_id`)
) ENGINE=InnoDB AUTO_INCREMENT=33 DEFAULT CHARSET=utf8mb4 COLLATE=utf8mb4_0900_ai_ci;
/*!40101 SET character_set_client = @saved_cs_client */;

--
-- Dumping data for table `users`
--

LOCK TABLES `users` WRITE;
/*!40000 ALTER TABLE `users` DISABLE KEYS */;
INSERT INTO `users` VALUES (1,'shira',324844406,'shirass321@gmail.com','manager'),(5,'e',324844406,'shira','customer'),(6,'rrrrr',324844406,'shira','customer'),(7,'sss',32,'shira','customer'),(8,'jjjj',324844406,'shira','customer'),(9,'i',324844406,'shira','customer'),(10,'f',324844406,'shira','customer'),(11,'a',324844406,'shira','customer'),(12,'jkjkj',324844406,'shira','customer'),(13,'hjhj',324844406,'shira','customer'),(14,'yuyu',324844406,'shira','customer'),(15,'ngmky',324844406,'shira','customer'),(16,'kkkk',324844406,'shira','customer'),(17,'dddd',324844406,'shira','customer'),(18,'sss',324844406,'shira','customer'),(19,'ttttttttt',324844406,'shira','customer'),(20,'debbie',324844406,'shira','customer'),(21,'sadafza',324844406,'shira','customer'),(22,'sarale222',1,'s','customer'),(23,'shira',1,'shirass321@gmail.com','customer'),(24,'',1,'shirass321@gmail.com','customer'),(25,'RS',12,'RONITS222@GMAIL.COM','customer'),(26,'ET',3343,'shirass321@gmail.com','customer'),(27,'abc',1,'shirass321@gmail.com','customer'),(28,'dg',2,'shira@gmail.com','customer'),(29,'Bret',1,'shirass321@gmail.com','customer'),(30,'sg',35,'b@gmail.com','customer'),(31,'Bret',23,'b@gmail.com','customer'),(32,'shira',1234,'shirass321@gmail.com','customer');
/*!40000 ALTER TABLE `users` ENABLE KEYS */;
UNLOCK TABLES;
/*!40103 SET TIME_ZONE=@OLD_TIME_ZONE */;

/*!40101 SET SQL_MODE=@OLD_SQL_MODE */;
/*!40014 SET FOREIGN_KEY_CHECKS=@OLD_FOREIGN_KEY_CHECKS */;
/*!40014 SET UNIQUE_CHECKS=@OLD_UNIQUE_CHECKS */;
/*!40101 SET CHARACTER_SET_CLIENT=@OLD_CHARACTER_SET_CLIENT */;
/*!40101 SET CHARACTER_SET_RESULTS=@OLD_CHARACTER_SET_RESULTS */;
/*!40101 SET COLLATION_CONNECTION=@OLD_COLLATION_CONNECTION */;
/*!40111 SET SQL_NOTES=@OLD_SQL_NOTES */;

-- Dump completed on 2022-08-02 16:30:09
